--
-- PostgreSQL database dump
--

-- Dumped from database version 15.12 (Debian 15.12-1.pgdg120+1)
-- Dumped by pg_dump version 15.12 (Debian 15.12-1.pgdg120+1)

SET statement_timeout = 0;
SET lock_timeout = 0;
SET idle_in_transaction_session_timeout = 0;
SET client_encoding = 'UTF8';
SET standard_conforming_strings = on;
SELECT pg_catalog.set_config('search_path', '', false);
SET check_function_bodies = false;
SET xmloption = content;
SET client_min_messages = warning;
SET row_security = off;

--
-- Data for Name: alembic_version; Type: TABLE DATA; Schema: public; Owner: postgres
--

INSERT INTO public.alembic_version VALUES ('9eced4ec6e0a');


--
-- Data for Name: category; Type: TABLE DATA; Schema: public; Owner: postgres
--

INSERT INTO public.category VALUES ('7339d82c-481d-4d30-b1e9-20d0ef3facda', 'Electronics', 'Smartphones, watches etc', 'ACTIVE', 'electronics', NULL, '2025-05-17 17:46:35.190509+00', '2025-05-17 17:46:35.190509+00');
INSERT INTO public.category VALUES ('7a89015b-8481-4f45-88fb-a0b7aadaa562', 'Smart Watches', 'smart watches', 'ACTIVE', 'smart_watches', '7339d82c-481d-4d30-b1e9-20d0ef3facda', '2025-05-17 21:23:00.158002+00', '2025-05-17 21:23:00.158002+00');
INSERT INTO public.category VALUES ('97243673-94fa-4ac1-8869-d20b1e449aa8', 'Apple', 'Apple', 'ACTIVE', 'smart_watches_apple', '7a89015b-8481-4f45-88fb-a0b7aadaa562', '2025-05-17 21:33:49.338515+00', '2025-05-17 21:33:49.338515+00');
INSERT INTO public.category VALUES ('a613e2ec-0791-4dc5-ac60-b7f0ef901548', 'Tablets', 'Tablets', 'ACTIVE', 'tablets', '7339d82c-481d-4d30-b1e9-20d0ef3facda', '2025-05-17 21:56:23.738872+00', '2025-05-17 21:56:23.738872+00');
INSERT INTO public.category VALUES ('01528009-307e-43d8-a271-6ffa79da3190', 'IPad', 'Apple Ipads', 'ACTIVE', 'apple-ipads', 'a613e2ec-0791-4dc5-ac60-b7f0ef901548', '2025-05-17 21:56:58.469738+00', '2025-05-17 21:56:58.469738+00');
INSERT INTO public.category VALUES ('9efcbc0c-a560-4797-b2d9-710998ed46d7', 'Smart Phones', 'Smart phones', 'ACTIVE', 'smart-phones', '7339d82c-481d-4d30-b1e9-20d0ef3facda', '2025-05-17 22:13:12.459507+00', '2025-05-17 22:13:12.459507+00');
INSERT INTO public.category VALUES ('8da52607-9e41-41e4-8d5d-c4d10f653168', 'Samsung galaxy', 'Samsung galaxy phones', 'ACTIVE', 'samasung-galaxy', '9efcbc0c-a560-4797-b2d9-710998ed46d7', '2025-05-17 22:15:10.2115+00', '2025-05-17 22:15:10.2115+00');


--
-- Data for Name: users; Type: TABLE DATA; Schema: public; Owner: postgres
--

INSERT INTO public.users VALUES ('40948158-1924-40b2-b458-2450a076ebf3', 'haris@gmail.com', '$2b$12$/Y0Pfr/pFVku0iH/xaEeyeU/eR.SJoZk5OgZ1XbtBlhz0ZjUbNCAe', 'harisiqbal', 'Haris Iqbal', NULL, 'ACTIVE', '2025-05-17 14:34:28.985808+00', '2025-05-17 14:34:28.985808+00');


--
-- Data for Name: product; Type: TABLE DATA; Schema: public; Owner: postgres
--

INSERT INTO public.product VALUES ('698478d4-860a-4179-a9f2-d8d8df663fbe', 'Iphone 13 latest', 'iphone 13 is an apple device', 'iphone-13', 1900.0000, 1000.0000, NULL, 'ACTIVE', '40948158-1924-40b2-b458-2450a076ebf3', '7339d82c-481d-4d30-b1e9-20d0ef3facda', '2025-05-17 19:11:10.832805+00', '2025-05-17 20:57:14.238676+00');
INSERT INTO public.product VALUES ('ae5a5450-4e70-4016-a898-e71722f11f08', 'Iphone 12', 'iphone 12 is an apple device', 'iphone-12', 1900.0000, 1000.0000, NULL, 'ACTIVE', '40948158-1924-40b2-b458-2450a076ebf3', '7339d82c-481d-4d30-b1e9-20d0ef3facda', '2025-05-17 18:33:06.519027+00', '2025-05-17 21:03:23.607537+00');
INSERT INTO public.product VALUES ('865123c6-13b6-421f-bc1c-6e1660faab0e', 'Watch Series 10 [GPS 42mm case] Smartwatch with Silver Aluminium Case with Denim Sport Band - S/M. Fitness Tracker, ECG App, Always-On Retina Display, Water Resistant', 'WHY APPLE WATCH SERIES 10 — Bigger display with up to 30 percent more screen area.* A thinner, lighter, and more comfortable design.* Advanced health and fitness features provide invaluable insights.* Safety features connect you to help when you need it.* Faster charging gives you 80 percent battery in about 30 minutes.*', 'apple-watch-001', 329.5000, 255.0000, NULL, 'ACTIVE', '40948158-1924-40b2-b458-2450a076ebf3', '97243673-94fa-4ac1-8869-d20b1e449aa8', '2025-05-17 21:50:12.289599+00', '2025-05-17 21:50:12.289599+00');
INSERT INTO public.product VALUES ('6d22c791-82e0-4499-8bd1-b70d34cb6785', 'Watch SE (2nd Gen) [GPS 40mm] Smartwatch with Starlight Aluminum Case with Starlight Sport Band S/M. Fitness & Sleep Tracker, Crash Detection, Heart Rate Monitor', 'WHY APPLE WATCH SERIES 10 — Bigger display with up to 30 percent more screen area.* A thinner, lighter, and more comfortable design.* Advanced health and fitness features provide invaluable insights.* Safety features connect you to help when you need it.* Faster charging gives you 80 percent battery in about 30 minutes.*', 'apple-watch-002', 329.5000, 255.0000, NULL, 'ACTIVE', '40948158-1924-40b2-b458-2450a076ebf3', '97243673-94fa-4ac1-8869-d20b1e449aa8', '2025-05-17 21:50:29.286928+00', '2025-05-17 21:50:29.286928+00');
INSERT INTO public.product VALUES ('90164f45-d10f-4fb1-98cf-f4906abc59fb', 'Watch SE (2nd Gen) [GPS 44mm] Smartwatch with Midnight Aluminum Case with Midnight Sport Band M/L. Fitness & Sleep Tracker, Crash Detection, Heart Rate Monitor', 'WHY APPLE WATCH SERIES 10 — Bigger display with up to 30 percent more screen area.* A thinner, lighter, and more comfortable design.* Advanced health and fitness features provide invaluable insights.* Safety features connect you to help when you need it.* Faster charging gives you 80 percent battery in about 30 minutes.*', 'apple-watch-003', 380.5000, 255.0000, NULL, 'ACTIVE', '40948158-1924-40b2-b458-2450a076ebf3', '97243673-94fa-4ac1-8869-d20b1e449aa8', '2025-05-17 21:50:46.047437+00', '2025-05-17 21:50:46.047437+00');
INSERT INTO public.product VALUES ('dbb34f5b-989d-494f-9a24-43441590945b', 'Apple Watch SE (2nd Gen) (GPS + Cellular, 44mm) - Starlight Aluminum Case with Starlight Sport Band, S/M (Renewed)', 'WHY APPLE WATCH SERIES 10 — Bigger display with up to 30 percent more screen area.* A thinner, lighter, and more comfortable design.* Advanced health and fitness features provide invaluable insights.* Safety features connect you to help when you need it.* Faster charging gives you 80 percent battery in about 30 minutes.*', 'apple-watch-004', 199.9900, 100.0000, NULL, 'ACTIVE', '40948158-1924-40b2-b458-2450a076ebf3', '97243673-94fa-4ac1-8869-d20b1e449aa8', '2025-05-17 21:51:08.967762+00', '2025-05-17 21:51:08.967762+00');
INSERT INTO public.product VALUES ('63b36207-8233-43ea-a03c-cd86b177b08e', 'Watch Series 9 [GPS + Cellular 45mm] Smartwatch with Graphite Stainless Steel Case with Graphite Milanese Loop. with AppleCare+ (2 Years)', 'WHY APPLE WATCH SERIES 10 — Bigger display with up to 30 percent more screen area.* A thinner, lighter, and more comfortable design.* Advanced health and fitness features provide invaluable insights.* Safety features connect you to help when you need it.* Faster charging gives you 80 percent battery in about 30 minutes.*', 'apple-watch-005', 199.9900, 100.0000, NULL, 'ACTIVE', '40948158-1924-40b2-b458-2450a076ebf3', '97243673-94fa-4ac1-8869-d20b1e449aa8', '2025-05-17 21:51:21.254103+00', '2025-05-17 21:51:21.254103+00');
INSERT INTO public.product VALUES ('a709e296-048f-4989-9856-5259d21b413a', 'Watch Series 9 [GPS 41mm] Smartwatch with Midnight Aluminum Case with Midnight Sport Loop. Fitness Tracker, Blood Oxygen & ECG Apps, Always-On Retina Display, Carbon Neutral', 'WHY APPLE WATCH SERIES 10 — Bigger display with up to 30 percent more screen area.* A thinner, lighter, and more comfortable design.* Advanced health and fitness features provide invaluable insights.* Safety features connect you to help when you need it.* Faster charging gives you 80 percent battery in about 30 minutes.*', 'apple-watch-006', 289.8000, 200.0000, NULL, 'ACTIVE', '40948158-1924-40b2-b458-2450a076ebf3', '97243673-94fa-4ac1-8869-d20b1e449aa8', '2025-05-17 21:51:42.080144+00', '2025-05-17 21:51:42.080144+00');
INSERT INTO public.product VALUES ('a2931173-e6ed-4235-8272-acfb4e0b773c', 'Watch Series 9 GPS 41mm Midnight Aluminum Case with Midnight Sport Band - S/M (2023)', 'WHY APPLE WATCH SERIES 10 — Bigger display with up to 30 percent more screen area.* A thinner, lighter, and more comfortable design.* Advanced health and fitness features provide invaluable insights.* Safety features connect you to help when you need it.* Faster charging gives you 80 percent battery in about 30 minutes.*', 'apple-watch-007', 220.1100, 200.0000, NULL, 'ACTIVE', '40948158-1924-40b2-b458-2450a076ebf3', '97243673-94fa-4ac1-8869-d20b1e449aa8', '2025-05-17 21:51:58.891441+00', '2025-05-17 21:51:58.891441+00');
INSERT INTO public.product VALUES ('8e1561a3-d0e2-47c9-9b96-0fe3cad3ad3b', 'Watch Series 9 [GPS 41mm] Smartwatch with (Product) RED Aluminum Case with (Product) RED Sport Band M/L. Fitness Tracker, Blood Oxygen & ECG Apps, Always-On Retina Display', 'WHY APPLE WATCH SERIES 10 — Bigger display with up to 30 percent more screen area.* A thinner, lighter, and more comfortable design.* Advanced health and fitness features provide invaluable insights.* Safety features connect you to help when you need it.* Faster charging gives you 80 percent battery in about 30 minutes.*', 'apple-watch-008', 199.8000, 100.0000, NULL, 'ACTIVE', '40948158-1924-40b2-b458-2450a076ebf3', '97243673-94fa-4ac1-8869-d20b1e449aa8', '2025-05-17 21:52:36.565295+00', '2025-05-17 21:52:36.565295+00');
INSERT INTO public.product VALUES ('4159e128-3628-451e-a6d9-f2dcf54c8bda', 'Watch Series 9 [GPS 45mm] Smartwatch with Starlight Aluminum Case with Starlight Sport Loop One Size. with AppleCare+ (2 Years)', 'WHY APPLE WATCH SERIES 10 — Bigger display with up to 30 percent more screen area.* A thinner, lighter, and more comfortable design.* Advanced health and fitness features provide invaluable insights.* Safety features connect you to help when you need it.* Faster charging gives you 80 percent battery in about 30 minutes.*', 'apple-watch-009', 590.8000, 429.0000, NULL, 'ACTIVE', '40948158-1924-40b2-b458-2450a076ebf3', '97243673-94fa-4ac1-8869-d20b1e449aa8', '2025-05-17 21:53:18.209636+00', '2025-05-17 21:53:18.209636+00');
INSERT INTO public.product VALUES ('edf17696-0ffe-4a98-86cd-9d52a57a6fe0', 'Watch SE (2nd Gen) [GPS + Cellular 44mm] Smartwatch with Midnight Aluminum Case with Midnight Sport Band M/L. Fitness & Sleep Tracker, Crash Detection, Heart Rate Monitor', 'WHY APPLE WATCH SERIES 10 — Bigger display with up to 30 percent more screen area.* A thinner, lighter, and more comfortable design.* Advanced health and fitness features provide invaluable insights.* Safety features connect you to help when you need it.* Faster charging gives you 80 percent battery in about 30 minutes.*', 'apple-watch-010', 590.8000, 429.0000, NULL, 'ACTIVE', '40948158-1924-40b2-b458-2450a076ebf3', '97243673-94fa-4ac1-8869-d20b1e449aa8', '2025-05-17 21:53:34.330699+00', '2025-05-17 21:53:34.330699+00');
INSERT INTO public.product VALUES ('867b1faa-f897-4793-962a-59d396c8b8ac', 'Watch SE (2nd Gen) [GPS + Cellular 44mm] Smartwatch with Midnight Aluminum Case with Midnight Sport Band M/L. Fitness & Sleep Tracker, Crash Detection, Heart Rate Monitor', 'WHY APPLE WATCH SERIES 10 — Bigger display with up to 30 percent more screen area.* A thinner, lighter, and more comfortable design.* Advanced health and fitness features provide invaluable insights.* Safety features connect you to help when you need it.* Faster charging gives you 80 percent battery in about 30 minutes.*', 'apple-watch-011', 590.8000, 429.0000, NULL, 'ACTIVE', '40948158-1924-40b2-b458-2450a076ebf3', '97243673-94fa-4ac1-8869-d20b1e449aa8', '2025-05-17 21:53:36.889007+00', '2025-05-17 21:53:36.889007+00');
INSERT INTO public.product VALUES ('933d20c4-f185-457d-a002-be5cebf5a430', 'Watch SE (2nd Gen) [GPS + Cellular 44mm] Smartwatch with Midnight Aluminum Case with Midnight Sport Band M/L. Fitness & Sleep Tracker, Crash Detection, Heart Rate Monitor', 'WHY APPLE WATCH SERIES 10 — Bigger display with up to 30 percent more screen area.* A thinner, lighter, and more comfortable design.* Advanced health and fitness features provide invaluable insights.* Safety features connect you to help when you need it.* Faster charging gives you 80 percent battery in about 30 minutes.*', 'apple-watch-012', 590.8000, 429.0000, NULL, 'ACTIVE', '40948158-1924-40b2-b458-2450a076ebf3', '97243673-94fa-4ac1-8869-d20b1e449aa8', '2025-05-17 21:53:39.346519+00', '2025-05-17 21:53:39.346519+00');
INSERT INTO public.product VALUES ('3f8c087e-f2d4-4da9-be63-be11088995b5', 'iPad 11-inch: A14 chip, 11-inch Model, Liquid Retina Display, 128GB, Wi-Fi, Front/Back Camera, Touch ID, All-Day Battery Life — Gold', 'Apple ipad product 3', 'apple-ipads-03', 940.0000, 712.0000, NULL, 'ACTIVE', '40948158-1924-40b2-b458-2450a076ebf3', '01528009-307e-43d8-a271-6ffa79da3190', '2025-05-17 22:10:08.821695+00', '2025-05-17 22:10:08.821695+00');
INSERT INTO public.product VALUES ('b01daa78-02f0-480f-99f9-63840c682af1', 'Watch SE (2nd Gen) [GPS + Cellular 44mm] Smartwatch with Midnight Aluminum Case with Midnight Sport Band M/L. Fitness & Sleep Tracker, Crash Detection, Heart Rate Monitor', 'WHY APPLE WATCH SERIES 10 — Bigger display with up to 30 percent more screen area.* A thinner, lighter, and more comfortable design.* Advanced health and fitness features provide invaluable insights.* Safety features connect you to help when you need it.* Faster charging gives you 80 percent battery in about 30 minutes.*', 'apple-watch-013', 590.8000, 429.0000, NULL, 'ACTIVE', '40948158-1924-40b2-b458-2450a076ebf3', '97243673-94fa-4ac1-8869-d20b1e449aa8', '2025-05-17 21:53:42.104206+00', '2025-05-17 21:53:42.104206+00');
INSERT INTO public.product VALUES ('11f8b590-f11f-4464-a9c3-fc5139750006', 'Watch SE (2nd Gen) [GPS + Cellular 44mm] Smartwatch with Midnight Aluminum Case with Midnight Sport Band M/L. Fitness & Sleep Tracker, Crash Detection, Heart Rate Monitor', 'WHY APPLE WATCH SERIES 10 — Bigger display with up to 30 percent more screen area.* A thinner, lighter, and more comfortable design.* Advanced health and fitness features provide invaluable insights.* Safety features connect you to help when you need it.* Faster charging gives you 80 percent battery in about 30 minutes.*', 'apple-watch-014', 590.8000, 429.0000, NULL, 'ACTIVE', '40948158-1924-40b2-b458-2450a076ebf3', '97243673-94fa-4ac1-8869-d20b1e449aa8', '2025-05-17 21:53:44.422822+00', '2025-05-17 21:53:44.422822+00');
INSERT INTO public.product VALUES ('a395f4c8-2f38-4326-a7f9-9f8e3fe16db1', 'Watch SE (2nd Gen) [GPS + Cellular 44mm] Smartwatch with Midnight Aluminum Case with Midnight Sport Band M/L. Fitness & Sleep Tracker, Crash Detection, Heart Rate Monitor', 'WHY APPLE WATCH SERIES 10 — Bigger display with up to 30 percent more screen area.* A thinner, lighter, and more comfortable design.* Advanced health and fitness features provide invaluable insights.* Safety features connect you to help when you need it.* Faster charging gives you 80 percent battery in about 30 minutes.*', 'apple-watch-015', 520.0000, 429.0000, NULL, 'ACTIVE', '40948158-1924-40b2-b458-2450a076ebf3', '97243673-94fa-4ac1-8869-d20b1e449aa8', '2025-05-17 21:53:53.24698+00', '2025-05-17 21:53:53.24698+00');
INSERT INTO public.product VALUES ('97c48061-977c-4f2a-8d01-33fbcd15038e', 'Watch SE (2nd Gen) [GPS + Cellular 44mm] Smartwatch with Midnight Aluminum Case with Midnight Sport Band M/L. Fitness & Sleep Tracker, Crash Detection, Heart Rate Monitor', 'WHY APPLE WATCH SERIES 10 — Bigger display with up to 30 percent more screen area.* A thinner, lighter, and more comfortable design.* Advanced health and fitness features provide invaluable insights.* Safety features connect you to help when you need it.* Faster charging gives you 80 percent battery in about 30 minutes.*', 'apple-watch-016', 512.0000, 429.0000, NULL, 'ACTIVE', '40948158-1924-40b2-b458-2450a076ebf3', '97243673-94fa-4ac1-8869-d20b1e449aa8', '2025-05-17 21:54:02.689971+00', '2025-05-17 21:54:02.689971+00');
INSERT INTO public.product VALUES ('9421bfed-fb59-4280-b83a-7b6bb10c3925', 'Watch SE (2nd Gen) [GPS + Cellular 44mm] Smartwatch with Midnight Aluminum Case with Midnight Sport Band M/L. Fitness & Sleep Tracker, Crash Detection, Heart Rate Monitor', 'WHY APPLE WATCH SERIES 10 — Bigger display with up to 30 percent more screen area.* A thinner, lighter, and more comfortable design.* Advanced health and fitness features provide invaluable insights.* Safety features connect you to help when you need it.* Faster charging gives you 80 percent battery in about 30 minutes.*', 'apple-watch-017', 518.0000, 429.0000, NULL, 'ACTIVE', '40948158-1924-40b2-b458-2450a076ebf3', '97243673-94fa-4ac1-8869-d20b1e449aa8', '2025-05-17 21:54:08.210894+00', '2025-05-17 21:54:08.210894+00');
INSERT INTO public.product VALUES ('d379845c-d2e7-4406-97b8-5be95aac6970', 'Watch SE (2nd Gen) [GPS + Cellular 44mm] Smartwatch with Midnight Aluminum Case with Midnight Sport Band M/L. Fitness & Sleep Tracker, Crash Detection, Heart Rate Monitor', 'WHY APPLE WATCH SERIES 10 — Bigger display with up to 30 percent more screen area.* A thinner, lighter, and more comfortable design.* Advanced health and fitness features provide invaluable insights.* Safety features connect you to help when you need it.* Faster charging gives you 80 percent battery in about 30 minutes.*', 'apple-watch-019', 520.0000, 429.0000, NULL, 'ACTIVE', '40948158-1924-40b2-b458-2450a076ebf3', '97243673-94fa-4ac1-8869-d20b1e449aa8', '2025-05-17 21:54:13.839076+00', '2025-05-17 21:54:13.839076+00');
INSERT INTO public.product VALUES ('2049c370-f6e7-45ce-b040-b0d52495fbfe', 'Watch SE (2nd Gen) [GPS + Cellular 44mm] Smartwatch with Midnight Aluminum Case with Midnight Sport Band M/L. Fitness & Sleep Tracker, Crash Detection, Heart Rate Monitor', 'WHY APPLE WATCH SERIES 10 — Bigger display with up to 30 percent more screen area.* A thinner, lighter, and more comfortable design.* Advanced health and fitness features provide invaluable insights.* Safety features connect you to help when you need it.* Faster charging gives you 80 percent battery in about 30 minutes.*', 'apple-watch-020', 510.0000, 429.0000, NULL, 'ACTIVE', '40948158-1924-40b2-b458-2450a076ebf3', '97243673-94fa-4ac1-8869-d20b1e449aa8', '2025-05-17 21:54:20.239599+00', '2025-05-17 21:54:20.239599+00');
INSERT INTO public.product VALUES ('6e655523-a506-46ff-962d-e990cce14772', 'iPad 11-inch: A16 chip, 11-inch Model, Liquid Retina Display, 128GB, Wi-Fi 6, 12MP Front/12MP Back Camera, Touch ID, All-Day Battery Life — Silver', 'Apple ipad product 1', 'apple-ipads-01', 510.0000, 429.0000, NULL, 'ACTIVE', '40948158-1924-40b2-b458-2450a076ebf3', '01528009-307e-43d8-a271-6ffa79da3190', '2025-05-17 21:58:07.380343+00', '2025-05-17 21:58:07.380343+00');
INSERT INTO public.product VALUES ('7e57da7f-f3c2-452b-a50a-3ff753f7593c', 'iPad 12.9-inch: A14 chip, 12.9-inch Model, Liquid Retina Display, 256GB, Wi-Fi, Front/Back Camera, Touch ID, All-Day Battery Life — Gold', 'Apple ipad product 2', 'apple-ipads-02', 1580.0000, 1224.0000, NULL, 'ACTIVE', '40948158-1924-40b2-b458-2450a076ebf3', '01528009-307e-43d8-a271-6ffa79da3190', '2025-05-17 22:10:08.787234+00', '2025-05-17 22:10:08.787234+00');
INSERT INTO public.product VALUES ('44aa4b92-be6e-48b5-b0f8-c5c2c5ce0104', 'iPad 12.9-inch: M1 chip, 12.9-inch Model, Liquid Retina Display, 512GB, Wi-Fi, Front/Back Camera, Touch ID, All-Day Battery Life — Rose Gold', 'Apple ipad product 4', 'apple-ipads-04', 2860.0000, 2248.0000, NULL, 'ACTIVE', '40948158-1924-40b2-b458-2450a076ebf3', '01528009-307e-43d8-a271-6ffa79da3190', '2025-05-17 22:10:08.852599+00', '2025-05-17 22:10:08.852599+00');
INSERT INTO public.product VALUES ('5d7ecc45-6072-4a1b-af49-7e2ccc7897db', 'iPad 11-inch: A16 chip, 11-inch Model, Liquid Retina Display, 512GB, Wi-Fi+Cellular, Front/Back Camera, Touch ID, All-Day Battery Life — Space Gray', 'Apple ipad product 5', 'apple-ipads-05', 2860.0000, 2248.0000, NULL, 'ACTIVE', '40948158-1924-40b2-b458-2450a076ebf3', '01528009-307e-43d8-a271-6ffa79da3190', '2025-05-17 22:10:08.881607+00', '2025-05-17 22:10:08.881607+00');
INSERT INTO public.product VALUES ('8abeada1-69eb-42eb-bfba-bacafe08df75', 'iPad 10.2-inch: A15 chip, 10.2-inch Model, Liquid Retina Display, 128GB, Wi-Fi+Cellular, Front/Back Camera, Touch ID, All-Day Battery Life — Rose Gold', 'Apple ipad product 6', 'apple-ipads-06', 940.0000, 712.0000, NULL, 'ACTIVE', '40948158-1924-40b2-b458-2450a076ebf3', '01528009-307e-43d8-a271-6ffa79da3190', '2025-05-17 22:10:08.910749+00', '2025-05-17 22:10:08.910749+00');
INSERT INTO public.product VALUES ('d74e9ab2-f6f3-46a1-989d-9dd4fa773a00', 'iPad 9.7-inch: A15 chip, 9.7-inch Model, Liquid Retina Display, 128GB, Wi-Fi+Cellular, Front/Back Camera, Touch ID, All-Day Battery Life — Gold', 'Apple ipad product 7', 'apple-ipads-07', 940.0000, 712.0000, NULL, 'ACTIVE', '40948158-1924-40b2-b458-2450a076ebf3', '01528009-307e-43d8-a271-6ffa79da3190', '2025-05-17 22:10:08.942328+00', '2025-05-17 22:10:08.942328+00');
INSERT INTO public.product VALUES ('12fbea2a-4f27-4252-acf5-3a427e01bb29', 'iPad 12.9-inch: A12 chip, 12.9-inch Model, Liquid Retina Display, 512GB, Wi-Fi, Front/Back Camera, Touch ID, All-Day Battery Life — Gold', 'Apple ipad product 8', 'apple-ipads-08', 2860.0000, 2248.0000, NULL, 'ACTIVE', '40948158-1924-40b2-b458-2450a076ebf3', '01528009-307e-43d8-a271-6ffa79da3190', '2025-05-17 22:10:08.9684+00', '2025-05-17 22:10:08.9684+00');
INSERT INTO public.product VALUES ('be04cd83-60db-49ef-b1fa-ca90a0faa9de', 'iPad 10.5-inch: A14 chip, 10.5-inch Model, Liquid Retina Display, 512GB, Wi-Fi, Front/Back Camera, Touch ID, All-Day Battery Life — Rose Gold', 'Apple ipad product 9', 'apple-ipads-09', 2860.0000, 2248.0000, NULL, 'ACTIVE', '40948158-1924-40b2-b458-2450a076ebf3', '01528009-307e-43d8-a271-6ffa79da3190', '2025-05-17 22:10:08.99676+00', '2025-05-17 22:10:08.99676+00');
INSERT INTO public.product VALUES ('bc585635-8f5d-4aef-857c-a3f43d9f9aad', 'iPad 9.7-inch: A14 chip, 9.7-inch Model, Liquid Retina Display, 512GB, Wi-Fi, Front/Back Camera, Touch ID, All-Day Battery Life — Silver', 'Apple ipad product 10', 'apple-ipads-10', 2860.0000, 2248.0000, NULL, 'ACTIVE', '40948158-1924-40b2-b458-2450a076ebf3', '01528009-307e-43d8-a271-6ffa79da3190', '2025-05-17 22:10:09.02443+00', '2025-05-17 22:10:09.02443+00');
INSERT INTO public.product VALUES ('71e9da70-6b2e-4d8e-90db-e37078b20380', 'iPad 10.5-inch: A14 chip, 10.5-inch Model, Liquid Retina Display, 128GB, Wi-Fi, Front/Back Camera, Touch ID, All-Day Battery Life — Space Gray', 'Apple ipad product 11', 'apple-ipads-11', 940.0000, 712.0000, NULL, 'ACTIVE', '40948158-1924-40b2-b458-2450a076ebf3', '01528009-307e-43d8-a271-6ffa79da3190', '2025-05-17 22:10:09.052974+00', '2025-05-17 22:10:09.052974+00');
INSERT INTO public.product VALUES ('c810d437-a188-41d7-9c95-4f527eb1cf92', 'iPad 10.2-inch: M1 chip, 10.2-inch Model, Liquid Retina Display, 128GB, Wi-Fi+Cellular, Front/Back Camera, Touch ID, All-Day Battery Life — Silver', 'Apple ipad product 12', 'apple-ipads-12', 940.0000, 712.0000, NULL, 'ACTIVE', '40948158-1924-40b2-b458-2450a076ebf3', '01528009-307e-43d8-a271-6ffa79da3190', '2025-05-17 22:10:09.082453+00', '2025-05-17 22:10:09.082453+00');
INSERT INTO public.product VALUES ('5ab28f18-71bd-40ab-b26d-347930343229', 'iPad 11-inch: A12 chip, 11-inch Model, Liquid Retina Display, 256GB, Wi-Fi+Cellular, Front/Back Camera, Touch ID, All-Day Battery Life — Rose Gold', 'Apple ipad product 13', 'apple-ipads-13', 1580.0000, 1224.0000, NULL, 'ACTIVE', '40948158-1924-40b2-b458-2450a076ebf3', '01528009-307e-43d8-a271-6ffa79da3190', '2025-05-17 22:10:09.109481+00', '2025-05-17 22:10:09.109481+00');
INSERT INTO public.product VALUES ('b142fb6d-5190-4297-a226-984656097fd4', 'iPad 10.5-inch: A12 chip, 10.5-inch Model, Liquid Retina Display, 128GB, Wi-Fi+Cellular, Front/Back Camera, Touch ID, All-Day Battery Life — Gold', 'Apple ipad product 14', 'apple-ipads-14', 940.0000, 712.0000, NULL, 'ACTIVE', '40948158-1924-40b2-b458-2450a076ebf3', '01528009-307e-43d8-a271-6ffa79da3190', '2025-05-17 22:10:09.13953+00', '2025-05-17 22:10:09.13953+00');
INSERT INTO public.product VALUES ('bcd67c42-c7aa-4b13-a202-c2cbd1ba8a4e', 'iPad 10.2-inch: A16 chip, 10.2-inch Model, Liquid Retina Display, 1024GB, Wi-Fi, Front/Back Camera, Touch ID, All-Day Battery Life — Rose Gold', 'Apple ipad product 15', 'apple-ipads-15', 5420.0000, 4296.0000, NULL, 'ACTIVE', '40948158-1924-40b2-b458-2450a076ebf3', '01528009-307e-43d8-a271-6ffa79da3190', '2025-05-17 22:10:09.167231+00', '2025-05-17 22:10:09.167231+00');
INSERT INTO public.product VALUES ('fdd7f172-05a4-4cec-9282-e5e02ae5d380', 'iPad 10.2-inch: A15 chip, 10.2-inch Model, Liquid Retina Display, 256GB, Wi-Fi, Front/Back Camera, Touch ID, All-Day Battery Life — Rose Gold', 'Apple ipad product 16', 'apple-ipads-16', 1580.0000, 1224.0000, NULL, 'ACTIVE', '40948158-1924-40b2-b458-2450a076ebf3', '01528009-307e-43d8-a271-6ffa79da3190', '2025-05-17 22:10:09.194983+00', '2025-05-17 22:10:09.194983+00');
INSERT INTO public.product VALUES ('8df6fd7f-d0f9-457c-9bc8-25a7fd56e9b3', 'iPad 9.7-inch: A16 chip, 9.7-inch Model, Liquid Retina Display, 512GB, Wi-Fi, Front/Back Camera, Touch ID, All-Day Battery Life — Space Gray', 'Apple ipad product 17', 'apple-ipads-17', 2860.0000, 2248.0000, NULL, 'ACTIVE', '40948158-1924-40b2-b458-2450a076ebf3', '01528009-307e-43d8-a271-6ffa79da3190', '2025-05-17 22:10:09.222496+00', '2025-05-17 22:10:09.222496+00');
INSERT INTO public.product VALUES ('af1d3ef4-f6ef-492e-8a21-bb3db0516dc0', 'iPad 10.2-inch: M1 chip, 10.2-inch Model, Liquid Retina Display, 256GB, Wi-Fi, Front/Back Camera, Touch ID, All-Day Battery Life — Gold', 'Apple ipad product 18', 'apple-ipads-18', 1580.0000, 1224.0000, NULL, 'ACTIVE', '40948158-1924-40b2-b458-2450a076ebf3', '01528009-307e-43d8-a271-6ffa79da3190', '2025-05-17 22:10:09.249215+00', '2025-05-17 22:10:09.249215+00');
INSERT INTO public.product VALUES ('c91d3c2b-4bb2-41fb-af19-7c99774b7501', 'iPad 12.9-inch: A16 chip, 12.9-inch Model, Liquid Retina Display, 256GB, Wi-Fi, Front/Back Camera, Touch ID, All-Day Battery Life — Space Gray', 'Apple ipad product 19', 'apple-ipads-19', 1580.0000, 1224.0000, NULL, 'ACTIVE', '40948158-1924-40b2-b458-2450a076ebf3', '01528009-307e-43d8-a271-6ffa79da3190', '2025-05-17 22:10:09.274936+00', '2025-05-17 22:10:09.274936+00');
INSERT INTO public.product VALUES ('d105be25-cd72-410a-96d7-09c8f3cb76ff', 'iPad 12.9-inch: A12 chip, 12.9-inch Model, Liquid Retina Display, 128GB, Wi-Fi, Front/Back Camera, Touch ID, All-Day Battery Life — Silver', 'Apple ipad product 20', 'apple-ipads-20', 940.0000, 712.0000, NULL, 'ACTIVE', '40948158-1924-40b2-b458-2450a076ebf3', '01528009-307e-43d8-a271-6ffa79da3190', '2025-05-17 22:10:09.30318+00', '2025-05-17 22:10:09.30318+00');
INSERT INTO public.product VALUES ('28839184-8d40-43f8-b67b-9ecef59ad6c0', 'iPad 10.5-inch: A16 chip, 10.5-inch Model, Liquid Retina Display, 512GB, Wi-Fi+Cellular, Front/Back Camera, Touch ID, All-Day Battery Life — Space Gray', 'Apple ipad product 21', 'apple-ipads-21', 2860.0000, 2248.0000, NULL, 'ACTIVE', '40948158-1924-40b2-b458-2450a076ebf3', '01528009-307e-43d8-a271-6ffa79da3190', '2025-05-17 22:10:09.332673+00', '2025-05-17 22:10:09.332673+00');
INSERT INTO public.product VALUES ('c34d94aa-a9a3-4f20-a0cb-ba8216475fac', 'iPad 10.5-inch: A16 chip, 10.5-inch Model, Liquid Retina Display, 1024GB, Wi-Fi+Cellular, Front/Back Camera, Touch ID, All-Day Battery Life — Rose Gold', 'Apple ipad product 22', 'apple-ipads-22', 5420.0000, 4296.0000, NULL, 'ACTIVE', '40948158-1924-40b2-b458-2450a076ebf3', '01528009-307e-43d8-a271-6ffa79da3190', '2025-05-17 22:10:09.358556+00', '2025-05-17 22:10:09.358556+00');
INSERT INTO public.product VALUES ('03acbb74-ad86-4828-b296-8a8811222505', 'iPad 10.5-inch: A12 chip, 10.5-inch Model, Liquid Retina Display, 64GB, Wi-Fi+Cellular, Front/Back Camera, Touch ID, All-Day Battery Life — Space Gray', 'Apple ipad product 23', 'apple-ipads-23', 620.0000, 456.0000, NULL, 'ACTIVE', '40948158-1924-40b2-b458-2450a076ebf3', '01528009-307e-43d8-a271-6ffa79da3190', '2025-05-17 22:10:09.387002+00', '2025-05-17 22:10:09.387002+00');
INSERT INTO public.product VALUES ('6c5b40b6-1664-4130-b8da-81331f94f2bb', 'iPad 12.9-inch: A16 chip, 12.9-inch Model, Liquid Retina Display, 256GB, Wi-Fi+Cellular, Front/Back Camera, Touch ID, All-Day Battery Life — Rose Gold', 'Apple ipad product 24', 'apple-ipads-24', 1580.0000, 1224.0000, NULL, 'ACTIVE', '40948158-1924-40b2-b458-2450a076ebf3', '01528009-307e-43d8-a271-6ffa79da3190', '2025-05-17 22:10:09.416198+00', '2025-05-17 22:10:09.416198+00');
INSERT INTO public.product VALUES ('cca6bd3c-df0b-4248-a922-30ffe917106f', 'iPad 10.5-inch: M1 chip, 10.5-inch Model, Liquid Retina Display, 256GB, Wi-Fi, Front/Back Camera, Touch ID, All-Day Battery Life — Space Gray', 'Apple ipad product 25', 'apple-ipads-25', 1580.0000, 1224.0000, NULL, 'ACTIVE', '40948158-1924-40b2-b458-2450a076ebf3', '01528009-307e-43d8-a271-6ffa79da3190', '2025-05-17 22:10:09.444205+00', '2025-05-17 22:10:09.444205+00');
INSERT INTO public.product VALUES ('c8076eee-eee0-4940-bf23-0500c83daaed', 'iPad 10.5-inch: A12 chip, 10.5-inch Model, Liquid Retina Display, 256GB, Wi-Fi+Cellular, Front/Back Camera, Touch ID, All-Day Battery Life — Rose Gold', 'Apple ipad product 26', 'apple-ipads-26', 1580.0000, 1224.0000, NULL, 'ACTIVE', '40948158-1924-40b2-b458-2450a076ebf3', '01528009-307e-43d8-a271-6ffa79da3190', '2025-05-17 22:10:09.47358+00', '2025-05-17 22:10:09.47358+00');
INSERT INTO public.product VALUES ('c3b96668-7c72-4b47-ae85-e1d9558e4e59', 'iPad 12.9-inch: A14 chip, 12.9-inch Model, Liquid Retina Display, 64GB, Wi-Fi+Cellular, Front/Back Camera, Touch ID, All-Day Battery Life — Space Gray', 'Apple ipad product 27', 'apple-ipads-27', 620.0000, 456.0000, NULL, 'ACTIVE', '40948158-1924-40b2-b458-2450a076ebf3', '01528009-307e-43d8-a271-6ffa79da3190', '2025-05-17 22:10:09.49918+00', '2025-05-17 22:10:09.49918+00');
INSERT INTO public.product VALUES ('7e85f69f-e8af-43be-8d12-027a35bdf03e', 'iPad 10.5-inch: A15 chip, 10.5-inch Model, Liquid Retina Display, 512GB, Wi-Fi+Cellular, Front/Back Camera, Touch ID, All-Day Battery Life — Silver', 'Apple ipad product 28', 'apple-ipads-28', 2860.0000, 2248.0000, NULL, 'ACTIVE', '40948158-1924-40b2-b458-2450a076ebf3', '01528009-307e-43d8-a271-6ffa79da3190', '2025-05-17 22:10:09.527428+00', '2025-05-17 22:10:09.527428+00');
INSERT INTO public.product VALUES ('75f24dee-aa83-45dd-8ea6-e52600a754b2', 'iPad 10.2-inch: A15 chip, 10.2-inch Model, Liquid Retina Display, 64GB, Wi-Fi+Cellular, Front/Back Camera, Touch ID, All-Day Battery Life — Space Gray', 'Apple ipad product 29', 'apple-ipads-29', 620.0000, 456.0000, NULL, 'ACTIVE', '40948158-1924-40b2-b458-2450a076ebf3', '01528009-307e-43d8-a271-6ffa79da3190', '2025-05-17 22:10:09.55565+00', '2025-05-17 22:10:09.55565+00');
INSERT INTO public.product VALUES ('a49044f7-5ce6-4698-b272-4a865e339fbd', 'iPad 10.2-inch: A15 chip, 10.2-inch Model, Liquid Retina Display, 256GB, Wi-Fi+Cellular, Front/Back Camera, Touch ID, All-Day Battery Life — Gold', 'Apple ipad product 30', 'apple-ipads-30', 1580.0000, 1224.0000, NULL, 'ACTIVE', '40948158-1924-40b2-b458-2450a076ebf3', '01528009-307e-43d8-a271-6ffa79da3190', '2025-05-17 22:10:09.586+00', '2025-05-17 22:10:09.586+00');
INSERT INTO public.product VALUES ('e0574782-e32d-4bfb-ab7c-21618bd17ede', 'iPad 9.7-inch: M1 chip, 9.7-inch Model, Liquid Retina Display, 256GB, Wi-Fi+Cellular, Front/Back Camera, Touch ID, All-Day Battery Life — Gold', 'Apple ipad product 31', 'apple-ipads-31', 1580.0000, 1224.0000, NULL, 'ACTIVE', '40948158-1924-40b2-b458-2450a076ebf3', '01528009-307e-43d8-a271-6ffa79da3190', '2025-05-17 22:10:09.613026+00', '2025-05-17 22:10:09.613026+00');
INSERT INTO public.product VALUES ('8d5e947f-b983-489f-a61e-66e452dac94e', 'iPad 12.9-inch: A12 chip, 12.9-inch Model, Liquid Retina Display, 64GB, Wi-Fi, Front/Back Camera, Touch ID, All-Day Battery Life — Silver', 'Apple ipad product 32', 'apple-ipads-32', 620.0000, 456.0000, NULL, 'ACTIVE', '40948158-1924-40b2-b458-2450a076ebf3', '01528009-307e-43d8-a271-6ffa79da3190', '2025-05-17 22:10:09.640517+00', '2025-05-17 22:10:09.640517+00');
INSERT INTO public.product VALUES ('1faaea16-4941-4a17-a6dd-9e94dc11bbd6', 'iPad 9.7-inch: A16 chip, 9.7-inch Model, Liquid Retina Display, 512GB, Wi-Fi+Cellular, Front/Back Camera, Touch ID, All-Day Battery Life — Space Gray', 'Apple ipad product 33', 'apple-ipads-33', 2860.0000, 2248.0000, NULL, 'ACTIVE', '40948158-1924-40b2-b458-2450a076ebf3', '01528009-307e-43d8-a271-6ffa79da3190', '2025-05-17 22:10:09.667272+00', '2025-05-17 22:10:09.667272+00');
INSERT INTO public.product VALUES ('a15db373-e6a4-4de4-97cb-060cd9459e05', 'iPad 12.9-inch: A16 chip, 12.9-inch Model, Liquid Retina Display, 64GB, Wi-Fi+Cellular, Front/Back Camera, Touch ID, All-Day Battery Life — Gold', 'Apple ipad product 34', 'apple-ipads-34', 620.0000, 456.0000, NULL, 'ACTIVE', '40948158-1924-40b2-b458-2450a076ebf3', '01528009-307e-43d8-a271-6ffa79da3190', '2025-05-17 22:10:09.693851+00', '2025-05-17 22:10:09.693851+00');
INSERT INTO public.product VALUES ('52a21890-f9cb-46c7-8b12-9b69246b9a83', 'iPad 12.9-inch: A15 chip, 12.9-inch Model, Liquid Retina Display, 512GB, Wi-Fi+Cellular, Front/Back Camera, Touch ID, All-Day Battery Life — Gold', 'Apple ipad product 35', 'apple-ipads-35', 2860.0000, 2248.0000, NULL, 'ACTIVE', '40948158-1924-40b2-b458-2450a076ebf3', '01528009-307e-43d8-a271-6ffa79da3190', '2025-05-17 22:10:09.722016+00', '2025-05-17 22:10:09.722016+00');
INSERT INTO public.product VALUES ('b7479a22-d297-44ac-a8df-4a500fb05150', 'iPad 9.7-inch: A16 chip, 9.7-inch Model, Liquid Retina Display, 512GB, Wi-Fi, Front/Back Camera, Touch ID, All-Day Battery Life — Gold', 'Apple ipad product 36', 'apple-ipads-36', 2860.0000, 2248.0000, NULL, 'ACTIVE', '40948158-1924-40b2-b458-2450a076ebf3', '01528009-307e-43d8-a271-6ffa79da3190', '2025-05-17 22:10:09.748023+00', '2025-05-17 22:10:09.748023+00');
INSERT INTO public.product VALUES ('e2ad3b28-c8b0-4371-9ecf-3384d6ec68c7', 'iPad 10.2-inch: A12 chip, 10.2-inch Model, Liquid Retina Display, 512GB, Wi-Fi+Cellular, Front/Back Camera, Touch ID, All-Day Battery Life — Space Gray', 'Apple ipad product 37', 'apple-ipads-37', 2860.0000, 2248.0000, NULL, 'ACTIVE', '40948158-1924-40b2-b458-2450a076ebf3', '01528009-307e-43d8-a271-6ffa79da3190', '2025-05-17 22:10:09.77466+00', '2025-05-17 22:10:09.77466+00');
INSERT INTO public.product VALUES ('fed8335d-9372-4c8e-bf50-f6877de006c9', 'iPad 12.9-inch: A16 chip, 12.9-inch Model, Liquid Retina Display, 512GB, Wi-Fi, Front/Back Camera, Touch ID, All-Day Battery Life — Gold', 'Apple ipad product 38', 'apple-ipads-38', 2860.0000, 2248.0000, NULL, 'ACTIVE', '40948158-1924-40b2-b458-2450a076ebf3', '01528009-307e-43d8-a271-6ffa79da3190', '2025-05-17 22:10:09.801204+00', '2025-05-17 22:10:09.801204+00');
INSERT INTO public.product VALUES ('75af9ecd-ee5f-4b93-8142-cc55d17ce89d', 'iPad 10.2-inch: M1 chip, 10.2-inch Model, Liquid Retina Display, 1024GB, Wi-Fi, Front/Back Camera, Touch ID, All-Day Battery Life — Gold', 'Apple ipad product 39', 'apple-ipads-39', 5420.0000, 4296.0000, NULL, 'ACTIVE', '40948158-1924-40b2-b458-2450a076ebf3', '01528009-307e-43d8-a271-6ffa79da3190', '2025-05-17 22:10:09.832749+00', '2025-05-17 22:10:09.832749+00');
INSERT INTO public.product VALUES ('d9c3c723-4e7f-49cd-b6af-f6853067c454', 'iPad 12.9-inch: A14 chip, 12.9-inch Model, Liquid Retina Display, 1024GB, Wi-Fi, Front/Back Camera, Touch ID, All-Day Battery Life — Silver', 'Apple ipad product 40', 'apple-ipads-40', 5420.0000, 4296.0000, NULL, 'ACTIVE', '40948158-1924-40b2-b458-2450a076ebf3', '01528009-307e-43d8-a271-6ffa79da3190', '2025-05-17 22:10:09.86027+00', '2025-05-17 22:10:09.86027+00');
INSERT INTO public.product VALUES ('6e24c2cc-2ae3-46c4-9945-777573e9da31', 'iPad 10.5-inch: A16 chip, 10.5-inch Model, Liquid Retina Display, 512GB, Wi-Fi, Front/Back Camera, Touch ID, All-Day Battery Life — Silver', 'Apple ipad product 41', 'apple-ipads-41', 2860.0000, 2248.0000, NULL, 'ACTIVE', '40948158-1924-40b2-b458-2450a076ebf3', '01528009-307e-43d8-a271-6ffa79da3190', '2025-05-17 22:10:09.887657+00', '2025-05-17 22:10:09.887657+00');
INSERT INTO public.product VALUES ('496eddb4-1c2c-4dd9-b5d7-20c02f02130c', 'iPad 10.5-inch: A14 chip, 10.5-inch Model, Liquid Retina Display, 1024GB, Wi-Fi+Cellular, Front/Back Camera, Touch ID, All-Day Battery Life — Space Gray', 'Apple ipad product 42', 'apple-ipads-42', 5420.0000, 4296.0000, NULL, 'ACTIVE', '40948158-1924-40b2-b458-2450a076ebf3', '01528009-307e-43d8-a271-6ffa79da3190', '2025-05-17 22:10:09.916427+00', '2025-05-17 22:10:09.916427+00');
INSERT INTO public.product VALUES ('baaa7a6b-d7aa-415e-855b-8149ef817394', 'iPad 10.5-inch: A12 chip, 10.5-inch Model, Liquid Retina Display, 512GB, Wi-Fi+Cellular, Front/Back Camera, Touch ID, All-Day Battery Life — Space Gray', 'Apple ipad product 43', 'apple-ipads-43', 2860.0000, 2248.0000, NULL, 'ACTIVE', '40948158-1924-40b2-b458-2450a076ebf3', '01528009-307e-43d8-a271-6ffa79da3190', '2025-05-17 22:10:09.943093+00', '2025-05-17 22:10:09.943093+00');
INSERT INTO public.product VALUES ('ec3270ab-3491-43d7-950e-8fe287d9d9c1', 'iPad 10.5-inch: A15 chip, 10.5-inch Model, Liquid Retina Display, 1024GB, Wi-Fi+Cellular, Front/Back Camera, Touch ID, All-Day Battery Life — Space Gray', 'Apple ipad product 44', 'apple-ipads-44', 5420.0000, 4296.0000, NULL, 'ACTIVE', '40948158-1924-40b2-b458-2450a076ebf3', '01528009-307e-43d8-a271-6ffa79da3190', '2025-05-17 22:10:09.97284+00', '2025-05-17 22:10:09.97284+00');
INSERT INTO public.product VALUES ('1313af04-e9e1-4f22-b408-b2c16299e279', 'iPad 12.9-inch: A12 chip, 12.9-inch Model, Liquid Retina Display, 128GB, Wi-Fi+Cellular, Front/Back Camera, Touch ID, All-Day Battery Life — Rose Gold', 'Apple ipad product 45', 'apple-ipads-45', 940.0000, 712.0000, NULL, 'ACTIVE', '40948158-1924-40b2-b458-2450a076ebf3', '01528009-307e-43d8-a271-6ffa79da3190', '2025-05-17 22:10:09.999993+00', '2025-05-17 22:10:09.999993+00');
INSERT INTO public.product VALUES ('2f2fedd1-a5fb-473b-9fd8-56ae15859a90', 'iPad 10.2-inch: A15 chip, 10.2-inch Model, Liquid Retina Display, 64GB, Wi-Fi, Front/Back Camera, Touch ID, All-Day Battery Life — Space Gray', 'Apple ipad product 46', 'apple-ipads-46', 620.0000, 456.0000, NULL, 'ACTIVE', '40948158-1924-40b2-b458-2450a076ebf3', '01528009-307e-43d8-a271-6ffa79da3190', '2025-05-17 22:10:10.029496+00', '2025-05-17 22:10:10.029496+00');
INSERT INTO public.product VALUES ('7126ee4b-2ff3-4e21-8f98-7a02fe5c0d02', 'iPad 12.9-inch: A14 chip, 12.9-inch Model, Liquid Retina Display, 1024GB, Wi-Fi+Cellular, Front/Back Camera, Touch ID, All-Day Battery Life — Space Gray', 'Apple ipad product 47', 'apple-ipads-47', 5420.0000, 4296.0000, NULL, 'ACTIVE', '40948158-1924-40b2-b458-2450a076ebf3', '01528009-307e-43d8-a271-6ffa79da3190', '2025-05-17 22:10:10.05816+00', '2025-05-17 22:10:10.05816+00');
INSERT INTO public.product VALUES ('e7a1b3ed-a2e4-4766-adce-a93af1b797b4', 'iPad 11-inch: A15 chip, 11-inch Model, Liquid Retina Display, 512GB, Wi-Fi+Cellular, Front/Back Camera, Touch ID, All-Day Battery Life — Rose Gold', 'Apple ipad product 48', 'apple-ipads-48', 2860.0000, 2248.0000, NULL, 'ACTIVE', '40948158-1924-40b2-b458-2450a076ebf3', '01528009-307e-43d8-a271-6ffa79da3190', '2025-05-17 22:10:10.086393+00', '2025-05-17 22:10:10.086393+00');
INSERT INTO public.product VALUES ('48277bb0-3c10-484e-82cc-87d0daa74a76', 'iPad 11-inch: M1 chip, 11-inch Model, Liquid Retina Display, 1024GB, Wi-Fi, Front/Back Camera, Touch ID, All-Day Battery Life — Silver', 'Apple ipad product 49', 'apple-ipads-49', 5420.0000, 4296.0000, NULL, 'ACTIVE', '40948158-1924-40b2-b458-2450a076ebf3', '01528009-307e-43d8-a271-6ffa79da3190', '2025-05-17 22:10:10.115431+00', '2025-05-17 22:10:10.115431+00');
INSERT INTO public.product VALUES ('2fb86131-103b-4593-bc7a-ac3ac41ce3f1', 'iPad 10.2-inch: A16 chip, 10.2-inch Model, Liquid Retina Display, 1024GB, Wi-Fi+Cellular, Front/Back Camera, Touch ID, All-Day Battery Life — Rose Gold', 'Apple ipad product 50', 'apple-ipads-50', 5420.0000, 4296.0000, NULL, 'ACTIVE', '40948158-1924-40b2-b458-2450a076ebf3', '01528009-307e-43d8-a271-6ffa79da3190', '2025-05-17 22:10:10.143798+00', '2025-05-17 22:10:10.143798+00');
INSERT INTO public.product VALUES ('5b48fa19-a923-4933-9bd7-615335db4c82', 'Samsung Galaxy A16 5G - 256GB, 4GB RAM, Awesome Mint', 'Samsung Galaxy A16 5G smartphone with 256GB storage and 4GB RAM in Awesome Mint color.', 'samsung-a16-01', 564.0000, 479.4000, NULL, 'ACTIVE', '40948158-1924-40b2-b458-2450a076ebf3', '8da52607-9e41-41e4-8d5d-c4d10f653168', '2025-05-17 22:16:37.616528+00', '2025-05-17 22:16:37.616528+00');
INSERT INTO public.product VALUES ('dec69c93-d5ee-404b-b650-4393af036bb5', 'Samsung Galaxy A16 5G - 256GB, 4GB RAM, Blue Black', 'Samsung Galaxy A16 5G smartphone with 256GB storage and 4GB RAM in Blue Black color.', 'samsung-a16-02', 564.0000, 479.4000, NULL, 'ACTIVE', '40948158-1924-40b2-b458-2450a076ebf3', '8da52607-9e41-41e4-8d5d-c4d10f653168', '2025-05-17 22:16:37.649897+00', '2025-05-17 22:16:37.649897+00');
INSERT INTO public.product VALUES ('d7688b78-bb1b-4f56-9fb3-7246b6393184', 'Samsung Galaxy A16 5G - 128GB, 6GB RAM, Blue Black', 'Samsung Galaxy A16 5G smartphone with 128GB storage and 6GB RAM in Blue Black color.', 'samsung-a16-03', 412.0000, 350.2000, NULL, 'ACTIVE', '40948158-1924-40b2-b458-2450a076ebf3', '8da52607-9e41-41e4-8d5d-c4d10f653168', '2025-05-17 22:16:37.68392+00', '2025-05-17 22:16:37.68392+00');
INSERT INTO public.product VALUES ('cdcc49f6-ce3b-4df0-a4cc-a533fe7af591', 'Samsung Galaxy A16 5G - 64GB, 6GB RAM, Blue Black', 'Samsung Galaxy A16 5G smartphone with 64GB storage and 6GB RAM in Blue Black color.', 'samsung-a16-04', 316.0000, 268.6000, NULL, 'ACTIVE', '40948158-1924-40b2-b458-2450a076ebf3', '8da52607-9e41-41e4-8d5d-c4d10f653168', '2025-05-17 22:16:37.711477+00', '2025-05-17 22:16:37.711477+00');
INSERT INTO public.product VALUES ('378dea25-c05d-41cc-8d58-1725769a13e8', 'Samsung Galaxy A16 5G - 128GB, 8GB RAM, Awesome White', 'Samsung Galaxy A16 5G smartphone with 128GB storage and 8GB RAM in Awesome White color.', 'samsung-a16-05', 452.0000, 384.2000, NULL, 'ACTIVE', '40948158-1924-40b2-b458-2450a076ebf3', '8da52607-9e41-41e4-8d5d-c4d10f653168', '2025-05-17 22:16:37.741947+00', '2025-05-17 22:16:37.741947+00');
INSERT INTO public.product VALUES ('69a3316c-1f8c-4e6d-9e89-d70c47a5b2ab', 'Samsung Galaxy A16 5G - 128GB, 8GB RAM, Awesome White', 'Samsung Galaxy A16 5G smartphone with 128GB storage and 8GB RAM in Awesome White color.', 'samsung-a16-06', 452.0000, 384.2000, NULL, 'ACTIVE', '40948158-1924-40b2-b458-2450a076ebf3', '8da52607-9e41-41e4-8d5d-c4d10f653168', '2025-05-17 22:16:37.77067+00', '2025-05-17 22:16:37.77067+00');
INSERT INTO public.product VALUES ('e659e633-5422-4ad4-86b8-80c8afd6bc4b', 'Samsung Galaxy A16 5G - 256GB, 4GB RAM, Awesome Violet', 'Samsung Galaxy A16 5G smartphone with 256GB storage and 4GB RAM in Awesome Violet color.', 'samsung-a16-07', 564.0000, 479.4000, NULL, 'ACTIVE', '40948158-1924-40b2-b458-2450a076ebf3', '8da52607-9e41-41e4-8d5d-c4d10f653168', '2025-05-17 22:16:37.799803+00', '2025-05-17 22:16:37.799803+00');
INSERT INTO public.product VALUES ('ec15c35e-8cf7-4857-b7af-4e7300d35040', 'Samsung Galaxy A16 5G - 64GB, 6GB RAM, Awesome Violet', 'Samsung Galaxy A16 5G smartphone with 64GB storage and 6GB RAM in Awesome Violet color.', 'samsung-a16-08', 316.0000, 268.6000, NULL, 'ACTIVE', '40948158-1924-40b2-b458-2450a076ebf3', '8da52607-9e41-41e4-8d5d-c4d10f653168', '2025-05-17 22:16:37.828877+00', '2025-05-17 22:16:37.828877+00');
INSERT INTO public.product VALUES ('efa47a16-8877-4a32-a942-6eb1266cac1a', 'Samsung Galaxy A16 5G - 128GB, 6GB RAM, Blue Black', 'Samsung Galaxy A16 5G smartphone with 128GB storage and 6GB RAM in Blue Black color.', 'samsung-a16-09', 412.0000, 350.2000, NULL, 'ACTIVE', '40948158-1924-40b2-b458-2450a076ebf3', '8da52607-9e41-41e4-8d5d-c4d10f653168', '2025-05-17 22:16:37.859724+00', '2025-05-17 22:16:37.859724+00');
INSERT INTO public.product VALUES ('8bfbc1b1-9333-4fe8-82e2-4f835873e5a4', 'Samsung Galaxy A16 5G - 128GB, 6GB RAM, Awesome Mint', 'Samsung Galaxy A16 5G smartphone with 128GB storage and 6GB RAM in Awesome Mint color.', 'samsung-a16-10', 412.0000, 350.2000, NULL, 'ACTIVE', '40948158-1924-40b2-b458-2450a076ebf3', '8da52607-9e41-41e4-8d5d-c4d10f653168', '2025-05-17 22:16:37.890934+00', '2025-05-17 22:16:37.890934+00');
INSERT INTO public.product VALUES ('2ed159e3-e2c3-4d62-8337-bb730b40434c', 'Samsung Galaxy A16 5G - 128GB, 8GB RAM, Blue Black', 'Samsung Galaxy A16 5G smartphone with 128GB storage and 8GB RAM in Blue Black color.', 'samsung-a16-11', 452.0000, 384.2000, NULL, 'ACTIVE', '40948158-1924-40b2-b458-2450a076ebf3', '8da52607-9e41-41e4-8d5d-c4d10f653168', '2025-05-17 22:16:37.917615+00', '2025-05-17 22:16:37.917615+00');
INSERT INTO public.product VALUES ('1d35dc5c-0abd-4afb-9712-115f1a26ed4a', 'Samsung Galaxy A16 5G - 64GB, 4GB RAM, Awesome Mint', 'Samsung Galaxy A16 5G smartphone with 64GB storage and 4GB RAM in Awesome Mint color.', 'samsung-a16-12', 276.0000, 234.6000, NULL, 'ACTIVE', '40948158-1924-40b2-b458-2450a076ebf3', '8da52607-9e41-41e4-8d5d-c4d10f653168', '2025-05-17 22:16:37.947775+00', '2025-05-17 22:16:37.947775+00');
INSERT INTO public.product VALUES ('3519a09c-5fa2-420c-8030-82a58ce11817', 'Samsung Galaxy A16 5G - 256GB, 6GB RAM, Blue Black', 'Samsung Galaxy A16 5G smartphone with 256GB storage and 6GB RAM in Blue Black color.', 'samsung-a16-13', 604.0000, 513.4000, NULL, 'ACTIVE', '40948158-1924-40b2-b458-2450a076ebf3', '8da52607-9e41-41e4-8d5d-c4d10f653168', '2025-05-17 22:16:37.975131+00', '2025-05-17 22:16:37.975131+00');
INSERT INTO public.product VALUES ('02452780-74eb-49d0-9a35-7da9736a246f', 'Samsung Galaxy A16 5G - 64GB, 4GB RAM, Awesome Violet', 'Samsung Galaxy A16 5G smartphone with 64GB storage and 4GB RAM in Awesome Violet color.', 'samsung-a16-14', 276.0000, 234.6000, NULL, 'ACTIVE', '40948158-1924-40b2-b458-2450a076ebf3', '8da52607-9e41-41e4-8d5d-c4d10f653168', '2025-05-17 22:16:38.016419+00', '2025-05-17 22:16:38.016419+00');
INSERT INTO public.product VALUES ('4db204c9-ecb6-4430-9ce2-4fa262fd5ff6', 'Samsung Galaxy A16 5G - 128GB, 6GB RAM, Blue Black', 'Samsung Galaxy A16 5G smartphone with 128GB storage and 6GB RAM in Blue Black color.', 'samsung-a16-15', 412.0000, 350.2000, NULL, 'ACTIVE', '40948158-1924-40b2-b458-2450a076ebf3', '8da52607-9e41-41e4-8d5d-c4d10f653168', '2025-05-17 22:16:38.046372+00', '2025-05-17 22:16:38.046372+00');
INSERT INTO public.product VALUES ('42743565-bad6-4e49-a656-105d6b3e3dd8', 'Samsung Galaxy A16 5G - 64GB, 8GB RAM, Awesome Violet', 'Samsung Galaxy A16 5G smartphone with 64GB storage and 8GB RAM in Awesome Violet color.', 'samsung-a16-16', 356.0000, 302.6000, NULL, 'ACTIVE', '40948158-1924-40b2-b458-2450a076ebf3', '8da52607-9e41-41e4-8d5d-c4d10f653168', '2025-05-17 22:16:38.080726+00', '2025-05-17 22:16:38.080726+00');
INSERT INTO public.product VALUES ('1b6de9ec-ab6a-44b4-be9c-285572041525', 'Samsung Galaxy A16 5G - 256GB, 8GB RAM, Blue Black', 'Samsung Galaxy A16 5G smartphone with 256GB storage and 8GB RAM in Blue Black color.', 'samsung-a16-17', 644.0000, 547.4000, NULL, 'ACTIVE', '40948158-1924-40b2-b458-2450a076ebf3', '8da52607-9e41-41e4-8d5d-c4d10f653168', '2025-05-17 22:16:38.107117+00', '2025-05-17 22:16:38.107117+00');
INSERT INTO public.product VALUES ('5601bdce-ca85-4d7a-b93d-b4e69689fd74', 'Samsung Galaxy A16 5G - 256GB, 4GB RAM, Awesome Violet', 'Samsung Galaxy A16 5G smartphone with 256GB storage and 4GB RAM in Awesome Violet color.', 'samsung-a16-18', 564.0000, 479.4000, NULL, 'ACTIVE', '40948158-1924-40b2-b458-2450a076ebf3', '8da52607-9e41-41e4-8d5d-c4d10f653168', '2025-05-17 22:16:38.133659+00', '2025-05-17 22:16:38.133659+00');
INSERT INTO public.product VALUES ('140f3934-2917-4015-afd7-134f75e2511a', 'Samsung Galaxy A16 5G - 256GB, 6GB RAM, Awesome Mint', 'Samsung Galaxy A16 5G smartphone with 256GB storage and 6GB RAM in Awesome Mint color.', 'samsung-a16-19', 604.0000, 513.4000, NULL, 'ACTIVE', '40948158-1924-40b2-b458-2450a076ebf3', '8da52607-9e41-41e4-8d5d-c4d10f653168', '2025-05-17 22:16:38.163427+00', '2025-05-17 22:16:38.163427+00');
INSERT INTO public.product VALUES ('7dd2e2c5-276e-453e-b027-d7c95e9f0ae5', 'Samsung Galaxy A16 5G - 128GB, 6GB RAM, Blue Black', 'Samsung Galaxy A16 5G smartphone with 128GB storage and 6GB RAM in Blue Black color.', 'samsung-a16-20', 412.0000, 350.2000, NULL, 'ACTIVE', '40948158-1924-40b2-b458-2450a076ebf3', '8da52607-9e41-41e4-8d5d-c4d10f653168', '2025-05-17 22:16:38.191879+00', '2025-05-17 22:16:38.191879+00');
INSERT INTO public.product VALUES ('7a27d1d9-3064-4d13-8da1-311541d3b7bb', 'Samsung Galaxy A16 5G - 256GB, 4GB RAM, Awesome Violet', 'Samsung Galaxy A16 5G smartphone with 256GB storage and 4GB RAM in Awesome Violet color.', 'samsung-a16-21', 564.0000, 479.4000, NULL, 'ACTIVE', '40948158-1924-40b2-b458-2450a076ebf3', '8da52607-9e41-41e4-8d5d-c4d10f653168', '2025-05-17 22:16:38.220501+00', '2025-05-17 22:16:38.220501+00');
INSERT INTO public.product VALUES ('a48a7fd8-fedf-4452-8589-e7be37c3eb43', 'Samsung Galaxy A16 5G - 64GB, 8GB RAM, Awesome Mint', 'Samsung Galaxy A16 5G smartphone with 64GB storage and 8GB RAM in Awesome Mint color.', 'samsung-a16-22', 356.0000, 302.6000, NULL, 'ACTIVE', '40948158-1924-40b2-b458-2450a076ebf3', '8da52607-9e41-41e4-8d5d-c4d10f653168', '2025-05-17 22:16:38.256019+00', '2025-05-17 22:16:38.256019+00');
INSERT INTO public.product VALUES ('8fc001ef-46e1-4c50-ba1d-22b447d8baae', 'Samsung Galaxy A16 5G - 256GB, 4GB RAM, Awesome Mint', 'Samsung Galaxy A16 5G smartphone with 256GB storage and 4GB RAM in Awesome Mint color.', 'samsung-a16-23', 564.0000, 479.4000, NULL, 'ACTIVE', '40948158-1924-40b2-b458-2450a076ebf3', '8da52607-9e41-41e4-8d5d-c4d10f653168', '2025-05-17 22:16:38.283474+00', '2025-05-17 22:16:38.283474+00');
INSERT INTO public.product VALUES ('2213884b-e6f2-4a33-abd1-6e4771c468d7', 'Samsung Galaxy A16 5G - 256GB, 4GB RAM, Awesome Mint', 'Samsung Galaxy A16 5G smartphone with 256GB storage and 4GB RAM in Awesome Mint color.', 'samsung-a16-24', 564.0000, 479.4000, NULL, 'ACTIVE', '40948158-1924-40b2-b458-2450a076ebf3', '8da52607-9e41-41e4-8d5d-c4d10f653168', '2025-05-17 22:16:38.313893+00', '2025-05-17 22:16:38.313893+00');
INSERT INTO public.product VALUES ('b6f115b7-36f2-49f3-9c7e-48449c760f5b', 'Samsung Galaxy A16 5G - 256GB, 4GB RAM, Blue Black', 'Samsung Galaxy A16 5G smartphone with 256GB storage and 4GB RAM in Blue Black color.', 'samsung-a16-25', 564.0000, 479.4000, NULL, 'ACTIVE', '40948158-1924-40b2-b458-2450a076ebf3', '8da52607-9e41-41e4-8d5d-c4d10f653168', '2025-05-17 22:16:38.341465+00', '2025-05-17 22:16:38.341465+00');
INSERT INTO public.product VALUES ('adb53669-9878-45a0-bb0f-6a35417ea2a7', 'Samsung Galaxy A16 5G - 64GB, 4GB RAM, Awesome White', 'Samsung Galaxy A16 5G smartphone with 64GB storage and 4GB RAM in Awesome White color.', 'samsung-a16-26', 276.0000, 234.6000, NULL, 'ACTIVE', '40948158-1924-40b2-b458-2450a076ebf3', '8da52607-9e41-41e4-8d5d-c4d10f653168', '2025-05-17 22:16:38.37017+00', '2025-05-17 22:16:38.37017+00');
INSERT INTO public.product VALUES ('2627236f-a66e-4c85-88ae-58f113240007', 'Samsung Galaxy A16 5G - 64GB, 8GB RAM, Awesome Violet', 'Samsung Galaxy A16 5G smartphone with 64GB storage and 8GB RAM in Awesome Violet color.', 'samsung-a16-27', 356.0000, 302.6000, NULL, 'ACTIVE', '40948158-1924-40b2-b458-2450a076ebf3', '8da52607-9e41-41e4-8d5d-c4d10f653168', '2025-05-17 22:16:38.399559+00', '2025-05-17 22:16:38.399559+00');
INSERT INTO public.product VALUES ('d4de3d72-4c95-4487-84e0-e57df246f9ba', 'Samsung Galaxy A16 5G - 128GB, 4GB RAM, Awesome Mint', 'Samsung Galaxy A16 5G smartphone with 128GB storage and 4GB RAM in Awesome Mint color.', 'samsung-a16-28', 372.0000, 316.2000, NULL, 'ACTIVE', '40948158-1924-40b2-b458-2450a076ebf3', '8da52607-9e41-41e4-8d5d-c4d10f653168', '2025-05-17 22:16:38.428643+00', '2025-05-17 22:16:38.428643+00');
INSERT INTO public.product VALUES ('a29949db-5455-4a5c-ae87-5260ae26f9ff', 'Samsung Galaxy A16 5G - 256GB, 4GB RAM, Awesome White', 'Samsung Galaxy A16 5G smartphone with 256GB storage and 4GB RAM in Awesome White color.', 'samsung-a16-29', 564.0000, 479.4000, NULL, 'ACTIVE', '40948158-1924-40b2-b458-2450a076ebf3', '8da52607-9e41-41e4-8d5d-c4d10f653168', '2025-05-17 22:16:38.456102+00', '2025-05-17 22:16:38.456102+00');
INSERT INTO public.product VALUES ('3e5d1f8b-aa8c-4c45-a506-92c67273c427', 'Samsung Galaxy A16 5G - 64GB, 8GB RAM, Awesome Mint', 'Samsung Galaxy A16 5G smartphone with 64GB storage and 8GB RAM in Awesome Mint color.', 'samsung-a16-30', 356.0000, 302.6000, NULL, 'ACTIVE', '40948158-1924-40b2-b458-2450a076ebf3', '8da52607-9e41-41e4-8d5d-c4d10f653168', '2025-05-17 22:16:38.484372+00', '2025-05-17 22:16:38.484372+00');
INSERT INTO public.product VALUES ('dfec6629-ae61-489e-b16d-2ef9e6577bb6', 'Samsung Galaxy A16 5G - 64GB, 6GB RAM, Awesome Violet', 'Samsung Galaxy A16 5G smartphone with 64GB storage and 6GB RAM in Awesome Violet color.', 'samsung-a16-31', 316.0000, 268.6000, NULL, 'ACTIVE', '40948158-1924-40b2-b458-2450a076ebf3', '8da52607-9e41-41e4-8d5d-c4d10f653168', '2025-05-17 22:16:38.51249+00', '2025-05-17 22:16:38.51249+00');
INSERT INTO public.product VALUES ('5bf158a1-24cd-4b62-88ca-066fa4dbe6c2', 'Samsung Galaxy A16 5G - 128GB, 6GB RAM, Awesome White', 'Samsung Galaxy A16 5G smartphone with 128GB storage and 6GB RAM in Awesome White color.', 'samsung-a16-32', 412.0000, 350.2000, NULL, 'ACTIVE', '40948158-1924-40b2-b458-2450a076ebf3', '8da52607-9e41-41e4-8d5d-c4d10f653168', '2025-05-17 22:16:38.54171+00', '2025-05-17 22:16:38.54171+00');
INSERT INTO public.product VALUES ('25051453-e3ee-4e3d-bdfd-69ecd54d97f6', 'Samsung Galaxy A16 5G - 256GB, 4GB RAM, Awesome White', 'Samsung Galaxy A16 5G smartphone with 256GB storage and 4GB RAM in Awesome White color.', 'samsung-a16-33', 564.0000, 479.4000, NULL, 'ACTIVE', '40948158-1924-40b2-b458-2450a076ebf3', '8da52607-9e41-41e4-8d5d-c4d10f653168', '2025-05-17 22:16:38.569825+00', '2025-05-17 22:16:38.569825+00');
INSERT INTO public.product VALUES ('d31e1f2a-5847-4183-9ece-81ec645c5aee', 'Samsung Galaxy A16 5G - 128GB, 6GB RAM, Awesome Mint', 'Samsung Galaxy A16 5G smartphone with 128GB storage and 6GB RAM in Awesome Mint color.', 'samsung-a16-34', 412.0000, 350.2000, NULL, 'ACTIVE', '40948158-1924-40b2-b458-2450a076ebf3', '8da52607-9e41-41e4-8d5d-c4d10f653168', '2025-05-17 22:16:38.599155+00', '2025-05-17 22:16:38.599155+00');
INSERT INTO public.product VALUES ('5e53d7b5-d163-4b0b-8c31-e1bee6d4cef3', 'Samsung Galaxy A16 5G - 128GB, 4GB RAM, Awesome Mint', 'Samsung Galaxy A16 5G smartphone with 128GB storage and 4GB RAM in Awesome Mint color.', 'samsung-a16-35', 372.0000, 316.2000, NULL, 'ACTIVE', '40948158-1924-40b2-b458-2450a076ebf3', '8da52607-9e41-41e4-8d5d-c4d10f653168', '2025-05-17 22:16:38.628234+00', '2025-05-17 22:16:38.628234+00');
INSERT INTO public.product VALUES ('71b86779-669d-4cc1-925f-2e026ce80df5', 'Samsung Galaxy A16 5G - 128GB, 6GB RAM, Awesome Mint', 'Samsung Galaxy A16 5G smartphone with 128GB storage and 6GB RAM in Awesome Mint color.', 'samsung-a16-36', 412.0000, 350.2000, NULL, 'ACTIVE', '40948158-1924-40b2-b458-2450a076ebf3', '8da52607-9e41-41e4-8d5d-c4d10f653168', '2025-05-17 22:16:38.655786+00', '2025-05-17 22:16:38.655786+00');
INSERT INTO public.product VALUES ('890aaf30-665b-4fb4-a0c4-24aacc0d4f0d', 'Samsung Galaxy A16 5G - 256GB, 8GB RAM, Awesome White', 'Samsung Galaxy A16 5G smartphone with 256GB storage and 8GB RAM in Awesome White color.', 'samsung-a16-37', 644.0000, 547.4000, NULL, 'ACTIVE', '40948158-1924-40b2-b458-2450a076ebf3', '8da52607-9e41-41e4-8d5d-c4d10f653168', '2025-05-17 22:16:38.68419+00', '2025-05-17 22:16:38.68419+00');
INSERT INTO public.product VALUES ('c1dc7eef-2d28-4f0e-96a9-dab2d1d69fea', 'Samsung Galaxy A16 5G - 128GB, 8GB RAM, Awesome Mint', 'Samsung Galaxy A16 5G smartphone with 128GB storage and 8GB RAM in Awesome Mint color.', 'samsung-a16-38', 452.0000, 384.2000, NULL, 'ACTIVE', '40948158-1924-40b2-b458-2450a076ebf3', '8da52607-9e41-41e4-8d5d-c4d10f653168', '2025-05-17 22:16:38.712611+00', '2025-05-17 22:16:38.712611+00');
INSERT INTO public.product VALUES ('b07aa576-462a-45a6-9dc1-2431319f7903', 'Samsung Galaxy A16 5G - 128GB, 6GB RAM, Awesome Mint', 'Samsung Galaxy A16 5G smartphone with 128GB storage and 6GB RAM in Awesome Mint color.', 'samsung-a16-39', 412.0000, 350.2000, NULL, 'ACTIVE', '40948158-1924-40b2-b458-2450a076ebf3', '8da52607-9e41-41e4-8d5d-c4d10f653168', '2025-05-17 22:16:38.741432+00', '2025-05-17 22:16:38.741432+00');
INSERT INTO public.product VALUES ('cd60ce65-d44b-4f97-b8b9-795e8f22ccca', 'Samsung Galaxy A16 5G - 128GB, 6GB RAM, Awesome Violet', 'Samsung Galaxy A16 5G smartphone with 128GB storage and 6GB RAM in Awesome Violet color.', 'samsung-a16-40', 412.0000, 350.2000, NULL, 'ACTIVE', '40948158-1924-40b2-b458-2450a076ebf3', '8da52607-9e41-41e4-8d5d-c4d10f653168', '2025-05-17 22:16:38.769165+00', '2025-05-17 22:16:38.769165+00');
INSERT INTO public.product VALUES ('5b4cf0b4-47c0-46f1-adf3-c47bbf7b0fe8', 'Samsung Galaxy A16 5G - 64GB, 6GB RAM, Blue Black', 'Samsung Galaxy A16 5G smartphone with 64GB storage and 6GB RAM in Blue Black color.', 'samsung-a16-41', 316.0000, 268.6000, NULL, 'ACTIVE', '40948158-1924-40b2-b458-2450a076ebf3', '8da52607-9e41-41e4-8d5d-c4d10f653168', '2025-05-17 22:16:38.798034+00', '2025-05-17 22:16:38.798034+00');
INSERT INTO public.product VALUES ('38598426-66d5-4d4d-a416-40ec0c1ac791', 'Samsung Galaxy A16 5G - 128GB, 4GB RAM, Awesome White', 'Samsung Galaxy A16 5G smartphone with 128GB storage and 4GB RAM in Awesome White color.', 'samsung-a16-42', 372.0000, 316.2000, NULL, 'ACTIVE', '40948158-1924-40b2-b458-2450a076ebf3', '8da52607-9e41-41e4-8d5d-c4d10f653168', '2025-05-17 22:16:38.826264+00', '2025-05-17 22:16:38.826264+00');
INSERT INTO public.product VALUES ('c9c83ee4-85e4-46b0-aeca-21cfb8f5b403', 'Samsung Galaxy A16 5G - 128GB, 4GB RAM, Awesome White', 'Samsung Galaxy A16 5G smartphone with 128GB storage and 4GB RAM in Awesome White color.', 'samsung-a16-43', 372.0000, 316.2000, NULL, 'ACTIVE', '40948158-1924-40b2-b458-2450a076ebf3', '8da52607-9e41-41e4-8d5d-c4d10f653168', '2025-05-17 22:16:38.857543+00', '2025-05-17 22:16:38.857543+00');
INSERT INTO public.product VALUES ('c9839043-3fd5-451d-87e4-1d5a6f9c39a0', 'Samsung Galaxy A16 5G - 64GB, 8GB RAM, Blue Black', 'Samsung Galaxy A16 5G smartphone with 64GB storage and 8GB RAM in Blue Black color.', 'samsung-a16-44', 356.0000, 302.6000, NULL, 'ACTIVE', '40948158-1924-40b2-b458-2450a076ebf3', '8da52607-9e41-41e4-8d5d-c4d10f653168', '2025-05-17 22:16:38.88598+00', '2025-05-17 22:16:38.88598+00');
INSERT INTO public.product VALUES ('6d923dd5-1e3e-48e7-8ab7-f5ea70783301', 'Samsung Galaxy A16 5G - 128GB, 6GB RAM, Blue Black', 'Samsung Galaxy A16 5G smartphone with 128GB storage and 6GB RAM in Blue Black color.', 'samsung-a16-45', 412.0000, 350.2000, NULL, 'ACTIVE', '40948158-1924-40b2-b458-2450a076ebf3', '8da52607-9e41-41e4-8d5d-c4d10f653168', '2025-05-17 22:16:38.915715+00', '2025-05-17 22:16:38.915715+00');
INSERT INTO public.product VALUES ('7ef02871-a34e-4fff-b828-9e8dccdd927a', 'Samsung Galaxy A16 5G - 64GB, 8GB RAM, Blue Black', 'Samsung Galaxy A16 5G smartphone with 64GB storage and 8GB RAM in Blue Black color.', 'samsung-a16-46', 356.0000, 302.6000, NULL, 'ACTIVE', '40948158-1924-40b2-b458-2450a076ebf3', '8da52607-9e41-41e4-8d5d-c4d10f653168', '2025-05-17 22:16:38.942902+00', '2025-05-17 22:16:38.942902+00');
INSERT INTO public.product VALUES ('4e125a27-d13c-4857-b560-8b7161b45ebf', 'Samsung Galaxy A16 5G - 128GB, 4GB RAM, Awesome White', 'Samsung Galaxy A16 5G smartphone with 128GB storage and 4GB RAM in Awesome White color.', 'samsung-a16-47', 372.0000, 316.2000, NULL, 'ACTIVE', '40948158-1924-40b2-b458-2450a076ebf3', '8da52607-9e41-41e4-8d5d-c4d10f653168', '2025-05-17 22:16:38.973144+00', '2025-05-17 22:16:38.973144+00');
INSERT INTO public.product VALUES ('a7136ef4-7fbd-47bd-8afe-5b9b812cc075', 'Samsung Galaxy A16 5G - 64GB, 8GB RAM, Awesome Mint', 'Samsung Galaxy A16 5G smartphone with 64GB storage and 8GB RAM in Awesome Mint color.', 'samsung-a16-48', 356.0000, 302.6000, NULL, 'ACTIVE', '40948158-1924-40b2-b458-2450a076ebf3', '8da52607-9e41-41e4-8d5d-c4d10f653168', '2025-05-17 22:16:39.00066+00', '2025-05-17 22:16:39.00066+00');
INSERT INTO public.product VALUES ('8ce76147-13ed-45c2-a1f8-c037212e8fe4', 'Samsung Galaxy A16 5G - 256GB, 8GB RAM, Awesome White', 'Samsung Galaxy A16 5G smartphone with 256GB storage and 8GB RAM in Awesome White color.', 'samsung-a16-49', 644.0000, 547.4000, NULL, 'ACTIVE', '40948158-1924-40b2-b458-2450a076ebf3', '8da52607-9e41-41e4-8d5d-c4d10f653168', '2025-05-17 22:16:39.031023+00', '2025-05-17 22:16:39.031023+00');
INSERT INTO public.product VALUES ('31936186-98e3-405d-a53f-92506f10617a', 'Samsung Galaxy A16 5G - 256GB, 6GB RAM, Awesome Violet', 'Samsung Galaxy A16 5G smartphone with 256GB storage and 6GB RAM in Awesome Violet color.', 'samsung-a16-50', 604.0000, 513.4000, NULL, 'ACTIVE', '40948158-1924-40b2-b458-2450a076ebf3', '8da52607-9e41-41e4-8d5d-c4d10f653168', '2025-05-17 22:16:39.060254+00', '2025-05-17 22:16:39.060254+00');


--
-- Data for Name: investory; Type: TABLE DATA; Schema: public; Owner: postgres
--

INSERT INTO public.investory VALUES ('7278fb0e-e628-414d-9e35-8785656f8d2d', '698478d4-860a-4179-a9f2-d8d8df663fbe', 0, '2025-05-17 19:11:10.832805+00', '2025-05-18 11:47:12.180004+00', '2025-05-18 21:19:56.631191+00');
INSERT INTO public.investory VALUES ('605958cd-eb20-4bfe-9c4e-4e60991687bc', '02452780-74eb-49d0-9a35-7da9736a246f', 746, NULL, '2025-05-18 17:21:37.591827+00', '2025-05-18 23:11:21.805166+00');
INSERT INTO public.investory VALUES ('8329926a-e192-4f4f-a534-f974ef41151e', '2213884b-e6f2-4a33-abd1-6e4771c468d7', 890, NULL, '2025-05-18 23:10:33.676552+00', '2025-05-18 23:11:21.805166+00');


--
-- Data for Name: inventory_history; Type: TABLE DATA; Schema: public; Owner: postgres
--

INSERT INTO public.inventory_history VALUES ('ee169d94-4b54-49ab-a0ac-017561d3775f', '7278fb0e-e628-414d-9e35-8785656f8d2d', 0, 10, 'new stock', '40948158-1924-40b2-b458-2450a076ebf3', NULL, NULL);
INSERT INTO public.inventory_history VALUES ('09a20ae9-5d0f-4146-8fec-bd1665287858', '7278fb0e-e628-414d-9e35-8785656f8d2d', 10, 24, 'updated', '40948158-1924-40b2-b458-2450a076ebf3', NULL, NULL);
INSERT INTO public.inventory_history VALUES ('c0e15969-4be9-47bd-8445-b2b549c44bbf', '7278fb0e-e628-414d-9e35-8785656f8d2d', 24, 14, 'Order placed', '40948158-1924-40b2-b458-2450a076ebf3', '2025-05-18 15:53:32.718758+00', '2025-05-18 15:53:32.718758+00');
INSERT INTO public.inventory_history VALUES ('c71343aa-e188-4cbd-ae4a-cf4683f1ebe0', '7278fb0e-e628-414d-9e35-8785656f8d2d', 14, 12, 'Order placed', '40948158-1924-40b2-b458-2450a076ebf3', '2025-05-18 17:08:49.417735+00', '2025-05-18 17:08:49.417735+00');
INSERT INTO public.inventory_history VALUES ('7d42d276-2027-4f30-859d-67dfd56bfa89', '7278fb0e-e628-414d-9e35-8785656f8d2d', 12, 10, 'Order placed', '40948158-1924-40b2-b458-2450a076ebf3', '2025-05-18 17:09:49.470318+00', '2025-05-18 17:09:49.470318+00');
INSERT INTO public.inventory_history VALUES ('ee0bd701-25f6-4a09-8135-d5da9673179c', '7278fb0e-e628-414d-9e35-8785656f8d2d', 10, 8, 'Order placed', '40948158-1924-40b2-b458-2450a076ebf3', '2025-05-18 17:11:46.173913+00', '2025-05-18 17:11:46.173913+00');
INSERT INTO public.inventory_history VALUES ('34528aba-b123-4ca6-98b7-78f361aa0b94', '7278fb0e-e628-414d-9e35-8785656f8d2d', 8, 6, 'Order placed', '40948158-1924-40b2-b458-2450a076ebf3', '2025-05-18 17:13:23.810357+00', '2025-05-18 17:13:23.810357+00');
INSERT INTO public.inventory_history VALUES ('8fede5f4-3839-4f1d-89a9-7faaedff90ae', '7278fb0e-e628-414d-9e35-8785656f8d2d', 6, 4, 'Order placed', '40948158-1924-40b2-b458-2450a076ebf3', '2025-05-18 17:15:11.592918+00', '2025-05-18 17:15:11.592918+00');
INSERT INTO public.inventory_history VALUES ('e3b68c31-81c8-4be4-bae3-036b6b176294', '7278fb0e-e628-414d-9e35-8785656f8d2d', 4, 2, 'Order placed', '40948158-1924-40b2-b458-2450a076ebf3', '2025-05-18 17:16:17.258166+00', '2025-05-18 17:16:17.258166+00');
INSERT INTO public.inventory_history VALUES ('54ef10c1-fdc2-4e81-96a7-0bd7a23c7b20', '7278fb0e-e628-414d-9e35-8785656f8d2d', 2, 0, 'Order placed', '40948158-1924-40b2-b458-2450a076ebf3', '2025-05-18 17:18:22.106161+00', '2025-05-18 17:18:22.106161+00');
INSERT INTO public.inventory_history VALUES ('eb034035-97a3-46c1-9223-3b0e669c4a21', '605958cd-eb20-4bfe-9c4e-4e60991687bc', 0, 1000, 'new stock', '40948158-1924-40b2-b458-2450a076ebf3', '2025-05-18 17:21:37.591827+00', '2025-05-18 17:21:37.591827+00');
INSERT INTO public.inventory_history VALUES ('0f1b3eab-12c3-4971-976d-f2e6edd89b4b', '605958cd-eb20-4bfe-9c4e-4e60991687bc', 1000, 998, 'Order placed', '40948158-1924-40b2-b458-2450a076ebf3', '2025-05-18 17:21:58.923139+00', '2025-05-18 17:21:58.923139+00');
INSERT INTO public.inventory_history VALUES ('cbf089a9-9fd5-44c0-8ba6-c42ecca6626f', '605958cd-eb20-4bfe-9c4e-4e60991687bc', 998, 996, 'Order placed', '40948158-1924-40b2-b458-2450a076ebf3', '2025-05-18 17:26:23.182555+00', '2025-05-18 17:26:23.182555+00');
INSERT INTO public.inventory_history VALUES ('c4c30903-2b88-40f0-b7e3-4d911c989135', '605958cd-eb20-4bfe-9c4e-4e60991687bc', 996, 994, 'Order placed', '40948158-1924-40b2-b458-2450a076ebf3', '2025-05-18 17:30:25.820995+00', '2025-05-18 17:30:25.820995+00');
INSERT INTO public.inventory_history VALUES ('82ceab22-749d-41ec-9972-f8b1f4f9020b', '605958cd-eb20-4bfe-9c4e-4e60991687bc', 994, 992, 'Order placed', '40948158-1924-40b2-b458-2450a076ebf3', '2025-05-18 17:33:10.177826+00', '2025-05-18 17:33:10.177826+00');
INSERT INTO public.inventory_history VALUES ('ae261f14-3df5-4a2a-82c7-98269b28a726', '605958cd-eb20-4bfe-9c4e-4e60991687bc', 992, 990, 'Order placed', '40948158-1924-40b2-b458-2450a076ebf3', '2025-05-18 17:35:50.543443+00', '2025-05-18 17:35:50.543443+00');
INSERT INTO public.inventory_history VALUES ('7948b943-4244-4a56-b21e-4b2518410786', '605958cd-eb20-4bfe-9c4e-4e60991687bc', 990, 988, 'Order placed', '40948158-1924-40b2-b458-2450a076ebf3', '2025-05-18 17:54:30.234698+00', '2025-05-18 17:54:30.234698+00');
INSERT INTO public.inventory_history VALUES ('8937ee59-b7a1-4e3a-b83f-d5e3011988eb', '605958cd-eb20-4bfe-9c4e-4e60991687bc', 988, 986, 'Order placed', '40948158-1924-40b2-b458-2450a076ebf3', '2025-05-18 17:56:07.835587+00', '2025-05-18 17:56:07.835587+00');
INSERT INTO public.inventory_history VALUES ('d62aebae-8b46-4e06-885c-0f7566a9d7cb', '605958cd-eb20-4bfe-9c4e-4e60991687bc', 986, 984, 'Order placed', '40948158-1924-40b2-b458-2450a076ebf3', '2025-05-18 18:14:01.495619+00', '2025-05-18 18:14:01.495619+00');
INSERT INTO public.inventory_history VALUES ('d2fc846d-08ab-425b-9447-4f6a32296076', '605958cd-eb20-4bfe-9c4e-4e60991687bc', 984, 982, 'Order placed', '40948158-1924-40b2-b458-2450a076ebf3', '2025-05-18 18:16:14.408067+00', '2025-05-18 18:16:14.408067+00');
INSERT INTO public.inventory_history VALUES ('e8b13ee2-0b35-4a84-bf0e-ce7b5071dafa', '605958cd-eb20-4bfe-9c4e-4e60991687bc', 982, 980, 'Order placed', '40948158-1924-40b2-b458-2450a076ebf3', '2025-05-18 18:20:37.463102+00', '2025-05-18 18:20:37.463102+00');
INSERT INTO public.inventory_history VALUES ('df57c364-18f2-4d24-94bd-7f1279e0921f', '605958cd-eb20-4bfe-9c4e-4e60991687bc', 980, 978, 'Order placed', '40948158-1924-40b2-b458-2450a076ebf3', '2025-05-18 18:30:30.792616+00', '2025-05-18 18:30:30.792616+00');
INSERT INTO public.inventory_history VALUES ('5828ef04-fb28-484e-9879-395cecb25e0c', '605958cd-eb20-4bfe-9c4e-4e60991687bc', 978, 976, 'Order placed', '40948158-1924-40b2-b458-2450a076ebf3', '2025-05-18 19:05:03.444381+00', '2025-05-18 19:05:03.444381+00');
INSERT INTO public.inventory_history VALUES ('1ba2f111-5e51-40da-872c-966e45e6f0d1', '605958cd-eb20-4bfe-9c4e-4e60991687bc', 976, 974, 'Order placed', '40948158-1924-40b2-b458-2450a076ebf3', '2025-05-18 19:10:11.298254+00', '2025-05-18 19:10:11.298254+00');
INSERT INTO public.inventory_history VALUES ('bfd3d112-2938-4666-aa83-8657161e1324', '605958cd-eb20-4bfe-9c4e-4e60991687bc', 974, 972, 'Order placed', '40948158-1924-40b2-b458-2450a076ebf3', '2025-05-18 19:11:54.452889+00', '2025-05-18 19:11:54.452889+00');
INSERT INTO public.inventory_history VALUES ('e24cd021-8be9-4be5-9af1-963a7accf90b', '605958cd-eb20-4bfe-9c4e-4e60991687bc', 972, 970, 'Order placed', '40948158-1924-40b2-b458-2450a076ebf3', '2025-05-18 19:12:58.855345+00', '2025-05-18 19:12:58.855345+00');
INSERT INTO public.inventory_history VALUES ('791b1d52-cc3b-4a8a-923c-28bd3a5dda06', '605958cd-eb20-4bfe-9c4e-4e60991687bc', 970, 968, 'Order placed', '40948158-1924-40b2-b458-2450a076ebf3', '2025-05-18 19:13:21.150943+00', '2025-05-18 19:13:21.150943+00');
INSERT INTO public.inventory_history VALUES ('dbf569f1-f783-4544-bed2-417dc0c1e9fb', '605958cd-eb20-4bfe-9c4e-4e60991687bc', 968, 966, 'Order placed', '40948158-1924-40b2-b458-2450a076ebf3', '2025-05-18 19:14:26.604487+00', '2025-05-18 19:14:26.604487+00');
INSERT INTO public.inventory_history VALUES ('c5d7dd96-ffc8-4978-9217-815c4eb754d1', '605958cd-eb20-4bfe-9c4e-4e60991687bc', 966, 964, 'Order placed', '40948158-1924-40b2-b458-2450a076ebf3', '2025-05-18 19:14:36.450685+00', '2025-05-18 19:14:36.450685+00');
INSERT INTO public.inventory_history VALUES ('13a5b970-e9b5-480a-b762-11dd879b5dc2', '7278fb0e-e628-414d-9e35-8785656f8d2d', 0, 24, 'updated', '40948158-1924-40b2-b458-2450a076ebf3', '2025-05-18 19:15:51.992796+00', '2025-05-18 19:15:51.992796+00');
INSERT INTO public.inventory_history VALUES ('72ca67b0-7631-4fd5-a8f8-3419d8547424', '7278fb0e-e628-414d-9e35-8785656f8d2d', 24, 22, 'Order placed', '40948158-1924-40b2-b458-2450a076ebf3', '2025-05-18 19:24:45.093592+00', '2025-05-18 19:24:45.093592+00');
INSERT INTO public.inventory_history VALUES ('6b7b677c-1979-4e18-9b98-a69fd68ebad7', '7278fb0e-e628-414d-9e35-8785656f8d2d', 22, 20, 'Order placed', '40948158-1924-40b2-b458-2450a076ebf3', '2025-05-18 19:24:47.164884+00', '2025-05-18 19:24:47.164884+00');
INSERT INTO public.inventory_history VALUES ('8edf9dfd-4c5b-49fc-88ea-f061ae914efd', '7278fb0e-e628-414d-9e35-8785656f8d2d', 20, 18, 'Order placed', '40948158-1924-40b2-b458-2450a076ebf3', '2025-05-18 19:24:52.952865+00', '2025-05-18 19:24:52.952865+00');
INSERT INTO public.inventory_history VALUES ('8d5151dd-7ea7-4df8-a487-c52661f8db7d', '7278fb0e-e628-414d-9e35-8785656f8d2d', 18, 17, 'Order placed', '40948158-1924-40b2-b458-2450a076ebf3', '2025-05-18 19:25:16.908402+00', '2025-05-18 19:25:16.908402+00');
INSERT INTO public.inventory_history VALUES ('5657e0f5-6f8a-4d7d-8d48-bccd31a9cd5f', '7278fb0e-e628-414d-9e35-8785656f8d2d', 17, 16, 'Order placed', '40948158-1924-40b2-b458-2450a076ebf3', '2025-05-18 19:26:07.94408+00', '2025-05-18 19:26:07.94408+00');
INSERT INTO public.inventory_history VALUES ('8772068a-67e6-4c4a-b0ef-1f4296032993', '7278fb0e-e628-414d-9e35-8785656f8d2d', 16, 15, 'Order placed', '40948158-1924-40b2-b458-2450a076ebf3', '2025-05-18 19:26:13.713883+00', '2025-05-18 19:26:13.713883+00');
INSERT INTO public.inventory_history VALUES ('94cc41db-e61a-41dd-b3fa-3cf7e14dc427', '7278fb0e-e628-414d-9e35-8785656f8d2d', 15, 14, 'Order placed', '40948158-1924-40b2-b458-2450a076ebf3', '2025-05-18 19:27:17.825134+00', '2025-05-18 19:27:17.825134+00');
INSERT INTO public.inventory_history VALUES ('6f06990e-c883-47a4-ba47-9cce9ef20f92', '7278fb0e-e628-414d-9e35-8785656f8d2d', 14, 13, 'Order placed', '40948158-1924-40b2-b458-2450a076ebf3', '2025-05-18 19:28:53.604524+00', '2025-05-18 19:28:53.604524+00');
INSERT INTO public.inventory_history VALUES ('2ab56db9-533e-4533-8252-32650e7f9193', '7278fb0e-e628-414d-9e35-8785656f8d2d', 13, 12, 'Order placed', '40948158-1924-40b2-b458-2450a076ebf3', '2025-05-18 19:30:22.989213+00', '2025-05-18 19:30:22.989213+00');
INSERT INTO public.inventory_history VALUES ('8259c432-9e87-4c04-ae70-f22a34584d0f', '7278fb0e-e628-414d-9e35-8785656f8d2d', 12, 11, 'Order placed', '40948158-1924-40b2-b458-2450a076ebf3', '2025-05-18 19:31:42.116847+00', '2025-05-18 19:31:42.116847+00');
INSERT INTO public.inventory_history VALUES ('cf20bab7-9611-4bda-9954-8ce8786efab7', '7278fb0e-e628-414d-9e35-8785656f8d2d', 11, 10, 'Order placed', '40948158-1924-40b2-b458-2450a076ebf3', '2025-05-18 19:31:56.071752+00', '2025-05-18 19:31:56.071752+00');
INSERT INTO public.inventory_history VALUES ('b835e9e7-abfe-467a-af30-df24d2958e17', '7278fb0e-e628-414d-9e35-8785656f8d2d', 10, 9, 'Order placed', '40948158-1924-40b2-b458-2450a076ebf3', '2025-05-18 20:39:30.615751+00', '2025-05-18 20:39:30.615751+00');
INSERT INTO public.inventory_history VALUES ('a594c858-4f6f-4e63-ad7a-e09832334401', '7278fb0e-e628-414d-9e35-8785656f8d2d', 9, 8, 'Order placed', '40948158-1924-40b2-b458-2450a076ebf3', '2025-05-18 20:40:18.340051+00', '2025-05-18 20:40:18.340051+00');
INSERT INTO public.inventory_history VALUES ('748ea69d-aa86-420d-96f6-dc3117b977a7', '7278fb0e-e628-414d-9e35-8785656f8d2d', 8, 7, 'Order placed', '40948158-1924-40b2-b458-2450a076ebf3', '2025-05-18 21:19:07.750939+00', '2025-05-18 21:19:07.750939+00');
INSERT INTO public.inventory_history VALUES ('f8d14985-bef0-45d1-8d63-0d41f7b5bf77', '7278fb0e-e628-414d-9e35-8785656f8d2d', 7, 6, 'Order placed', '40948158-1924-40b2-b458-2450a076ebf3', '2025-05-18 21:19:49.159271+00', '2025-05-18 21:19:49.159271+00');
INSERT INTO public.inventory_history VALUES ('507c6179-fcf5-4aa2-aaf9-60ad6d2ae51b', '7278fb0e-e628-414d-9e35-8785656f8d2d', 6, 5, 'Order placed', '40948158-1924-40b2-b458-2450a076ebf3', '2025-05-18 21:19:49.751664+00', '2025-05-18 21:19:49.751664+00');
INSERT INTO public.inventory_history VALUES ('c61027a9-cb16-4e1c-94ca-75a79eef9273', '7278fb0e-e628-414d-9e35-8785656f8d2d', 5, 4, 'Order placed', '40948158-1924-40b2-b458-2450a076ebf3', '2025-05-18 21:19:50.342672+00', '2025-05-18 21:19:50.342672+00');
INSERT INTO public.inventory_history VALUES ('5b893ec8-d949-4f41-a35d-5cdfa7ef7f67', '7278fb0e-e628-414d-9e35-8785656f8d2d', 4, 3, 'Order placed', '40948158-1924-40b2-b458-2450a076ebf3', '2025-05-18 21:19:50.923992+00', '2025-05-18 21:19:50.923992+00');
INSERT INTO public.inventory_history VALUES ('b61b084c-5ac5-4a67-a11c-60c004f616d0', '7278fb0e-e628-414d-9e35-8785656f8d2d', 3, 2, 'Order placed', '40948158-1924-40b2-b458-2450a076ebf3', '2025-05-18 21:19:55.417238+00', '2025-05-18 21:19:55.417238+00');
INSERT INTO public.inventory_history VALUES ('2d8fe397-8c11-47e4-8930-5a6d8f5a7040', '7278fb0e-e628-414d-9e35-8785656f8d2d', 2, 1, 'Order placed', '40948158-1924-40b2-b458-2450a076ebf3', '2025-05-18 21:19:56.073921+00', '2025-05-18 21:19:56.073921+00');
INSERT INTO public.inventory_history VALUES ('94e034b7-5c62-44c8-98cd-5f4acdbd03c2', '7278fb0e-e628-414d-9e35-8785656f8d2d', 1, 0, 'Order placed', '40948158-1924-40b2-b458-2450a076ebf3', '2025-05-18 21:19:56.631191+00', '2025-05-18 21:19:56.631191+00');
INSERT INTO public.inventory_history VALUES ('e32775e0-7803-4f3c-a997-1a6482fca0a0', '605958cd-eb20-4bfe-9c4e-4e60991687bc', 964, 954, 'Order placed', '40948158-1924-40b2-b458-2450a076ebf3', '2025-05-18 21:21:12.643024+00', '2025-05-18 21:21:12.643024+00');
INSERT INTO public.inventory_history VALUES ('d0b66e70-458a-4af8-8d39-abb4c52a243f', '605958cd-eb20-4bfe-9c4e-4e60991687bc', 954, 952, 'Order placed', '40948158-1924-40b2-b458-2450a076ebf3', '2025-05-18 21:21:15.389869+00', '2025-05-18 21:21:15.389869+00');
INSERT INTO public.inventory_history VALUES ('1f39d382-57e8-4d8a-8688-bc5d6a1f8ff9', '605958cd-eb20-4bfe-9c4e-4e60991687bc', 952, 948, 'Order placed', '40948158-1924-40b2-b458-2450a076ebf3', '2025-05-18 21:21:17.337351+00', '2025-05-18 21:21:17.337351+00');
INSERT INTO public.inventory_history VALUES ('13ad912a-0faf-42c2-9b4c-8b6e213abddb', '605958cd-eb20-4bfe-9c4e-4e60991687bc', 948, 940, 'Order placed', '40948158-1924-40b2-b458-2450a076ebf3', '2025-05-18 21:21:19.866531+00', '2025-05-18 21:21:19.866531+00');
INSERT INTO public.inventory_history VALUES ('2bee9d35-15c1-4043-a946-ce08a89c3b79', '605958cd-eb20-4bfe-9c4e-4e60991687bc', 940, 930, 'Order placed', '40948158-1924-40b2-b458-2450a076ebf3', '2025-05-18 21:21:22.179349+00', '2025-05-18 21:21:22.179349+00');
INSERT INTO public.inventory_history VALUES ('09648172-00f1-4a84-998a-69feb497bae0', '605958cd-eb20-4bfe-9c4e-4e60991687bc', 930, 918, 'Order placed', '40948158-1924-40b2-b458-2450a076ebf3', '2025-05-18 21:21:24.712056+00', '2025-05-18 21:21:24.712056+00');
INSERT INTO public.inventory_history VALUES ('d175c698-975c-4b73-be44-55a5cca4100a', '605958cd-eb20-4bfe-9c4e-4e60991687bc', 918, 906, 'Order placed', '40948158-1924-40b2-b458-2450a076ebf3', '2025-05-18 21:22:00.320459+00', '2025-05-18 21:22:00.320459+00');
INSERT INTO public.inventory_history VALUES ('96224b47-35ba-4ed0-ad08-653435d4a866', '605958cd-eb20-4bfe-9c4e-4e60991687bc', 906, 894, 'Order placed', '40948158-1924-40b2-b458-2450a076ebf3', '2025-05-18 21:22:00.985667+00', '2025-05-18 21:22:00.985667+00');
INSERT INTO public.inventory_history VALUES ('6554fcb8-7740-433d-8237-8d4d021121d1', '605958cd-eb20-4bfe-9c4e-4e60991687bc', 894, 884, 'Order placed', '40948158-1924-40b2-b458-2450a076ebf3', '2025-05-18 21:22:03.690523+00', '2025-05-18 21:22:03.690523+00');
INSERT INTO public.inventory_history VALUES ('865ca498-0cda-4f71-b0c1-843bbcfcb8ae', '605958cd-eb20-4bfe-9c4e-4e60991687bc', 884, 874, 'Order placed', '40948158-1924-40b2-b458-2450a076ebf3', '2025-05-18 22:00:50.808781+00', '2025-05-18 22:00:50.808781+00');
INSERT INTO public.inventory_history VALUES ('e5f88cb2-d92e-43d5-8be2-0f66b0f43f28', '605958cd-eb20-4bfe-9c4e-4e60991687bc', 874, 864, 'Order placed', '40948158-1924-40b2-b458-2450a076ebf3', '2025-05-18 22:00:53.428443+00', '2025-05-18 22:00:53.428443+00');
INSERT INTO public.inventory_history VALUES ('d850ae2e-435a-4ba4-b618-6fd823470a2b', '605958cd-eb20-4bfe-9c4e-4e60991687bc', 864, 854, 'Order placed', '40948158-1924-40b2-b458-2450a076ebf3', '2025-05-18 22:00:54.436649+00', '2025-05-18 22:00:54.436649+00');
INSERT INTO public.inventory_history VALUES ('1a15e7bf-c0b7-42c5-b939-8e3e929d0438', '605958cd-eb20-4bfe-9c4e-4e60991687bc', 854, 852, 'Order placed', '40948158-1924-40b2-b458-2450a076ebf3', '2025-05-18 22:00:57.235269+00', '2025-05-18 22:00:57.235269+00');
INSERT INTO public.inventory_history VALUES ('884d90b0-f452-495e-a36c-d559a7595db8', '605958cd-eb20-4bfe-9c4e-4e60991687bc', 852, 850, 'Order placed', '40948158-1924-40b2-b458-2450a076ebf3', '2025-05-18 22:01:03.22271+00', '2025-05-18 22:01:03.22271+00');
INSERT INTO public.inventory_history VALUES ('f22e3f12-b252-4333-ba0c-a82acd55d962', '605958cd-eb20-4bfe-9c4e-4e60991687bc', 850, 848, 'Order placed', '40948158-1924-40b2-b458-2450a076ebf3', '2025-05-18 22:03:18.93706+00', '2025-05-18 22:03:18.93706+00');
INSERT INTO public.inventory_history VALUES ('73f8de40-be52-40ba-bc9d-bb6192be8a3d', '605958cd-eb20-4bfe-9c4e-4e60991687bc', 848, 846, 'Order placed', '40948158-1924-40b2-b458-2450a076ebf3', '2025-05-18 22:04:31.027273+00', '2025-05-18 22:04:31.027273+00');
INSERT INTO public.inventory_history VALUES ('07482be0-9a4f-427f-969c-bd0cc65ca490', '605958cd-eb20-4bfe-9c4e-4e60991687bc', 846, 844, 'Order placed', '40948158-1924-40b2-b458-2450a076ebf3', '2025-05-18 22:04:44.233213+00', '2025-05-18 22:04:44.233213+00');
INSERT INTO public.inventory_history VALUES ('6f39d89a-8e13-4be1-a83a-45b65a643843', '605958cd-eb20-4bfe-9c4e-4e60991687bc', 844, 842, 'Order placed', '40948158-1924-40b2-b458-2450a076ebf3', '2025-05-18 22:04:54.76802+00', '2025-05-18 22:04:54.76802+00');
INSERT INTO public.inventory_history VALUES ('48f16700-7a48-47d2-bd8b-c0f644eab6a9', '605958cd-eb20-4bfe-9c4e-4e60991687bc', 842, 840, 'Order placed', '40948158-1924-40b2-b458-2450a076ebf3', '2025-05-18 22:05:05.75733+00', '2025-05-18 22:05:05.75733+00');
INSERT INTO public.inventory_history VALUES ('90aaed47-4c75-41b9-8c06-d286d0b42436', '605958cd-eb20-4bfe-9c4e-4e60991687bc', 840, 838, 'Order placed', '40948158-1924-40b2-b458-2450a076ebf3', '2025-05-18 22:05:06.498772+00', '2025-05-18 22:05:06.498772+00');
INSERT INTO public.inventory_history VALUES ('7f247f7f-56ee-441a-b84f-51eeba706339', '605958cd-eb20-4bfe-9c4e-4e60991687bc', 838, 836, 'Order placed', '40948158-1924-40b2-b458-2450a076ebf3', '2025-05-18 22:05:07.259945+00', '2025-05-18 22:05:07.259945+00');
INSERT INTO public.inventory_history VALUES ('2d4b383f-a6b2-4c13-9c0f-e3e41b08ae36', '605958cd-eb20-4bfe-9c4e-4e60991687bc', 832, 830, 'Order placed', '40948158-1924-40b2-b458-2450a076ebf3', '2025-05-18 22:05:26.626749+00', '2025-05-18 22:05:26.626749+00');
INSERT INTO public.inventory_history VALUES ('ff17f421-0942-47f1-bfcc-6642508b2f83', '605958cd-eb20-4bfe-9c4e-4e60991687bc', 830, 828, 'Order placed', '40948158-1924-40b2-b458-2450a076ebf3', '2025-05-18 22:05:43.832771+00', '2025-05-18 22:05:43.832771+00');
INSERT INTO public.inventory_history VALUES ('97395d64-8c51-49d4-a8c4-586e304dac3b', '605958cd-eb20-4bfe-9c4e-4e60991687bc', 828, 826, 'Order placed', '40948158-1924-40b2-b458-2450a076ebf3', '2025-05-18 22:05:44.371203+00', '2025-05-18 22:05:44.371203+00');
INSERT INTO public.inventory_history VALUES ('6b9af4a6-77e6-466e-9c01-0de87c5cb89e', '605958cd-eb20-4bfe-9c4e-4e60991687bc', 826, 824, 'Order placed', '40948158-1924-40b2-b458-2450a076ebf3', '2025-05-18 22:05:44.815267+00', '2025-05-18 22:05:44.815267+00');
INSERT INTO public.inventory_history VALUES ('39fca8bf-f968-4dc1-891a-d1bcb15a2329', '605958cd-eb20-4bfe-9c4e-4e60991687bc', 836, 834, 'Order placed', '40948158-1924-40b2-b458-2450a076ebf3', '2025-05-18 22:05:13.155521+00', '2025-05-18 22:05:13.155521+00');
INSERT INTO public.inventory_history VALUES ('2ac992f1-7060-4c6f-881c-9df4bd79ea94', '605958cd-eb20-4bfe-9c4e-4e60991687bc', 834, 832, 'Order placed', '40948158-1924-40b2-b458-2450a076ebf3', '2025-05-18 22:05:19.256473+00', '2025-05-18 22:05:19.256473+00');
INSERT INTO public.inventory_history VALUES ('3f76f3fc-517b-4950-860c-f2f17dcb958f', '605958cd-eb20-4bfe-9c4e-4e60991687bc', 824, 822, 'Order placed', '40948158-1924-40b2-b458-2450a076ebf3', '2025-05-18 22:18:43.131273+00', '2025-05-18 22:18:43.131273+00');
INSERT INTO public.inventory_history VALUES ('e479595a-f1db-4e5d-a37a-249e926dd8ae', '605958cd-eb20-4bfe-9c4e-4e60991687bc', 822, 820, 'Order placed', '40948158-1924-40b2-b458-2450a076ebf3', '2025-05-18 22:22:52.506017+00', '2025-05-18 22:22:52.506017+00');
INSERT INTO public.inventory_history VALUES ('65bfdcd1-3b43-4de3-a0a3-f3e4287c8424', '605958cd-eb20-4bfe-9c4e-4e60991687bc', 820, 818, 'Order placed', '40948158-1924-40b2-b458-2450a076ebf3', '2025-05-18 22:22:53.467266+00', '2025-05-18 22:22:53.467266+00');
INSERT INTO public.inventory_history VALUES ('924fb6cc-66df-4cab-a7fb-e5192c414bba', '605958cd-eb20-4bfe-9c4e-4e60991687bc', 818, 816, 'Order placed', '40948158-1924-40b2-b458-2450a076ebf3', '2025-05-18 22:22:54.110082+00', '2025-05-18 22:22:54.110082+00');
INSERT INTO public.inventory_history VALUES ('64419242-f6a6-44d8-86a6-4fff682ba5d3', '605958cd-eb20-4bfe-9c4e-4e60991687bc', 816, 814, 'Order placed', '40948158-1924-40b2-b458-2450a076ebf3', '2025-05-18 22:22:54.772434+00', '2025-05-18 22:22:54.772434+00');
INSERT INTO public.inventory_history VALUES ('222df64e-b503-43ff-989f-2c529ee03b06', '605958cd-eb20-4bfe-9c4e-4e60991687bc', 814, 812, 'Order placed', '40948158-1924-40b2-b458-2450a076ebf3', '2025-05-18 22:22:55.353699+00', '2025-05-18 22:22:55.353699+00');
INSERT INTO public.inventory_history VALUES ('0f175242-bc1f-4035-8895-a01203dcd0b8', '605958cd-eb20-4bfe-9c4e-4e60991687bc', 812, 810, 'Order placed', '40948158-1924-40b2-b458-2450a076ebf3', '2025-05-18 22:22:55.906493+00', '2025-05-18 22:22:55.906493+00');
INSERT INTO public.inventory_history VALUES ('e16365a4-fedb-40af-b845-94769775548c', '605958cd-eb20-4bfe-9c4e-4e60991687bc', 810, 808, 'Order placed', '40948158-1924-40b2-b458-2450a076ebf3', '2025-05-18 22:23:02.682419+00', '2025-05-18 22:23:02.682419+00');
INSERT INTO public.inventory_history VALUES ('2dc2bb4d-f608-4435-92fd-6d9bf2314626', '605958cd-eb20-4bfe-9c4e-4e60991687bc', 808, 806, 'Order placed', '40948158-1924-40b2-b458-2450a076ebf3', '2025-05-18 22:23:49.686973+00', '2025-05-18 22:23:49.686973+00');
INSERT INTO public.inventory_history VALUES ('c40eb0cc-d407-4767-a70d-4b044bfb7f71', '605958cd-eb20-4bfe-9c4e-4e60991687bc', 806, 804, 'Order placed', '40948158-1924-40b2-b458-2450a076ebf3', '2025-05-18 22:23:50.44684+00', '2025-05-18 22:23:50.44684+00');
INSERT INTO public.inventory_history VALUES ('baf3ef4e-54ee-49ae-8f95-512e3499f014', '605958cd-eb20-4bfe-9c4e-4e60991687bc', 804, 802, 'Order placed', '40948158-1924-40b2-b458-2450a076ebf3', '2025-05-18 22:23:51.218044+00', '2025-05-18 22:23:51.218044+00');
INSERT INTO public.inventory_history VALUES ('7d57e6ca-866d-425e-b75c-83e4a1d53e88', '605958cd-eb20-4bfe-9c4e-4e60991687bc', 802, 800, 'Order placed', '40948158-1924-40b2-b458-2450a076ebf3', '2025-05-18 22:23:51.965794+00', '2025-05-18 22:23:51.965794+00');
INSERT INTO public.inventory_history VALUES ('28649747-e9df-40d5-a6d0-9013ff076b90', '605958cd-eb20-4bfe-9c4e-4e60991687bc', 800, 798, 'Order placed', '40948158-1924-40b2-b458-2450a076ebf3', '2025-05-18 22:23:52.691633+00', '2025-05-18 22:23:52.691633+00');
INSERT INTO public.inventory_history VALUES ('c5caafe7-ef1f-4d98-add8-6899f2d10842', '605958cd-eb20-4bfe-9c4e-4e60991687bc', 798, 796, 'Order placed', '40948158-1924-40b2-b458-2450a076ebf3', '2025-05-18 22:23:53.375905+00', '2025-05-18 22:23:53.375905+00');
INSERT INTO public.inventory_history VALUES ('11dd6a3d-f45f-4a65-9cd8-83c0a2e626cf', '605958cd-eb20-4bfe-9c4e-4e60991687bc', 796, 794, 'Order placed', '40948158-1924-40b2-b458-2450a076ebf3', '2025-05-18 22:23:54.096978+00', '2025-05-18 22:23:54.096978+00');
INSERT INTO public.inventory_history VALUES ('a9c22335-d754-43cf-85bb-5bd6b573c8ab', '605958cd-eb20-4bfe-9c4e-4e60991687bc', 794, 792, 'Order placed', '40948158-1924-40b2-b458-2450a076ebf3', '2025-05-18 22:23:54.736816+00', '2025-05-18 22:23:54.736816+00');
INSERT INTO public.inventory_history VALUES ('9c4aaa1d-3f29-4197-bfa3-e3b814f97ae3', '605958cd-eb20-4bfe-9c4e-4e60991687bc', 792, 790, 'Order placed', '40948158-1924-40b2-b458-2450a076ebf3', '2025-05-18 22:23:55.34909+00', '2025-05-18 22:23:55.34909+00');
INSERT INTO public.inventory_history VALUES ('e38f748b-e466-44aa-9faa-c79b8ec640fd', '605958cd-eb20-4bfe-9c4e-4e60991687bc', 790, 788, 'Order placed', '40948158-1924-40b2-b458-2450a076ebf3', '2025-05-18 22:23:55.966408+00', '2025-05-18 22:23:55.966408+00');
INSERT INTO public.inventory_history VALUES ('d9fcdcdb-5edc-4bbf-b4ab-3cee95c92ebf', '605958cd-eb20-4bfe-9c4e-4e60991687bc', 788, 786, 'Order placed', '40948158-1924-40b2-b458-2450a076ebf3', '2025-05-18 22:42:22.512889+00', '2025-05-18 22:42:22.512889+00');
INSERT INTO public.inventory_history VALUES ('dbe6455d-75ba-47c1-ab22-ac8db75b3f12', '605958cd-eb20-4bfe-9c4e-4e60991687bc', 786, 784, 'Order placed', '40948158-1924-40b2-b458-2450a076ebf3', '2025-05-18 22:42:27.243987+00', '2025-05-18 22:42:27.243987+00');
INSERT INTO public.inventory_history VALUES ('ad2e6457-3ef6-4318-a961-731f67bb78a1', '605958cd-eb20-4bfe-9c4e-4e60991687bc', 784, 782, 'Order placed', '40948158-1924-40b2-b458-2450a076ebf3', '2025-05-18 22:42:28.635765+00', '2025-05-18 22:42:28.635765+00');
INSERT INTO public.inventory_history VALUES ('7370bbf9-d640-4303-b52b-0fd8563cd1dd', '605958cd-eb20-4bfe-9c4e-4e60991687bc', 782, 780, 'Order placed', '40948158-1924-40b2-b458-2450a076ebf3', '2025-05-18 22:42:29.580781+00', '2025-05-18 22:42:29.580781+00');
INSERT INTO public.inventory_history VALUES ('e58fef51-3144-4f95-bf71-a3f3ad3ca3c2', '605958cd-eb20-4bfe-9c4e-4e60991687bc', 780, 778, 'Order placed', '40948158-1924-40b2-b458-2450a076ebf3', '2025-05-18 22:42:30.262885+00', '2025-05-18 22:42:30.262885+00');
INSERT INTO public.inventory_history VALUES ('ee0cbb84-6b0c-43ec-abb2-2cbe3198397a', '605958cd-eb20-4bfe-9c4e-4e60991687bc', 778, 776, 'Order placed', '40948158-1924-40b2-b458-2450a076ebf3', '2025-05-18 22:42:30.916975+00', '2025-05-18 22:42:30.916975+00');
INSERT INTO public.inventory_history VALUES ('8b41db17-1f29-4f70-af11-52fd7a7f64cd', '605958cd-eb20-4bfe-9c4e-4e60991687bc', 776, 774, 'Order placed', '40948158-1924-40b2-b458-2450a076ebf3', '2025-05-18 22:42:31.653717+00', '2025-05-18 22:42:31.653717+00');
INSERT INTO public.inventory_history VALUES ('06260cba-7246-47bf-b928-e90b1f2c2ddd', '605958cd-eb20-4bfe-9c4e-4e60991687bc', 774, 772, 'Order placed', '40948158-1924-40b2-b458-2450a076ebf3', '2025-05-18 22:42:32.318431+00', '2025-05-18 22:42:32.318431+00');
INSERT INTO public.inventory_history VALUES ('8e4d3891-630b-479d-9fec-afa7800776cb', '605958cd-eb20-4bfe-9c4e-4e60991687bc', 772, 770, 'Order placed', '40948158-1924-40b2-b458-2450a076ebf3', '2025-05-18 22:42:37.277281+00', '2025-05-18 22:42:37.277281+00');
INSERT INTO public.inventory_history VALUES ('8f647124-85dd-4849-ac73-881b0ee2dc2c', '605958cd-eb20-4bfe-9c4e-4e60991687bc', 770, 768, 'Order placed', '40948158-1924-40b2-b458-2450a076ebf3', '2025-05-18 22:42:38.056078+00', '2025-05-18 22:42:38.056078+00');
INSERT INTO public.inventory_history VALUES ('88ba4ba6-8da3-487e-a387-4de9a5e989d0', '8329926a-e192-4f4f-a534-f974ef41151e', 0, 1000, 'new stock', '40948158-1924-40b2-b458-2450a076ebf3', '2025-05-18 23:10:33.676552+00', '2025-05-18 23:10:33.676552+00');
INSERT INTO public.inventory_history VALUES ('eb95b545-e369-4dc1-a454-acbe7cbe00a7', '605958cd-eb20-4bfe-9c4e-4e60991687bc', 768, 766, 'Order placed', '40948158-1924-40b2-b458-2450a076ebf3', '2025-05-18 23:11:08.499759+00', '2025-05-18 23:11:08.499759+00');
INSERT INTO public.inventory_history VALUES ('2e4cec38-1145-4b23-8c12-ead3517ae4a8', '8329926a-e192-4f4f-a534-f974ef41151e', 1000, 990, 'Order placed', '40948158-1924-40b2-b458-2450a076ebf3', '2025-05-18 23:11:08.499759+00', '2025-05-18 23:11:08.499759+00');
INSERT INTO public.inventory_history VALUES ('0a1cb761-f9d2-48a8-aa2f-5067bb64a0ea', '605958cd-eb20-4bfe-9c4e-4e60991687bc', 766, 764, 'Order placed', '40948158-1924-40b2-b458-2450a076ebf3', '2025-05-18 23:11:15.486696+00', '2025-05-18 23:11:15.486696+00');
INSERT INTO public.inventory_history VALUES ('138c73ba-ce34-4482-8787-16fe71bc75e9', '8329926a-e192-4f4f-a534-f974ef41151e', 990, 980, 'Order placed', '40948158-1924-40b2-b458-2450a076ebf3', '2025-05-18 23:11:15.486696+00', '2025-05-18 23:11:15.486696+00');
INSERT INTO public.inventory_history VALUES ('c19cffbd-c25c-4693-83ab-b08d7f665f11', '605958cd-eb20-4bfe-9c4e-4e60991687bc', 764, 762, 'Order placed', '40948158-1924-40b2-b458-2450a076ebf3', '2025-05-18 23:11:16.652409+00', '2025-05-18 23:11:16.652409+00');
INSERT INTO public.inventory_history VALUES ('302643bc-e160-4f21-8895-e7a707c9b39b', '8329926a-e192-4f4f-a534-f974ef41151e', 980, 970, 'Order placed', '40948158-1924-40b2-b458-2450a076ebf3', '2025-05-18 23:11:16.652409+00', '2025-05-18 23:11:16.652409+00');
INSERT INTO public.inventory_history VALUES ('948ee6d7-aae8-4139-b2c9-98d0fa75d287', '605958cd-eb20-4bfe-9c4e-4e60991687bc', 762, 760, 'Order placed', '40948158-1924-40b2-b458-2450a076ebf3', '2025-05-18 23:11:17.425472+00', '2025-05-18 23:11:17.425472+00');
INSERT INTO public.inventory_history VALUES ('a7e1cbe8-a791-4864-ad42-bf802c221630', '8329926a-e192-4f4f-a534-f974ef41151e', 970, 960, 'Order placed', '40948158-1924-40b2-b458-2450a076ebf3', '2025-05-18 23:11:17.425472+00', '2025-05-18 23:11:17.425472+00');
INSERT INTO public.inventory_history VALUES ('49a398bb-74c4-49d1-a775-32f3b7701d36', '605958cd-eb20-4bfe-9c4e-4e60991687bc', 760, 758, 'Order placed', '40948158-1924-40b2-b458-2450a076ebf3', '2025-05-18 23:11:18.120858+00', '2025-05-18 23:11:18.120858+00');
INSERT INTO public.inventory_history VALUES ('ea031316-3507-484e-b71a-597383ed5304', '8329926a-e192-4f4f-a534-f974ef41151e', 960, 950, 'Order placed', '40948158-1924-40b2-b458-2450a076ebf3', '2025-05-18 23:11:18.120858+00', '2025-05-18 23:11:18.120858+00');
INSERT INTO public.inventory_history VALUES ('9d0a89bc-c117-4183-a64a-426e77a0ec98', '605958cd-eb20-4bfe-9c4e-4e60991687bc', 758, 756, 'Order placed', '40948158-1924-40b2-b458-2450a076ebf3', '2025-05-18 23:11:18.728902+00', '2025-05-18 23:11:18.728902+00');
INSERT INTO public.inventory_history VALUES ('5dcf3ca0-054d-4d1f-992b-5cdb2fdcea9d', '8329926a-e192-4f4f-a534-f974ef41151e', 950, 940, 'Order placed', '40948158-1924-40b2-b458-2450a076ebf3', '2025-05-18 23:11:18.728902+00', '2025-05-18 23:11:18.728902+00');
INSERT INTO public.inventory_history VALUES ('cc2c35de-0236-48af-842f-ebbd4541efc7', '605958cd-eb20-4bfe-9c4e-4e60991687bc', 756, 754, 'Order placed', '40948158-1924-40b2-b458-2450a076ebf3', '2025-05-18 23:11:19.34545+00', '2025-05-18 23:11:19.34545+00');
INSERT INTO public.inventory_history VALUES ('9d4ce499-1205-41ee-94e2-be3768acf41f', '8329926a-e192-4f4f-a534-f974ef41151e', 940, 930, 'Order placed', '40948158-1924-40b2-b458-2450a076ebf3', '2025-05-18 23:11:19.34545+00', '2025-05-18 23:11:19.34545+00');
INSERT INTO public.inventory_history VALUES ('eedd3b07-fdf2-4f31-8a67-e903b01ddcf4', '605958cd-eb20-4bfe-9c4e-4e60991687bc', 754, 752, 'Order placed', '40948158-1924-40b2-b458-2450a076ebf3', '2025-05-18 23:11:20.01578+00', '2025-05-18 23:11:20.01578+00');
INSERT INTO public.inventory_history VALUES ('7b25e92d-f0e4-46a3-8d87-17aa976ce3f1', '8329926a-e192-4f4f-a534-f974ef41151e', 930, 920, 'Order placed', '40948158-1924-40b2-b458-2450a076ebf3', '2025-05-18 23:11:20.01578+00', '2025-05-18 23:11:20.01578+00');
INSERT INTO public.inventory_history VALUES ('e52355e5-a93b-43a9-b9ec-5d2cc4e23c07', '605958cd-eb20-4bfe-9c4e-4e60991687bc', 752, 750, 'Order placed', '40948158-1924-40b2-b458-2450a076ebf3', '2025-05-18 23:11:20.603494+00', '2025-05-18 23:11:20.603494+00');
INSERT INTO public.inventory_history VALUES ('01a92e05-894e-4df0-912b-651fd5a72ef2', '8329926a-e192-4f4f-a534-f974ef41151e', 920, 910, 'Order placed', '40948158-1924-40b2-b458-2450a076ebf3', '2025-05-18 23:11:20.603494+00', '2025-05-18 23:11:20.603494+00');
INSERT INTO public.inventory_history VALUES ('c8571847-30d4-4ade-8f80-7ef37a0f2d1c', '605958cd-eb20-4bfe-9c4e-4e60991687bc', 750, 748, 'Order placed', '40948158-1924-40b2-b458-2450a076ebf3', '2025-05-18 23:11:21.190941+00', '2025-05-18 23:11:21.190941+00');
INSERT INTO public.inventory_history VALUES ('4198c331-7319-4d6a-8d1a-434bf73775a7', '8329926a-e192-4f4f-a534-f974ef41151e', 910, 900, 'Order placed', '40948158-1924-40b2-b458-2450a076ebf3', '2025-05-18 23:11:21.190941+00', '2025-05-18 23:11:21.190941+00');
INSERT INTO public.inventory_history VALUES ('785dbe85-56f6-4c01-9af1-b67629f8cb42', '605958cd-eb20-4bfe-9c4e-4e60991687bc', 748, 746, 'Order placed', '40948158-1924-40b2-b458-2450a076ebf3', '2025-05-18 23:11:21.805166+00', '2025-05-18 23:11:21.805166+00');
INSERT INTO public.inventory_history VALUES ('bc1a1d80-750a-4977-b3e9-832b4ac479db', '8329926a-e192-4f4f-a534-f974ef41151e', 900, 890, 'Order placed', '40948158-1924-40b2-b458-2450a076ebf3', '2025-05-18 23:11:21.805166+00', '2025-05-18 23:11:21.805166+00');


--
-- Data for Name: sales_channel; Type: TABLE DATA; Schema: public; Owner: postgres
--

INSERT INTO public.sales_channel VALUES ('2972e5b2-68fd-44e8-a1a6-650512f737c5', 'Default', NULL, 'ACTIVE', '2025-05-18 14:30:28.033928+00', '2025-05-18 14:30:28.033928+00');


--
-- Data for Name: orders; Type: TABLE DATA; Schema: public; Owner: postgres
--

INSERT INTO public.orders VALUES ('51d079de-5cfd-4de0-a6bd-c9c4660d8702', 'ORD-20250518-X73Z', '2972e5b2-68fd-44e8-a1a6-650512f737c5', '2025-05-18 15:53:32.725164+00', 19000.0000, 1.2000, 0.9900, 0.0000, 'PENDING', 'Haris', 'haris.iqbal00@outlook.com', 'karachi sindh pakistan', 'karachi sindh pakistan', '2025-05-18 15:53:32.718758+00', '2025-05-18 15:53:32.718758+00');
INSERT INTO public.orders VALUES ('7e3017c5-48f7-41c6-961d-b0bfcae36085', 'ORD-20250518-8TD0', '2972e5b2-68fd-44e8-a1a6-650512f737c5', '2025-05-18 17:08:49.425547+00', 3800.0000, 1.2000, 0.9900, 0.0000, 'PENDING', 'Haris', 'haris.iqbal00@outlook.com', 'karachi sindh pakistan', 'karachi sindh pakistan', '2025-05-18 17:08:49.417735+00', '2025-05-18 17:08:49.417735+00');
INSERT INTO public.orders VALUES ('308d0ac2-e320-4150-8add-a49c34501aa5', 'ORD-20250518-D66K', '2972e5b2-68fd-44e8-a1a6-650512f737c5', '2025-05-18 17:09:49.47686+00', 3800.0000, 1.2000, 0.9900, 0.0000, 'PENDING', 'Haris', 'haris.iqbal00@outlook.com', 'karachi sindh pakistan', 'karachi sindh pakistan', '2025-05-18 17:09:49.470318+00', '2025-05-18 17:09:49.470318+00');
INSERT INTO public.orders VALUES ('cacc4a6b-76dc-4adc-9c38-a5e75fc92560', 'ORD-20250518-FQ12', '2972e5b2-68fd-44e8-a1a6-650512f737c5', '2025-05-18 17:11:46.177562+00', 3800.0000, 1.2000, 0.9900, 0.0000, 'PENDING', 'Haris', 'haris.iqbal00@outlook.com', 'karachi sindh pakistan', 'karachi sindh pakistan', '2025-05-18 17:11:46.173913+00', '2025-05-18 17:11:46.173913+00');
INSERT INTO public.orders VALUES ('c0d37c97-7fed-4e04-a7cc-fa24c4adef56', 'ORD-20250518-K9S0', '2972e5b2-68fd-44e8-a1a6-650512f737c5', '2025-05-18 17:13:23.813438+00', 3800.0000, 1.2000, 0.9900, 0.0000, 'PENDING', 'Haris', 'haris.iqbal00@outlook.com', 'karachi sindh pakistan', 'karachi sindh pakistan', '2025-05-18 17:13:23.810357+00', '2025-05-18 17:13:23.810357+00');
INSERT INTO public.orders VALUES ('28705295-1eaf-41bb-a6fb-fd27916508f2', 'ORD-20250518-Q6TF', '2972e5b2-68fd-44e8-a1a6-650512f737c5', '2025-05-18 17:15:11.596344+00', 3800.0000, 1.2000, 0.9900, 0.0000, 'PENDING', 'Haris', 'haris.iqbal00@outlook.com', 'karachi sindh pakistan', 'karachi sindh pakistan', '2025-05-18 17:15:11.592918+00', '2025-05-18 17:15:11.592918+00');
INSERT INTO public.orders VALUES ('75dbfccc-3e89-4453-9f20-95b1e9586e7a', 'ORD-20250518-2TQM', '2972e5b2-68fd-44e8-a1a6-650512f737c5', '2025-05-18 17:16:17.261391+00', 3800.0000, 1.2000, 0.9900, 0.0000, 'PENDING', 'Haris', 'haris.iqbal00@outlook.com', 'karachi sindh pakistan', 'karachi sindh pakistan', '2025-05-18 17:16:17.258166+00', '2025-05-18 17:16:17.258166+00');
INSERT INTO public.orders VALUES ('eb8c63e8-bab8-420a-aea2-19ca3a88d6c0', 'ORD-20250518-Z74A', '2972e5b2-68fd-44e8-a1a6-650512f737c5', '2025-05-18 17:18:22.109416+00', 3800.0000, 1.2000, 0.9900, 0.0000, 'PENDING', 'Haris', 'haris.iqbal00@outlook.com', 'karachi sindh pakistan', 'karachi sindh pakistan', '2025-05-18 17:18:22.106161+00', '2025-05-18 17:18:22.106161+00');
INSERT INTO public.orders VALUES ('c23b55fb-3517-4bf1-bffb-c488726ebf6c', 'ORD-20250518-HT1A', '2972e5b2-68fd-44e8-a1a6-650512f737c5', '2025-05-18 17:21:58.928962+00', 552.0000, 1.2000, 0.9900, 0.0000, 'PENDING', 'Haris', 'haris.iqbal00@outlook.com', 'karachi sindh pakistan', 'karachi sindh pakistan', '2025-05-18 17:21:58.923139+00', '2025-05-18 17:21:58.923139+00');
INSERT INTO public.orders VALUES ('1c9390f5-c697-4809-8122-5f45e7547cdf', 'ORD-20250518-YBZ2', '2972e5b2-68fd-44e8-a1a6-650512f737c5', '2025-05-18 17:26:23.185966+00', 552.0000, 1.2000, 0.9900, 0.0000, 'PENDING', 'Haris', 'haris.iqbal00@outlook.com', 'karachi sindh pakistan', 'karachi sindh pakistan', '2025-05-18 17:26:23.182555+00', '2025-05-18 17:26:23.182555+00');
INSERT INTO public.orders VALUES ('4548c875-466d-412e-9783-5f49581016cd', 'ORD-20250518-NXOE', '2972e5b2-68fd-44e8-a1a6-650512f737c5', '2025-05-18 17:30:25.824291+00', 552.0000, 1.2000, 0.9900, 0.0000, 'PENDING', 'Haris', 'haris.iqbal00@outlook.com', 'karachi sindh pakistan', 'karachi sindh pakistan', '2025-05-18 17:30:25.820995+00', '2025-05-18 17:30:25.820995+00');
INSERT INTO public.orders VALUES ('00677e28-70ca-4f31-9c7c-3a44766cf040', 'ORD-20250518-WHUR', '2972e5b2-68fd-44e8-a1a6-650512f737c5', '2025-05-18 17:33:10.18092+00', 552.0000, 1.2000, 0.9900, 0.0000, 'PENDING', 'Haris', 'haris.iqbal00@outlook.com', 'karachi sindh pakistan', 'karachi sindh pakistan', '2025-05-18 17:33:10.177826+00', '2025-05-18 17:33:10.177826+00');
INSERT INTO public.orders VALUES ('1b49f3df-297f-474e-8fde-2947da131923', 'ORD-20250518-AS6K', '2972e5b2-68fd-44e8-a1a6-650512f737c5', '2025-05-18 17:35:50.547597+00', 552.0000, 1.2000, 0.9900, 0.0000, 'PENDING', 'Haris', 'haris.iqbal00@outlook.com', 'karachi sindh pakistan', 'karachi sindh pakistan', '2025-05-18 17:35:50.543443+00', '2025-05-18 17:35:50.543443+00');
INSERT INTO public.orders VALUES ('e277e05d-093d-4cad-8926-37a76b1ad4a7', 'ORD-20250518-ID3Q', '2972e5b2-68fd-44e8-a1a6-650512f737c5', '2025-05-18 17:54:30.237573+00', 552.0000, 1.2000, 0.9900, 0.0000, 'PENDING', 'Haris', 'haris.iqbal00@outlook.com', 'karachi sindh pakistan', 'karachi sindh pakistan', '2025-05-18 17:54:30.234698+00', '2025-05-18 17:54:30.234698+00');
INSERT INTO public.orders VALUES ('6b93c5e1-f2d0-4574-be54-597660e8d0c1', 'ORD-20250518-U0N9', '2972e5b2-68fd-44e8-a1a6-650512f737c5', '2025-05-18 17:56:07.838899+00', 552.0000, 1.2000, 0.9900, 0.0000, 'PENDING', 'Haris', 'haris.iqbal00@outlook.com', 'karachi sindh pakistan', 'karachi sindh pakistan', '2025-05-18 17:56:07.835587+00', '2025-05-18 17:56:07.835587+00');
INSERT INTO public.orders VALUES ('7fe4e472-e118-470d-8482-37ca2279cf55', 'ORD-20250518-W6YQ', '2972e5b2-68fd-44e8-a1a6-650512f737c5', '2025-05-18 18:14:01.500288+00', 552.0000, 1.2000, 0.9900, 0.0000, 'PENDING', 'Haris', 'haris.iqbal00@outlook.com', 'karachi sindh pakistan', 'karachi sindh pakistan', '2025-05-18 18:14:01.495619+00', '2025-05-18 18:14:01.495619+00');
INSERT INTO public.orders VALUES ('75255477-d6e6-4c28-8ba7-6f66af2e9ce2', 'ORD-20250518-1H5A', '2972e5b2-68fd-44e8-a1a6-650512f737c5', '2025-05-18 18:16:14.411813+00', 552.0000, 1.2000, 0.9900, 0.0000, 'PENDING', 'Haris', 'haris.iqbal00@outlook.com', 'karachi sindh pakistan', 'karachi sindh pakistan', '2025-05-18 18:16:14.408067+00', '2025-05-18 18:16:14.408067+00');
INSERT INTO public.orders VALUES ('e5127d9d-a279-4d4f-9dc9-9015a3f03b6d', 'ORD-20250518-PSFL', '2972e5b2-68fd-44e8-a1a6-650512f737c5', '2025-05-18 18:20:37.467272+00', 552.0000, 1.2000, 0.9900, 0.0000, 'PENDING', 'Haris', 'haris.iqbal00@outlook.com', 'karachi sindh pakistan', 'karachi sindh pakistan', '2025-05-18 18:20:37.463102+00', '2025-05-18 18:20:37.463102+00');
INSERT INTO public.orders VALUES ('742c215c-73dd-4bac-9c82-6db00ffb9ba8', 'ORD-20250518-Y4SS', '2972e5b2-68fd-44e8-a1a6-650512f737c5', '2025-05-18 18:30:30.796596+00', 552.0000, 1.2000, 0.9900, 0.0000, 'PENDING', 'Haris', 'haris.iqbal00@outlook.com', 'karachi sindh pakistan', 'karachi sindh pakistan', '2025-05-18 18:30:30.792616+00', '2025-05-18 18:30:30.792616+00');
INSERT INTO public.orders VALUES ('0cf1c2a3-f55c-4ce5-aeb0-d04b35d1cf1e', 'ORD-20250519-BQUK', '2972e5b2-68fd-44e8-a1a6-650512f737c5', '2025-05-18 19:05:03.449734+00', 552.0000, 1.2000, 0.9900, 0.0000, 'PENDING', 'Haris', 'haris.iqbal00@outlook.com', 'karachi sindh pakistan', 'karachi sindh pakistan', '2025-05-18 19:05:03.444381+00', '2025-05-18 19:05:03.444381+00');
INSERT INTO public.orders VALUES ('1b642bfb-1a6c-4e3f-9936-228a763b0686', 'ORD-20250519-IX11', '2972e5b2-68fd-44e8-a1a6-650512f737c5', '2025-05-18 19:10:11.30493+00', 552.0000, 1.2000, 0.9900, 0.0000, 'PENDING', 'Haris', 'haris.iqbal00@outlook.com', 'karachi sindh pakistan', 'karachi sindh pakistan', '2025-05-18 19:10:11.298254+00', '2025-05-18 19:10:11.298254+00');
INSERT INTO public.orders VALUES ('fc758d1c-d1f7-46f1-8b83-7a52cd97a88b', 'ORD-20250519-J5PA', '2972e5b2-68fd-44e8-a1a6-650512f737c5', '2025-05-18 19:11:54.459442+00', 552.0000, 1.2000, 0.9900, 0.0000, 'PENDING', 'Haris', 'haris.iqbal00@outlook.com', 'karachi sindh pakistan', 'karachi sindh pakistan', '2025-05-18 19:11:54.452889+00', '2025-05-18 19:11:54.452889+00');
INSERT INTO public.orders VALUES ('88744dc4-056b-4403-8308-1d75535cf35d', 'ORD-20250519-UAYO', '2972e5b2-68fd-44e8-a1a6-650512f737c5', '2025-05-18 19:12:58.860893+00', 552.0000, 1.2000, 0.9900, 0.0000, 'PENDING', 'Haris', 'haris.iqbal00@outlook.com', 'karachi sindh pakistan', 'karachi sindh pakistan', '2025-05-18 19:12:58.855345+00', '2025-05-18 19:12:58.855345+00');
INSERT INTO public.orders VALUES ('716db2b9-b4e8-42e4-9986-b5602e10ffa4', 'ORD-20250519-VI2V', '2972e5b2-68fd-44e8-a1a6-650512f737c5', '2025-05-18 19:13:21.155603+00', 552.0000, 1.2000, 0.9900, 0.0000, 'PENDING', 'Haris', 'haris.iqbal00@outlook.com', 'karachi sindh pakistan', 'karachi sindh pakistan', '2025-05-18 19:13:21.150943+00', '2025-05-18 19:13:21.150943+00');
INSERT INTO public.orders VALUES ('2a0cec2f-fde2-4767-b827-0a70a2777eae', 'ORD-20250519-NWZO', '2972e5b2-68fd-44e8-a1a6-650512f737c5', '2025-05-18 19:14:26.609416+00', 552.0000, 1.2000, 0.9900, 0.0000, 'PENDING', 'Haris', 'haris.iqbal00@outlook.com', 'karachi sindh pakistan', 'karachi sindh pakistan', '2025-05-18 19:14:26.604487+00', '2025-05-18 19:14:26.604487+00');
INSERT INTO public.orders VALUES ('b7f6f2e3-82c4-4a40-883b-0ae19488b58c', 'ORD-20250519-14EY', '2972e5b2-68fd-44e8-a1a6-650512f737c5', '2025-05-18 19:14:36.456557+00', 552.0000, 1.2000, 0.9900, 0.0000, 'PENDING', 'Haris', 'haris.iqbal00@outlook.com', 'karachi sindh pakistan', 'karachi sindh pakistan', '2025-05-18 19:14:36.450685+00', '2025-05-18 19:14:36.450685+00');
INSERT INTO public.orders VALUES ('1d5e8771-0b06-4bc4-9db6-dc7575c9127d', 'ORD-20250519-QJLF', '2972e5b2-68fd-44e8-a1a6-650512f737c5', '2025-05-18 19:24:45.097329+00', 3800.0000, 1.2000, 0.9900, 0.0000, 'PENDING', 'Haris', 'haris.iqbal00@outlook.com', 'karachi sindh pakistan', 'karachi sindh pakistan', '2025-05-18 19:24:45.093592+00', '2025-05-18 19:24:45.093592+00');
INSERT INTO public.orders VALUES ('a001e9bc-193a-4b19-84cb-9df666d4b0d4', 'ORD-20250519-A7MQ', '2972e5b2-68fd-44e8-a1a6-650512f737c5', '2025-05-18 19:24:47.17357+00', 3800.0000, 1.2000, 0.9900, 0.0000, 'PENDING', 'Haris', 'haris.iqbal00@outlook.com', 'karachi sindh pakistan', 'karachi sindh pakistan', '2025-05-18 19:24:47.164884+00', '2025-05-18 19:24:47.164884+00');
INSERT INTO public.orders VALUES ('fb3d5af1-87ab-486f-8c2c-e47e8492f21c', 'ORD-20250519-ZARU', '2972e5b2-68fd-44e8-a1a6-650512f737c5', '2025-05-18 19:24:52.955448+00', 3800.0000, 1.2000, 0.9900, 0.0000, 'PENDING', 'Haris', 'haris.iqbal00@outlook.com', 'karachi sindh pakistan', 'karachi sindh pakistan', '2025-05-18 19:24:52.952865+00', '2025-05-18 19:24:52.952865+00');
INSERT INTO public.orders VALUES ('7aebc72d-361b-4447-bee9-717eb6948208', 'ORD-20250519-HJ1B', '2972e5b2-68fd-44e8-a1a6-650512f737c5', '2025-05-18 19:25:16.912195+00', 1900.0000, 1.2000, 0.9900, 0.0000, 'PENDING', 'Haris', 'haris.iqbal00@outlook.com', 'karachi sindh pakistan', 'karachi sindh pakistan', '2025-05-18 19:25:16.908402+00', '2025-05-18 19:25:16.908402+00');
INSERT INTO public.orders VALUES ('f570771d-4ebc-4116-8b60-98b804f94e48', 'ORD-20250519-AWSC', '2972e5b2-68fd-44e8-a1a6-650512f737c5', '2025-05-18 19:26:07.947957+00', 1900.0000, 1.2000, 0.9900, 0.0000, 'PENDING', 'Haris', 'haris.iqbal00@outlook.com', 'karachi sindh pakistan', 'karachi sindh pakistan', '2025-05-18 19:26:07.94408+00', '2025-05-18 19:26:07.94408+00');
INSERT INTO public.orders VALUES ('1e3b5d7c-e868-4f40-bc1c-7c75fc0080a9', 'ORD-20250519-GZAJ', '2972e5b2-68fd-44e8-a1a6-650512f737c5', '2025-05-18 19:26:13.717097+00', 1900.0000, 1.2000, 0.9900, 0.0000, 'PENDING', 'Haris', 'haris.iqbal00@outlook.com', 'karachi sindh pakistan', 'karachi sindh pakistan', '2025-05-18 19:26:13.713883+00', '2025-05-18 19:26:13.713883+00');
INSERT INTO public.orders VALUES ('031971b9-7ea5-482f-9cdb-163ef92c44b0', 'ORD-20250519-QZEQ', '2972e5b2-68fd-44e8-a1a6-650512f737c5', '2025-05-18 19:27:17.828714+00', 1900.0000, 1.2000, 0.9900, 0.0000, 'PENDING', 'Haris', 'haris.iqbal00@outlook.com', 'karachi sindh pakistan', 'karachi sindh pakistan', '2025-05-18 19:27:17.825134+00', '2025-05-18 19:27:17.825134+00');
INSERT INTO public.orders VALUES ('945b70eb-1a02-45eb-8f35-7ced2e9adcc4', 'ORD-20250519-68E2', '2972e5b2-68fd-44e8-a1a6-650512f737c5', '2025-05-18 19:28:53.609414+00', 1900.0000, 1.2000, 0.9900, 0.0000, 'PENDING', 'Haris', 'haris.iqbal00@outlook.com', 'karachi sindh pakistan', 'karachi sindh pakistan', '2025-05-18 19:28:53.604524+00', '2025-05-18 19:28:53.604524+00');
INSERT INTO public.orders VALUES ('3d7f60d4-3ead-48c4-a651-f87e4e9c8f98', 'ORD-20250519-GL1W', '2972e5b2-68fd-44e8-a1a6-650512f737c5', '2025-05-18 19:30:23.008469+00', 1900.0000, 1.2000, 0.9900, 0.0000, 'PENDING', 'Haris', 'haris.iqbal00@outlook.com', 'karachi sindh pakistan', 'karachi sindh pakistan', '2025-05-18 19:30:22.989213+00', '2025-05-18 19:30:22.989213+00');
INSERT INTO public.orders VALUES ('ed8eff78-a349-4c92-8b09-26eab9aeba53', 'ORD-20250519-TFJW', '2972e5b2-68fd-44e8-a1a6-650512f737c5', '2025-05-18 19:31:42.12781+00', 1900.0000, 1.2000, 0.9900, 0.0000, 'PENDING', 'Haris', 'haris.iqbal00@outlook.com', 'karachi sindh pakistan', 'karachi sindh pakistan', '2025-05-18 19:31:42.116847+00', '2025-05-18 19:31:42.116847+00');
INSERT INTO public.orders VALUES ('36135aa6-b03c-4c28-a3a5-eb538882b499', 'ORD-20250519-UAFP', '2972e5b2-68fd-44e8-a1a6-650512f737c5', '2025-05-18 19:31:56.07536+00', 1900.0000, 1.2000, 0.9900, 0.0000, 'PENDING', 'Haris', 'haris.iqbal00@outlook.com', 'karachi sindh pakistan', 'karachi sindh pakistan', '2025-05-18 19:31:56.071752+00', '2025-05-18 19:31:56.071752+00');
INSERT INTO public.orders VALUES ('9827932f-6e2b-49d6-98ef-05e6444b180d', 'ORD-20250519-CPZ3', '2972e5b2-68fd-44e8-a1a6-650512f737c5', '2025-05-18 20:39:30.626798+00', 1900.0000, 1.2000, 0.9900, 0.0000, 'PENDING', 'Haris', 'haris.iqbal00@outlook.com', 'karachi sindh pakistan', 'karachi sindh pakistan', '2025-05-18 20:39:30.615751+00', '2025-05-18 20:39:30.615751+00');
INSERT INTO public.orders VALUES ('6d66ff59-31cc-4175-b1c4-14273d3d26b9', 'ORD-20250519-32TN', '2972e5b2-68fd-44e8-a1a6-650512f737c5', '2025-05-18 20:40:18.345308+00', 1900.0000, 1.2000, 0.9900, 0.0000, 'PENDING', 'Haris', 'haris.iqbal00@outlook.com', 'karachi sindh pakistan', 'karachi sindh pakistan', '2025-05-18 20:40:18.340051+00', '2025-05-18 20:40:18.340051+00');
INSERT INTO public.orders VALUES ('ab298294-e202-4c98-8e68-5e8af275dfe0', 'ORD-20250519-1SZU', '2972e5b2-68fd-44e8-a1a6-650512f737c5', '2025-05-18 21:19:07.756101+00', 1900.0000, 1.2000, 0.9900, 0.0000, 'PENDING', 'Haris', 'haris.iqbal00@outlook.com', 'karachi sindh pakistan', 'karachi sindh pakistan', '2025-05-18 21:19:07.750939+00', '2025-05-18 21:19:07.750939+00');
INSERT INTO public.orders VALUES ('0030132b-72c5-419a-be4e-fa920cdb9c7c', 'ORD-20250519-DUIJ', '2972e5b2-68fd-44e8-a1a6-650512f737c5', '2025-05-18 21:19:49.165394+00', 1900.0000, 1.2000, 0.9900, 0.0000, 'PENDING', 'Haris', 'haris.iqbal00@outlook.com', 'karachi sindh pakistan', 'karachi sindh pakistan', '2025-05-18 21:19:49.159271+00', '2025-05-18 21:19:49.159271+00');
INSERT INTO public.orders VALUES ('c71f7eed-d5be-4eb4-bedd-4b383d70c8f1', 'ORD-20250519-7BTN', '2972e5b2-68fd-44e8-a1a6-650512f737c5', '2025-05-18 21:19:49.755882+00', 1900.0000, 1.2000, 0.9900, 0.0000, 'PENDING', 'Haris', 'haris.iqbal00@outlook.com', 'karachi sindh pakistan', 'karachi sindh pakistan', '2025-05-18 21:19:49.751664+00', '2025-05-18 21:19:49.751664+00');
INSERT INTO public.orders VALUES ('53ac4e86-704a-4bae-bb80-7fa32810cc67', 'ORD-20250519-15DZ', '2972e5b2-68fd-44e8-a1a6-650512f737c5', '2025-05-18 21:19:50.344786+00', 1900.0000, 1.2000, 0.9900, 0.0000, 'PENDING', 'Haris', 'haris.iqbal00@outlook.com', 'karachi sindh pakistan', 'karachi sindh pakistan', '2025-05-18 21:19:50.342672+00', '2025-05-18 21:19:50.342672+00');
INSERT INTO public.orders VALUES ('0736b92a-08cd-41e2-8ddf-91e937d7d22b', 'ORD-20250519-6JUG', '2972e5b2-68fd-44e8-a1a6-650512f737c5', '2025-05-18 21:19:50.930178+00', 1900.0000, 1.2000, 0.9900, 0.0000, 'PENDING', 'Haris', 'haris.iqbal00@outlook.com', 'karachi sindh pakistan', 'karachi sindh pakistan', '2025-05-18 21:19:50.923992+00', '2025-05-18 21:19:50.923992+00');
INSERT INTO public.orders VALUES ('d9b8da9d-b1e7-40ad-8e62-5830f0db119b', 'ORD-20250519-TE9V', '2972e5b2-68fd-44e8-a1a6-650512f737c5', '2025-05-18 21:19:55.419775+00', 1900.0000, 1.2000, 0.9900, 0.0000, 'PENDING', 'Haris', 'haris.iqbal00@outlook.com', 'karachi sindh pakistan', 'karachi sindh pakistan', '2025-05-18 21:19:55.417238+00', '2025-05-18 21:19:55.417238+00');
INSERT INTO public.orders VALUES ('ab9b7aed-0e3f-4df6-8a82-117b5725eb79', 'ORD-20250519-ESOG', '2972e5b2-68fd-44e8-a1a6-650512f737c5', '2025-05-18 21:19:56.078133+00', 1900.0000, 1.2000, 0.9900, 0.0000, 'PENDING', 'Haris', 'haris.iqbal00@outlook.com', 'karachi sindh pakistan', 'karachi sindh pakistan', '2025-05-18 21:19:56.073921+00', '2025-05-18 21:19:56.073921+00');
INSERT INTO public.orders VALUES ('9951075f-177d-4c9f-9efb-0b898ea8ddc6', 'ORD-20250519-6INH', '2972e5b2-68fd-44e8-a1a6-650512f737c5', '2025-05-18 21:19:56.635165+00', 1900.0000, 1.2000, 0.9900, 0.0000, 'PENDING', 'Haris', 'haris.iqbal00@outlook.com', 'karachi sindh pakistan', 'karachi sindh pakistan', '2025-05-18 21:19:56.631191+00', '2025-05-18 21:19:56.631191+00');
INSERT INTO public.orders VALUES ('495935e3-1312-4728-95bc-a0aeaf989680', 'ORD-20250519-1WHA', '2972e5b2-68fd-44e8-a1a6-650512f737c5', '2025-05-18 21:21:12.647529+00', 2760.0000, 1.2000, 0.9900, 0.0000, 'PENDING', 'Haris', 'haris.iqbal00@outlook.com', 'karachi sindh pakistan', 'karachi sindh pakistan', '2025-05-18 21:21:12.643024+00', '2025-05-18 21:21:12.643024+00');
INSERT INTO public.orders VALUES ('16e39914-1614-4004-b02b-4a7256797d37', 'ORD-20250519-5RYM', '2972e5b2-68fd-44e8-a1a6-650512f737c5', '2025-05-18 21:21:15.392797+00', 552.0000, 1.2000, 0.9900, 0.0000, 'PENDING', 'Haris', 'haris.iqbal00@outlook.com', 'karachi sindh pakistan', 'karachi sindh pakistan', '2025-05-18 21:21:15.389869+00', '2025-05-18 21:21:15.389869+00');
INSERT INTO public.orders VALUES ('e5b63c7b-1a8e-4e0d-b720-6d281fea2e58', 'ORD-20250519-6FD4', '2972e5b2-68fd-44e8-a1a6-650512f737c5', '2025-05-18 21:21:17.340305+00', 1104.0000, 1.2000, 0.9900, 0.0000, 'PENDING', 'Haris', 'haris.iqbal00@outlook.com', 'karachi sindh pakistan', 'karachi sindh pakistan', '2025-05-18 21:21:17.337351+00', '2025-05-18 21:21:17.337351+00');
INSERT INTO public.orders VALUES ('31d94c7b-50e7-4be7-b138-8b01b8e1b0e6', 'ORD-20250519-2ZNW', '2972e5b2-68fd-44e8-a1a6-650512f737c5', '2025-05-18 21:21:19.870659+00', 2208.0000, 1.2000, 0.9900, 0.0000, 'PENDING', 'Haris', 'haris.iqbal00@outlook.com', 'karachi sindh pakistan', 'karachi sindh pakistan', '2025-05-18 21:21:19.866531+00', '2025-05-18 21:21:19.866531+00');
INSERT INTO public.orders VALUES ('f0c64ad7-b7d9-413f-b48e-4ae9efafb80c', 'ORD-20250519-6F9U', '2972e5b2-68fd-44e8-a1a6-650512f737c5', '2025-05-18 21:21:22.182198+00', 2760.0000, 1.2000, 0.9900, 0.0000, 'PENDING', 'Haris', 'haris.iqbal00@outlook.com', 'karachi sindh pakistan', 'karachi sindh pakistan', '2025-05-18 21:21:22.179349+00', '2025-05-18 21:21:22.179349+00');
INSERT INTO public.orders VALUES ('82b92957-ce81-4768-961b-8f08af51a8be', 'ORD-20250519-27TG', '2972e5b2-68fd-44e8-a1a6-650512f737c5', '2025-05-18 21:21:24.714578+00', 3312.0000, 1.2000, 0.9900, 0.0000, 'PENDING', 'Haris', 'haris.iqbal00@outlook.com', 'karachi sindh pakistan', 'karachi sindh pakistan', '2025-05-18 21:21:24.712056+00', '2025-05-18 21:21:24.712056+00');
INSERT INTO public.orders VALUES ('1d5c7e5d-c33b-42cc-8b23-7df658e83cdc', 'ORD-20250519-ZIED', '2972e5b2-68fd-44e8-a1a6-650512f737c5', '2025-05-18 21:22:00.322168+00', 3312.0000, 1.2000, 0.9900, 0.0000, 'PENDING', 'Haris', 'haris.iqbal00@outlook.com', 'karachi sindh pakistan', 'karachi sindh pakistan', '2025-05-18 21:22:00.320459+00', '2025-05-18 21:22:00.320459+00');
INSERT INTO public.orders VALUES ('47802553-f3a8-4e01-94c4-fc3fb1d91117', 'ORD-20250519-IL8V', '2972e5b2-68fd-44e8-a1a6-650512f737c5', '2025-05-18 21:22:00.989308+00', 3312.0000, 1.2000, 0.9900, 0.0000, 'PENDING', 'Haris', 'haris.iqbal00@outlook.com', 'karachi sindh pakistan', 'karachi sindh pakistan', '2025-05-18 21:22:00.985667+00', '2025-05-18 21:22:00.985667+00');
INSERT INTO public.orders VALUES ('40bc65a2-5bb8-48d2-aa5b-e867e293db0a', 'ORD-20250519-B50L', '2972e5b2-68fd-44e8-a1a6-650512f737c5', '2025-05-18 21:22:03.695491+00', 2760.0000, 1.2000, 0.9900, 0.0000, 'PENDING', 'Haris', 'haris.iqbal00@outlook.com', 'karachi sindh pakistan', 'karachi sindh pakistan', '2025-05-18 21:22:03.690523+00', '2025-05-18 21:22:03.690523+00');
INSERT INTO public.orders VALUES ('4d457dce-85cb-4057-8a69-496c663457ad', 'ORD-20250519-T3MG', '2972e5b2-68fd-44e8-a1a6-650512f737c5', '2025-05-18 22:00:50.813685+00', 2760.0000, 1.2000, 0.9900, 0.0000, 'PENDING', 'Haris', 'haris.iqbal00@outlook.com', 'karachi sindh pakistan', 'karachi sindh pakistan', '2025-05-18 22:00:50.808781+00', '2025-05-18 22:00:50.808781+00');
INSERT INTO public.orders VALUES ('b1ffc75a-e69c-45b0-ba76-c86b4cc0f836', 'ORD-20250519-A25K', '2972e5b2-68fd-44e8-a1a6-650512f737c5', '2025-05-18 22:00:53.433594+00', 2760.0000, 1.2000, 0.9900, 0.0000, 'PENDING', 'Haris', 'haris.iqbal00@outlook.com', 'karachi sindh pakistan', 'karachi sindh pakistan', '2025-05-18 22:00:53.428443+00', '2025-05-18 22:00:53.428443+00');
INSERT INTO public.orders VALUES ('cbf364fd-36cb-4ee6-9ee0-8d8a00eea948', 'ORD-20250519-JYUH', '2972e5b2-68fd-44e8-a1a6-650512f737c5', '2025-05-18 22:00:54.442223+00', 2760.0000, 1.2000, 0.9900, 0.0000, 'PENDING', 'Haris', 'haris.iqbal00@outlook.com', 'karachi sindh pakistan', 'karachi sindh pakistan', '2025-05-18 22:00:54.436649+00', '2025-05-18 22:00:54.436649+00');
INSERT INTO public.orders VALUES ('f7c4e672-eea6-4f4c-984d-0004dcd12761', 'ORD-20250519-W1ZT', '2972e5b2-68fd-44e8-a1a6-650512f737c5', '2025-05-18 22:00:57.240646+00', 552.0000, 1.2000, 0.9900, 0.0000, 'PENDING', 'Haris', 'haris.iqbal00@outlook.com', 'karachi sindh pakistan', 'karachi sindh pakistan', '2025-05-18 22:00:57.235269+00', '2025-05-18 22:00:57.235269+00');
INSERT INTO public.orders VALUES ('ae6ddad2-a9df-416b-8b72-81daabe7eb92', 'ORD-20250519-MJ61', '2972e5b2-68fd-44e8-a1a6-650512f737c5', '2025-05-18 22:01:03.226275+00', 552.0000, 1.2000, 0.9900, 0.0000, 'PENDING', 'Haris', 'haris.iqbal00@outlook.com', 'karachi sindh pakistan', 'karachi sindh pakistan', '2025-05-18 22:01:03.22271+00', '2025-05-18 22:01:03.22271+00');
INSERT INTO public.orders VALUES ('aea831b0-46c5-41d7-ae92-3bd6d72b6d0d', 'ORD-20250519-R1OO', '2972e5b2-68fd-44e8-a1a6-650512f737c5', '2025-05-18 22:03:18.941261+00', 552.0000, 1.2000, 0.9900, 0.0000, 'PENDING', 'Haris', 'haris.iqbal00@outlook.com', 'karachi sindh pakistan', 'karachi sindh pakistan', '2025-05-18 22:03:18.93706+00', '2025-05-18 22:03:18.93706+00');
INSERT INTO public.orders VALUES ('572d78bc-36bd-473b-b8ae-010a249819b0', 'ORD-20250519-XIEZ', '2972e5b2-68fd-44e8-a1a6-650512f737c5', '2025-05-18 22:04:31.031566+00', 552.0000, 1.2000, 0.9900, 0.0000, 'PENDING', 'Haris', 'haris.iqbal00@outlook.com', 'karachi sindh pakistan', 'karachi sindh pakistan', '2025-05-18 22:04:31.027273+00', '2025-05-18 22:04:31.027273+00');
INSERT INTO public.orders VALUES ('36fa4f42-669b-47e2-952f-46f2449f2377', 'ORD-20250519-Z6Y2', '2972e5b2-68fd-44e8-a1a6-650512f737c5', '2025-05-18 22:04:44.239401+00', 552.0000, 1.2000, 0.9900, 0.0000, 'PENDING', 'Haris', 'haris.iqbal00@outlook.com', 'karachi sindh pakistan', 'karachi sindh pakistan', '2025-05-18 22:04:44.233213+00', '2025-05-18 22:04:44.233213+00');
INSERT INTO public.orders VALUES ('9754ea7f-cd7e-4136-a24d-c97c31554d0d', 'ORD-20250519-P93G', '2972e5b2-68fd-44e8-a1a6-650512f737c5', '2025-05-18 22:04:54.773033+00', 552.0000, 1.2000, 0.9900, 0.0000, 'PENDING', 'Haris', 'haris.iqbal00@outlook.com', 'karachi sindh pakistan', 'karachi sindh pakistan', '2025-05-18 22:04:54.76802+00', '2025-05-18 22:04:54.76802+00');
INSERT INTO public.orders VALUES ('54f34ece-1cc1-43a4-9162-6bec46404a37', 'ORD-20250519-D3BR', '2972e5b2-68fd-44e8-a1a6-650512f737c5', '2025-05-18 22:05:05.763972+00', 552.0000, 1.2000, 0.9900, 0.0000, 'PENDING', 'Haris', 'haris.iqbal00@outlook.com', 'karachi sindh pakistan', 'karachi sindh pakistan', '2025-05-18 22:05:05.75733+00', '2025-05-18 22:05:05.75733+00');
INSERT INTO public.orders VALUES ('887c1516-f7a7-44a6-bfe1-1ae245bba69a', 'ORD-20250519-P3RY', '2972e5b2-68fd-44e8-a1a6-650512f737c5', '2025-05-18 22:05:06.502644+00', 552.0000, 1.2000, 0.9900, 0.0000, 'PENDING', 'Haris', 'haris.iqbal00@outlook.com', 'karachi sindh pakistan', 'karachi sindh pakistan', '2025-05-18 22:05:06.498772+00', '2025-05-18 22:05:06.498772+00');
INSERT INTO public.orders VALUES ('5bc7903c-5fa1-4748-bbc4-2106cfbbae69', 'ORD-20250519-U74N', '2972e5b2-68fd-44e8-a1a6-650512f737c5', '2025-05-18 22:05:07.263922+00', 552.0000, 1.2000, 0.9900, 0.0000, 'PENDING', 'Haris', 'haris.iqbal00@outlook.com', 'karachi sindh pakistan', 'karachi sindh pakistan', '2025-05-18 22:05:07.259945+00', '2025-05-18 22:05:07.259945+00');
INSERT INTO public.orders VALUES ('8275db7e-66b1-4925-bf06-f879ef70c2d0', 'ORD-20250519-PMSK', '2972e5b2-68fd-44e8-a1a6-650512f737c5', '2025-05-18 22:05:13.159492+00', 552.0000, 1.2000, 0.9900, 0.0000, 'PENDING', 'Haris', 'haris.iqbal00@outlook.com', 'karachi sindh pakistan', 'karachi sindh pakistan', '2025-05-18 22:05:13.155521+00', '2025-05-18 22:05:13.155521+00');
INSERT INTO public.orders VALUES ('4e562687-b964-46ab-b5ca-4c11fc80c592', 'ORD-20250519-6VAS', '2972e5b2-68fd-44e8-a1a6-650512f737c5', '2025-05-18 22:05:19.259746+00', 552.0000, 1.2000, 0.9900, 0.0000, 'PENDING', 'Haris', 'haris.iqbal00@outlook.com', 'karachi sindh pakistan', 'karachi sindh pakistan', '2025-05-18 22:05:19.256473+00', '2025-05-18 22:05:19.256473+00');
INSERT INTO public.orders VALUES ('91491ecd-3f2f-40fe-b094-f215d8106c06', 'ORD-20250519-1DFO', '2972e5b2-68fd-44e8-a1a6-650512f737c5', '2025-05-18 22:05:26.630718+00', 552.0000, 1.2000, 0.9900, 0.0000, 'PENDING', 'Haris', 'haris.iqbal00@outlook.com', 'karachi sindh pakistan', 'karachi sindh pakistan', '2025-05-18 22:05:26.626749+00', '2025-05-18 22:05:26.626749+00');
INSERT INTO public.orders VALUES ('d2eb6915-ba76-4f7c-8ea0-8e8f03da4a8a', 'ORD-20250519-ZW8A', '2972e5b2-68fd-44e8-a1a6-650512f737c5', '2025-05-18 22:05:43.843241+00', 552.0000, 1.2000, 0.9900, 0.0000, 'PENDING', 'Haris', 'haris.iqbal00@outlook.com', 'karachi sindh pakistan', 'karachi sindh pakistan', '2025-05-18 22:05:43.832771+00', '2025-05-18 22:05:43.832771+00');
INSERT INTO public.orders VALUES ('4a5abd2c-fe26-45c8-8df7-acf4b3c18b04', 'ORD-20250519-0NBC', '2972e5b2-68fd-44e8-a1a6-650512f737c5', '2025-05-18 22:05:44.37838+00', 552.0000, 1.2000, 0.9900, 0.0000, 'PENDING', 'Haris', 'haris.iqbal00@outlook.com', 'karachi sindh pakistan', 'karachi sindh pakistan', '2025-05-18 22:05:44.371203+00', '2025-05-18 22:05:44.371203+00');
INSERT INTO public.orders VALUES ('ed2445d0-80a3-4699-b45e-2add18dc37cc', 'ORD-20250519-JVYS', '2972e5b2-68fd-44e8-a1a6-650512f737c5', '2025-05-18 22:05:44.820123+00', 552.0000, 1.2000, 0.9900, 0.0000, 'PENDING', 'Haris', 'haris.iqbal00@outlook.com', 'karachi sindh pakistan', 'karachi sindh pakistan', '2025-05-18 22:05:44.815267+00', '2025-05-18 22:05:44.815267+00');
INSERT INTO public.orders VALUES ('0a8a8997-37e9-4503-9ec9-17395e79de8a', 'ORD-20250519-DO2Y', '2972e5b2-68fd-44e8-a1a6-650512f737c5', '2025-05-18 22:18:43.134919+00', 552.0000, 1.2000, 0.9900, 0.0000, 'PENDING', 'Haris', 'haris.iqbal00@outlook.com', 'karachi sindh pakistan', 'karachi sindh pakistan', '2025-05-18 22:18:43.131273+00', '2025-05-18 22:18:43.131273+00');
INSERT INTO public.orders VALUES ('90ded955-f760-4761-8ecc-287bf0995b2b', 'ORD-20250519-H46G', '2972e5b2-68fd-44e8-a1a6-650512f737c5', '2025-05-18 22:22:52.51045+00', 552.0000, 1.2000, 0.9900, 0.0000, 'PENDING', 'Haris', 'haris.iqbal00@outlook.com', 'karachi sindh pakistan', 'karachi sindh pakistan', '2025-05-18 22:22:52.506017+00', '2025-05-18 22:22:52.506017+00');
INSERT INTO public.orders VALUES ('8de4dd4b-3a3d-47a2-afbd-28ed83e103ea', 'ORD-20250519-DOHJ', '2972e5b2-68fd-44e8-a1a6-650512f737c5', '2025-05-18 22:22:53.471236+00', 552.0000, 1.2000, 0.9900, 0.0000, 'PENDING', 'Haris', 'haris.iqbal00@outlook.com', 'karachi sindh pakistan', 'karachi sindh pakistan', '2025-05-18 22:22:53.467266+00', '2025-05-18 22:22:53.467266+00');
INSERT INTO public.orders VALUES ('9c706b5d-671b-4a7b-8073-8d608fdb4ee8', 'ORD-20250519-HKAH', '2972e5b2-68fd-44e8-a1a6-650512f737c5', '2025-05-18 22:22:54.113745+00', 552.0000, 1.2000, 0.9900, 0.0000, 'PENDING', 'Haris', 'haris.iqbal00@outlook.com', 'karachi sindh pakistan', 'karachi sindh pakistan', '2025-05-18 22:22:54.110082+00', '2025-05-18 22:22:54.110082+00');
INSERT INTO public.orders VALUES ('bbec99db-b708-4d51-bdf7-9b56a327df7e', 'ORD-20250519-WOKD', '2972e5b2-68fd-44e8-a1a6-650512f737c5', '2025-05-18 22:22:54.777191+00', 552.0000, 1.2000, 0.9900, 0.0000, 'PENDING', 'Haris', 'haris.iqbal00@outlook.com', 'karachi sindh pakistan', 'karachi sindh pakistan', '2025-05-18 22:22:54.772434+00', '2025-05-18 22:22:54.772434+00');
INSERT INTO public.orders VALUES ('570e90d0-26d4-43af-89f1-38b31696c07e', 'ORD-20250519-N65O', '2972e5b2-68fd-44e8-a1a6-650512f737c5', '2025-05-18 22:22:55.356685+00', 552.0000, 1.2000, 0.9900, 0.0000, 'PENDING', 'Haris', 'haris.iqbal00@outlook.com', 'karachi sindh pakistan', 'karachi sindh pakistan', '2025-05-18 22:22:55.353699+00', '2025-05-18 22:22:55.353699+00');
INSERT INTO public.orders VALUES ('542cb2fb-34df-41d8-ba65-36dfe538fdb6', 'ORD-20250519-0QF8', '2972e5b2-68fd-44e8-a1a6-650512f737c5', '2025-05-18 22:22:55.91091+00', 552.0000, 1.2000, 0.9900, 0.0000, 'PENDING', 'Haris', 'haris.iqbal00@outlook.com', 'karachi sindh pakistan', 'karachi sindh pakistan', '2025-05-18 22:22:55.906493+00', '2025-05-18 22:22:55.906493+00');
INSERT INTO public.orders VALUES ('5c18a10d-cfe3-461c-94b1-891694ccb994', 'ORD-20250519-C6UB', '2972e5b2-68fd-44e8-a1a6-650512f737c5', '2025-05-18 22:23:02.685202+00', 552.0000, 1.2000, 0.9900, 0.0000, 'PENDING', 'Haris', 'haris.iqbal00@outlook.com', 'karachi sindh pakistan', 'karachi sindh pakistan', '2025-05-18 22:23:02.682419+00', '2025-05-18 22:23:02.682419+00');
INSERT INTO public.orders VALUES ('c92ffd9a-6379-4ab9-b8dd-9e50d0221afd', 'ORD-20250519-2K9F', '2972e5b2-68fd-44e8-a1a6-650512f737c5', '2025-05-18 22:23:49.690505+00', 552.0000, 1.2000, 0.9900, 0.0000, 'PENDING', 'Haris', 'haris.iqbal00@outlook.com', 'karachi sindh pakistan', 'karachi sindh pakistan', '2025-05-18 22:23:49.686973+00', '2025-05-18 22:23:49.686973+00');
INSERT INTO public.orders VALUES ('984d3d5f-4daa-4fbc-9efa-7bf7ca123fca', 'ORD-20250519-0G7K', '2972e5b2-68fd-44e8-a1a6-650512f737c5', '2025-05-18 22:23:50.450556+00', 552.0000, 1.2000, 0.9900, 0.0000, 'PENDING', 'Haris', 'haris.iqbal00@outlook.com', 'karachi sindh pakistan', 'karachi sindh pakistan', '2025-05-18 22:23:50.44684+00', '2025-05-18 22:23:50.44684+00');
INSERT INTO public.orders VALUES ('6220322a-8a52-405c-a139-807ba5d04246', 'ORD-20250519-LNOA', '2972e5b2-68fd-44e8-a1a6-650512f737c5', '2025-05-18 22:23:51.222284+00', 552.0000, 1.2000, 0.9900, 0.0000, 'PENDING', 'Haris', 'haris.iqbal00@outlook.com', 'karachi sindh pakistan', 'karachi sindh pakistan', '2025-05-18 22:23:51.218044+00', '2025-05-18 22:23:51.218044+00');
INSERT INTO public.orders VALUES ('316d785b-233b-45dd-a2c0-60847bae7148', 'ORD-20250519-VNUM', '2972e5b2-68fd-44e8-a1a6-650512f737c5', '2025-05-18 22:23:51.970732+00', 552.0000, 1.2000, 0.9900, 0.0000, 'PENDING', 'Haris', 'haris.iqbal00@outlook.com', 'karachi sindh pakistan', 'karachi sindh pakistan', '2025-05-18 22:23:51.965794+00', '2025-05-18 22:23:51.965794+00');
INSERT INTO public.orders VALUES ('3397e9b7-2561-4be0-9937-e01e6fa989a4', 'ORD-20250519-6FG7', '2972e5b2-68fd-44e8-a1a6-650512f737c5', '2025-05-18 22:23:52.694714+00', 552.0000, 1.2000, 0.9900, 0.0000, 'PENDING', 'Haris', 'haris.iqbal00@outlook.com', 'karachi sindh pakistan', 'karachi sindh pakistan', '2025-05-18 22:23:52.691633+00', '2025-05-18 22:23:52.691633+00');
INSERT INTO public.orders VALUES ('15bf4255-8a11-4289-9867-106db5f12bde', 'ORD-20250519-VJYY', '2972e5b2-68fd-44e8-a1a6-650512f737c5', '2025-05-18 22:23:53.383614+00', 552.0000, 1.2000, 0.9900, 0.0000, 'PENDING', 'Haris', 'haris.iqbal00@outlook.com', 'karachi sindh pakistan', 'karachi sindh pakistan', '2025-05-18 22:23:53.375905+00', '2025-05-18 22:23:53.375905+00');
INSERT INTO public.orders VALUES ('31eaf27d-f8e0-4acc-b10a-908ddc2dad10', 'ORD-20250519-L5VO', '2972e5b2-68fd-44e8-a1a6-650512f737c5', '2025-05-18 22:23:54.102042+00', 552.0000, 1.2000, 0.9900, 0.0000, 'PENDING', 'Haris', 'haris.iqbal00@outlook.com', 'karachi sindh pakistan', 'karachi sindh pakistan', '2025-05-18 22:23:54.096978+00', '2025-05-18 22:23:54.096978+00');
INSERT INTO public.orders VALUES ('ab9ab076-68bc-4eb0-86d9-b0522ff4d587', 'ORD-20250519-THTR', '2972e5b2-68fd-44e8-a1a6-650512f737c5', '2025-05-18 22:23:54.74026+00', 552.0000, 1.2000, 0.9900, 0.0000, 'PENDING', 'Haris', 'haris.iqbal00@outlook.com', 'karachi sindh pakistan', 'karachi sindh pakistan', '2025-05-18 22:23:54.736816+00', '2025-05-18 22:23:54.736816+00');
INSERT INTO public.orders VALUES ('d90acd1d-a985-42a3-a6bb-8a0a8995b301', 'ORD-20250519-HY90', '2972e5b2-68fd-44e8-a1a6-650512f737c5', '2025-05-18 22:23:55.351768+00', 552.0000, 1.2000, 0.9900, 0.0000, 'PENDING', 'Haris', 'haris.iqbal00@outlook.com', 'karachi sindh pakistan', 'karachi sindh pakistan', '2025-05-18 22:23:55.34909+00', '2025-05-18 22:23:55.34909+00');
INSERT INTO public.orders VALUES ('48683f62-dd22-40ab-a1f8-2f61e89320bc', 'ORD-20250519-SA1P', '2972e5b2-68fd-44e8-a1a6-650512f737c5', '2025-05-18 22:23:55.968496+00', 552.0000, 1.2000, 0.9900, 0.0000, 'PENDING', 'Haris', 'haris.iqbal00@outlook.com', 'karachi sindh pakistan', 'karachi sindh pakistan', '2025-05-18 22:23:55.966408+00', '2025-05-18 22:23:55.966408+00');
INSERT INTO public.orders VALUES ('e199fec7-5ab6-4da8-aed4-76afa2c3b1ca', 'ORD-20250519-R3F7', '2972e5b2-68fd-44e8-a1a6-650512f737c5', '2025-05-18 22:42:22.51736+00', 552.0000, 1.2000, 0.9900, 0.0000, 'PENDING', 'Haris', 'haris.iqbal00@outlook.com', 'karachi sindh pakistan', 'karachi sindh pakistan', '2025-05-18 22:42:22.512889+00', '2025-05-18 22:42:22.512889+00');
INSERT INTO public.orders VALUES ('abee14d6-ba2a-400a-899f-261c2e6c62b0', 'ORD-20250519-83GV', '2972e5b2-68fd-44e8-a1a6-650512f737c5', '2025-05-18 22:42:27.247549+00', 552.0000, 1.2000, 0.9900, 0.0000, 'PENDING', 'Haris', 'haris.iqbal00@outlook.com', 'karachi sindh pakistan', 'karachi sindh pakistan', '2025-05-18 22:42:27.243987+00', '2025-05-18 22:42:27.243987+00');
INSERT INTO public.orders VALUES ('5e2a1cf8-7828-438d-8721-6c48a9ea8ad3', 'ORD-20250519-6I80', '2972e5b2-68fd-44e8-a1a6-650512f737c5', '2025-05-18 22:42:28.64093+00', 552.0000, 1.2000, 0.9900, 0.0000, 'PENDING', 'Haris', 'haris.iqbal00@outlook.com', 'karachi sindh pakistan', 'karachi sindh pakistan', '2025-05-18 22:42:28.635765+00', '2025-05-18 22:42:28.635765+00');
INSERT INTO public.orders VALUES ('c2c591a3-3a8f-44c6-b0ba-ffe94c468617', 'ORD-20250519-2OH3', '2972e5b2-68fd-44e8-a1a6-650512f737c5', '2025-05-18 22:42:29.586007+00', 552.0000, 1.2000, 0.9900, 0.0000, 'PENDING', 'Haris', 'haris.iqbal00@outlook.com', 'karachi sindh pakistan', 'karachi sindh pakistan', '2025-05-18 22:42:29.580781+00', '2025-05-18 22:42:29.580781+00');
INSERT INTO public.orders VALUES ('ae976e0b-9664-43e6-800d-8107e6203c8d', 'ORD-20250519-M5WP', '2972e5b2-68fd-44e8-a1a6-650512f737c5', '2025-05-18 22:42:30.270413+00', 552.0000, 1.2000, 0.9900, 0.0000, 'PENDING', 'Haris', 'haris.iqbal00@outlook.com', 'karachi sindh pakistan', 'karachi sindh pakistan', '2025-05-18 22:42:30.262885+00', '2025-05-18 22:42:30.262885+00');
INSERT INTO public.orders VALUES ('7c84c813-196b-4872-b24c-efa7fbedff69', 'ORD-20250519-2RG8', '2972e5b2-68fd-44e8-a1a6-650512f737c5', '2025-05-18 22:42:30.926233+00', 552.0000, 1.2000, 0.9900, 0.0000, 'PENDING', 'Haris', 'haris.iqbal00@outlook.com', 'karachi sindh pakistan', 'karachi sindh pakistan', '2025-05-18 22:42:30.916975+00', '2025-05-18 22:42:30.916975+00');
INSERT INTO public.orders VALUES ('df296e93-13d9-4045-a890-82a646db096a', 'ORD-20250519-DNAW', '2972e5b2-68fd-44e8-a1a6-650512f737c5', '2025-05-18 22:42:31.656897+00', 552.0000, 1.2000, 0.9900, 0.0000, 'PENDING', 'Haris', 'haris.iqbal00@outlook.com', 'karachi sindh pakistan', 'karachi sindh pakistan', '2025-05-18 22:42:31.653717+00', '2025-05-18 22:42:31.653717+00');
INSERT INTO public.orders VALUES ('964523ef-6701-4256-925e-315de633cc76', 'ORD-20250519-24LB', '2972e5b2-68fd-44e8-a1a6-650512f737c5', '2025-05-18 22:42:32.32447+00', 552.0000, 1.2000, 0.9900, 0.0000, 'PENDING', 'Haris', 'haris.iqbal00@outlook.com', 'karachi sindh pakistan', 'karachi sindh pakistan', '2025-05-18 22:42:32.318431+00', '2025-05-18 22:42:32.318431+00');
INSERT INTO public.orders VALUES ('345cf336-054e-4dc6-bdb8-15ed196e3663', 'ORD-20250519-0BE4', '2972e5b2-68fd-44e8-a1a6-650512f737c5', '2025-05-18 22:42:37.281159+00', 552.0000, 1.2000, 0.9900, 0.0000, 'PENDING', 'Haris', 'haris.iqbal00@outlook.com', 'karachi sindh pakistan', 'karachi sindh pakistan', '2025-05-18 22:42:37.277281+00', '2025-05-18 22:42:37.277281+00');
INSERT INTO public.orders VALUES ('bf93c26d-cbd6-4d51-a350-461fc6e90cfa', 'ORD-20250519-X9ZH', '2972e5b2-68fd-44e8-a1a6-650512f737c5', '2025-05-18 22:42:38.061045+00', 552.0000, 1.2000, 0.9900, 0.0000, 'PENDING', 'Haris', 'haris.iqbal00@outlook.com', 'karachi sindh pakistan', 'karachi sindh pakistan', '2025-05-18 22:42:38.056078+00', '2025-05-18 22:42:38.056078+00');
INSERT INTO public.orders VALUES ('e1685ab8-eb20-4a77-af5c-c31d8c47b6f4', 'ORD-20250519-26J4', '2972e5b2-68fd-44e8-a1a6-650512f737c5', '2025-05-18 23:11:08.503483+00', 6192.0000, 1.2000, 1.9800, 0.0000, 'PENDING', 'Haris', 'haris.iqbal00@outlook.com', 'karachi sindh pakistan', 'karachi sindh pakistan', '2025-05-18 23:11:08.499759+00', '2025-05-18 23:11:08.499759+00');
INSERT INTO public.orders VALUES ('37c08600-f635-4906-a19d-497990df0ac1', 'ORD-20250519-Z877', '2972e5b2-68fd-44e8-a1a6-650512f737c5', '2025-05-18 23:11:15.490816+00', 6192.0000, 1.2000, 1.9800, 0.0000, 'PENDING', 'Haris', 'haris.iqbal00@outlook.com', 'karachi sindh pakistan', 'karachi sindh pakistan', '2025-05-18 23:11:15.486696+00', '2025-05-18 23:11:15.486696+00');
INSERT INTO public.orders VALUES ('70e7c6c2-6aa7-418c-befa-09bbaa843f73', 'ORD-20250519-LBAP', '2972e5b2-68fd-44e8-a1a6-650512f737c5', '2025-05-18 23:11:16.656932+00', 6192.0000, 1.2000, 1.9800, 0.0000, 'PENDING', 'Haris', 'haris.iqbal00@outlook.com', 'karachi sindh pakistan', 'karachi sindh pakistan', '2025-05-18 23:11:16.652409+00', '2025-05-18 23:11:16.652409+00');
INSERT INTO public.orders VALUES ('f4987e4a-4f46-47a2-8f72-959adb68fd24', 'ORD-20250519-EYDT', '2972e5b2-68fd-44e8-a1a6-650512f737c5', '2025-05-18 23:11:17.431448+00', 6192.0000, 1.2000, 1.9800, 0.0000, 'PENDING', 'Haris', 'haris.iqbal00@outlook.com', 'karachi sindh pakistan', 'karachi sindh pakistan', '2025-05-18 23:11:17.425472+00', '2025-05-18 23:11:17.425472+00');
INSERT INTO public.orders VALUES ('eeb2669b-6158-46e2-91d6-6a2a8d6e413c', 'ORD-20250519-GFV6', '2972e5b2-68fd-44e8-a1a6-650512f737c5', '2025-05-18 23:11:18.12518+00', 6192.0000, 1.2000, 1.9800, 0.0000, 'PENDING', 'Haris', 'haris.iqbal00@outlook.com', 'karachi sindh pakistan', 'karachi sindh pakistan', '2025-05-18 23:11:18.120858+00', '2025-05-18 23:11:18.120858+00');
INSERT INTO public.orders VALUES ('f4a488eb-06b8-4556-b2ed-b8b5e1250b81', 'ORD-20250519-R1JV', '2972e5b2-68fd-44e8-a1a6-650512f737c5', '2025-05-18 23:11:18.733794+00', 6192.0000, 1.2000, 1.9800, 0.0000, 'PENDING', 'Haris', 'haris.iqbal00@outlook.com', 'karachi sindh pakistan', 'karachi sindh pakistan', '2025-05-18 23:11:18.728902+00', '2025-05-18 23:11:18.728902+00');
INSERT INTO public.orders VALUES ('d76bb8df-d412-48e7-b0c8-7b2c8b980b03', 'ORD-20250519-3GTL', '2972e5b2-68fd-44e8-a1a6-650512f737c5', '2025-05-18 23:11:19.349656+00', 6192.0000, 1.2000, 1.9800, 0.0000, 'PENDING', 'Haris', 'haris.iqbal00@outlook.com', 'karachi sindh pakistan', 'karachi sindh pakistan', '2025-05-18 23:11:19.34545+00', '2025-05-18 23:11:19.34545+00');
INSERT INTO public.orders VALUES ('4a3e88a2-5dd5-4384-9073-659c9c599798', 'ORD-20250519-CLZB', '2972e5b2-68fd-44e8-a1a6-650512f737c5', '2025-05-18 23:11:20.019269+00', 6192.0000, 1.2000, 1.9800, 0.0000, 'PENDING', 'Haris', 'haris.iqbal00@outlook.com', 'karachi sindh pakistan', 'karachi sindh pakistan', '2025-05-18 23:11:20.01578+00', '2025-05-18 23:11:20.01578+00');
INSERT INTO public.orders VALUES ('31c489d6-39dd-495f-b7c0-20510ea20ef2', 'ORD-20250519-N52R', '2972e5b2-68fd-44e8-a1a6-650512f737c5', '2025-05-18 23:11:20.607391+00', 6192.0000, 1.2000, 1.9800, 0.0000, 'PENDING', 'Haris', 'haris.iqbal00@outlook.com', 'karachi sindh pakistan', 'karachi sindh pakistan', '2025-05-18 23:11:20.603494+00', '2025-05-18 23:11:20.603494+00');
INSERT INTO public.orders VALUES ('7852f050-e3ad-4da9-84ce-7bb4863506d9', 'ORD-20250519-VN7T', '2972e5b2-68fd-44e8-a1a6-650512f737c5', '2025-05-18 23:11:21.195025+00', 6192.0000, 1.2000, 1.9800, 0.0000, 'PENDING', 'Haris', 'haris.iqbal00@outlook.com', 'karachi sindh pakistan', 'karachi sindh pakistan', '2025-05-18 23:11:21.190941+00', '2025-05-18 23:11:21.190941+00');
INSERT INTO public.orders VALUES ('2254d9c0-b5fe-4d47-b1f4-21dc6b0d1b12', 'ORD-20250519-KGSA', '2972e5b2-68fd-44e8-a1a6-650512f737c5', '2025-05-18 23:11:21.808308+00', 6192.0000, 1.2000, 1.9800, 0.0000, 'PENDING', 'Haris', 'haris.iqbal00@outlook.com', 'karachi sindh pakistan', 'karachi sindh pakistan', '2025-05-18 23:11:21.805166+00', '2025-05-18 23:11:21.805166+00');


--
-- Data for Name: order_items; Type: TABLE DATA; Schema: public; Owner: postgres
--

INSERT INTO public.order_items VALUES ('ed36240e-5c3b-41e5-87c2-1f65deb924be', '51d079de-5cfd-4de0-a6bd-c9c4660d8702', '698478d4-860a-4179-a9f2-d8d8df663fbe', 10, 1900.0000, 19000.0000, '2025-05-18 15:53:32.718758+00', '2025-05-18 15:53:32.718758+00');
INSERT INTO public.order_items VALUES ('e9be67cd-243c-4853-af4f-5eda90ea4a3b', '7e3017c5-48f7-41c6-961d-b0bfcae36085', '698478d4-860a-4179-a9f2-d8d8df663fbe', 2, 1900.0000, 3800.0000, '2025-05-18 17:08:49.417735+00', '2025-05-18 17:08:49.417735+00');
INSERT INTO public.order_items VALUES ('841b924a-903c-4aae-b858-fe78d136b2c7', '308d0ac2-e320-4150-8add-a49c34501aa5', '698478d4-860a-4179-a9f2-d8d8df663fbe', 2, 1900.0000, 3800.0000, '2025-05-18 17:09:49.470318+00', '2025-05-18 17:09:49.470318+00');
INSERT INTO public.order_items VALUES ('f8a8b3d5-a869-4e5d-acaf-40bd97232824', 'cacc4a6b-76dc-4adc-9c38-a5e75fc92560', '698478d4-860a-4179-a9f2-d8d8df663fbe', 2, 1900.0000, 3800.0000, '2025-05-18 17:11:46.173913+00', '2025-05-18 17:11:46.173913+00');
INSERT INTO public.order_items VALUES ('1ab7ff9c-347b-46f8-bdd4-b18cd9406332', 'c0d37c97-7fed-4e04-a7cc-fa24c4adef56', '698478d4-860a-4179-a9f2-d8d8df663fbe', 2, 1900.0000, 3800.0000, '2025-05-18 17:13:23.810357+00', '2025-05-18 17:13:23.810357+00');
INSERT INTO public.order_items VALUES ('06d29a3b-8165-4f6d-bd0b-5a4eefac9235', '28705295-1eaf-41bb-a6fb-fd27916508f2', '698478d4-860a-4179-a9f2-d8d8df663fbe', 2, 1900.0000, 3800.0000, '2025-05-18 17:15:11.592918+00', '2025-05-18 17:15:11.592918+00');
INSERT INTO public.order_items VALUES ('50cf1de8-deaf-4d6a-91d5-ceec510bac58', '75dbfccc-3e89-4453-9f20-95b1e9586e7a', '698478d4-860a-4179-a9f2-d8d8df663fbe', 2, 1900.0000, 3800.0000, '2025-05-18 17:16:17.258166+00', '2025-05-18 17:16:17.258166+00');
INSERT INTO public.order_items VALUES ('fba10892-1089-4891-8e8d-dec1d2ad3765', 'eb8c63e8-bab8-420a-aea2-19ca3a88d6c0', '698478d4-860a-4179-a9f2-d8d8df663fbe', 2, 1900.0000, 3800.0000, '2025-05-18 17:18:22.106161+00', '2025-05-18 17:18:22.106161+00');
INSERT INTO public.order_items VALUES ('3165e72c-7bd8-4dd5-9cb0-4f4897c92ce6', 'c23b55fb-3517-4bf1-bffb-c488726ebf6c', '02452780-74eb-49d0-9a35-7da9736a246f', 2, 276.0000, 552.0000, '2025-05-18 17:21:58.923139+00', '2025-05-18 17:21:58.923139+00');
INSERT INTO public.order_items VALUES ('cc47bdbe-78eb-4517-afec-9140e4c22704', '1c9390f5-c697-4809-8122-5f45e7547cdf', '02452780-74eb-49d0-9a35-7da9736a246f', 2, 276.0000, 552.0000, '2025-05-18 17:26:23.182555+00', '2025-05-18 17:26:23.182555+00');
INSERT INTO public.order_items VALUES ('1e5e908b-6a05-4548-85c6-4b13a12320f9', '4548c875-466d-412e-9783-5f49581016cd', '02452780-74eb-49d0-9a35-7da9736a246f', 2, 276.0000, 552.0000, '2025-05-18 17:30:25.820995+00', '2025-05-18 17:30:25.820995+00');
INSERT INTO public.order_items VALUES ('2ff8a8c1-48e4-4936-adc1-2468ab5e9ca1', '00677e28-70ca-4f31-9c7c-3a44766cf040', '02452780-74eb-49d0-9a35-7da9736a246f', 2, 276.0000, 552.0000, '2025-05-18 17:33:10.177826+00', '2025-05-18 17:33:10.177826+00');
INSERT INTO public.order_items VALUES ('e686141a-93c5-46be-b9e1-09fb2bb959b4', '1b49f3df-297f-474e-8fde-2947da131923', '02452780-74eb-49d0-9a35-7da9736a246f', 2, 276.0000, 552.0000, '2025-05-18 17:35:50.543443+00', '2025-05-18 17:35:50.543443+00');
INSERT INTO public.order_items VALUES ('fdb220e0-f810-42c7-8d2b-614baf32507e', 'e277e05d-093d-4cad-8926-37a76b1ad4a7', '02452780-74eb-49d0-9a35-7da9736a246f', 2, 276.0000, 552.0000, '2025-05-18 17:54:30.234698+00', '2025-05-18 17:54:30.234698+00');
INSERT INTO public.order_items VALUES ('237ff941-4246-425b-b2b1-4eac14a48043', '6b93c5e1-f2d0-4574-be54-597660e8d0c1', '02452780-74eb-49d0-9a35-7da9736a246f', 2, 276.0000, 552.0000, '2025-05-18 17:56:07.835587+00', '2025-05-18 17:56:07.835587+00');
INSERT INTO public.order_items VALUES ('8c3f9c35-b163-4db3-96bb-9b5ac0127546', '7fe4e472-e118-470d-8482-37ca2279cf55', '02452780-74eb-49d0-9a35-7da9736a246f', 2, 276.0000, 552.0000, '2025-05-18 18:14:01.495619+00', '2025-05-18 18:14:01.495619+00');
INSERT INTO public.order_items VALUES ('d4f7156a-7496-42ea-a075-00301391fd98', '75255477-d6e6-4c28-8ba7-6f66af2e9ce2', '02452780-74eb-49d0-9a35-7da9736a246f', 2, 276.0000, 552.0000, '2025-05-18 18:16:14.408067+00', '2025-05-18 18:16:14.408067+00');
INSERT INTO public.order_items VALUES ('f51331be-c7da-4ca9-92ec-0889ca110767', 'e5127d9d-a279-4d4f-9dc9-9015a3f03b6d', '02452780-74eb-49d0-9a35-7da9736a246f', 2, 276.0000, 552.0000, '2025-05-18 18:20:37.463102+00', '2025-05-18 18:20:37.463102+00');
INSERT INTO public.order_items VALUES ('65d0881e-7d3e-4872-b466-0416559909d1', '742c215c-73dd-4bac-9c82-6db00ffb9ba8', '02452780-74eb-49d0-9a35-7da9736a246f', 2, 276.0000, 552.0000, '2025-05-18 18:30:30.792616+00', '2025-05-18 18:30:30.792616+00');
INSERT INTO public.order_items VALUES ('84c374eb-8cc5-48b6-b237-ce165ca38cfd', '0cf1c2a3-f55c-4ce5-aeb0-d04b35d1cf1e', '02452780-74eb-49d0-9a35-7da9736a246f', 2, 276.0000, 552.0000, '2025-05-18 19:05:03.444381+00', '2025-05-18 19:05:03.444381+00');
INSERT INTO public.order_items VALUES ('2f8f93e0-997c-4990-9084-ad75f5e91274', '1b642bfb-1a6c-4e3f-9936-228a763b0686', '02452780-74eb-49d0-9a35-7da9736a246f', 2, 276.0000, 552.0000, '2025-05-18 19:10:11.298254+00', '2025-05-18 19:10:11.298254+00');
INSERT INTO public.order_items VALUES ('f7bb653c-b6a8-4ad4-bfd0-3ebd6ef0fed6', 'fc758d1c-d1f7-46f1-8b83-7a52cd97a88b', '02452780-74eb-49d0-9a35-7da9736a246f', 2, 276.0000, 552.0000, '2025-05-18 19:11:54.452889+00', '2025-05-18 19:11:54.452889+00');
INSERT INTO public.order_items VALUES ('ef833ca0-be19-4adb-9ffa-e6b62b00d9a9', '88744dc4-056b-4403-8308-1d75535cf35d', '02452780-74eb-49d0-9a35-7da9736a246f', 2, 276.0000, 552.0000, '2025-05-18 19:12:58.855345+00', '2025-05-18 19:12:58.855345+00');
INSERT INTO public.order_items VALUES ('253d0d6f-4cc1-4864-b1ab-576a874f484c', '716db2b9-b4e8-42e4-9986-b5602e10ffa4', '02452780-74eb-49d0-9a35-7da9736a246f', 2, 276.0000, 552.0000, '2025-05-18 19:13:21.150943+00', '2025-05-18 19:13:21.150943+00');
INSERT INTO public.order_items VALUES ('1d82d12b-bcda-4550-ae79-c7b7fd8a90eb', '2a0cec2f-fde2-4767-b827-0a70a2777eae', '02452780-74eb-49d0-9a35-7da9736a246f', 2, 276.0000, 552.0000, '2025-05-18 19:14:26.604487+00', '2025-05-18 19:14:26.604487+00');
INSERT INTO public.order_items VALUES ('4c5a6b41-b731-4f0e-90e2-ed5a713a60f3', 'b7f6f2e3-82c4-4a40-883b-0ae19488b58c', '02452780-74eb-49d0-9a35-7da9736a246f', 2, 276.0000, 552.0000, '2025-05-18 19:14:36.450685+00', '2025-05-18 19:14:36.450685+00');
INSERT INTO public.order_items VALUES ('09327c16-f020-4b0b-8977-caae894f5a74', '1d5e8771-0b06-4bc4-9db6-dc7575c9127d', '698478d4-860a-4179-a9f2-d8d8df663fbe', 2, 1900.0000, 3800.0000, '2025-05-18 19:24:45.093592+00', '2025-05-18 19:24:45.093592+00');
INSERT INTO public.order_items VALUES ('29f76c9e-bf73-42ca-a894-bd04db2b757c', 'a001e9bc-193a-4b19-84cb-9df666d4b0d4', '698478d4-860a-4179-a9f2-d8d8df663fbe', 2, 1900.0000, 3800.0000, '2025-05-18 19:24:47.164884+00', '2025-05-18 19:24:47.164884+00');
INSERT INTO public.order_items VALUES ('df9c70ad-d8b7-4230-8e58-b747b6702694', 'fb3d5af1-87ab-486f-8c2c-e47e8492f21c', '698478d4-860a-4179-a9f2-d8d8df663fbe', 2, 1900.0000, 3800.0000, '2025-05-18 19:24:52.952865+00', '2025-05-18 19:24:52.952865+00');
INSERT INTO public.order_items VALUES ('af1c0848-673e-4a92-b4b8-0492bb5fa62f', '7aebc72d-361b-4447-bee9-717eb6948208', '698478d4-860a-4179-a9f2-d8d8df663fbe', 1, 1900.0000, 1900.0000, '2025-05-18 19:25:16.908402+00', '2025-05-18 19:25:16.908402+00');
INSERT INTO public.order_items VALUES ('afa32fe0-c677-484f-88ff-d5682af2ad00', 'f570771d-4ebc-4116-8b60-98b804f94e48', '698478d4-860a-4179-a9f2-d8d8df663fbe', 1, 1900.0000, 1900.0000, '2025-05-18 19:26:07.94408+00', '2025-05-18 19:26:07.94408+00');
INSERT INTO public.order_items VALUES ('d0230287-6529-4452-bf55-9609f548a380', '1e3b5d7c-e868-4f40-bc1c-7c75fc0080a9', '698478d4-860a-4179-a9f2-d8d8df663fbe', 1, 1900.0000, 1900.0000, '2025-05-18 19:26:13.713883+00', '2025-05-18 19:26:13.713883+00');
INSERT INTO public.order_items VALUES ('32c8d444-f41f-49c0-80ee-267fec941257', '031971b9-7ea5-482f-9cdb-163ef92c44b0', '698478d4-860a-4179-a9f2-d8d8df663fbe', 1, 1900.0000, 1900.0000, '2025-05-18 19:27:17.825134+00', '2025-05-18 19:27:17.825134+00');
INSERT INTO public.order_items VALUES ('d2e9cb96-9394-4397-8676-141ad7dfc32e', '945b70eb-1a02-45eb-8f35-7ced2e9adcc4', '698478d4-860a-4179-a9f2-d8d8df663fbe', 1, 1900.0000, 1900.0000, '2025-05-18 19:28:53.604524+00', '2025-05-18 19:28:53.604524+00');
INSERT INTO public.order_items VALUES ('e88ffbe4-99d7-41d2-8c77-4496ef59144c', '3d7f60d4-3ead-48c4-a651-f87e4e9c8f98', '698478d4-860a-4179-a9f2-d8d8df663fbe', 1, 1900.0000, 1900.0000, '2025-05-18 19:30:22.989213+00', '2025-05-18 19:30:22.989213+00');
INSERT INTO public.order_items VALUES ('5a66e4a8-021f-4a2d-b6f5-76aeee2fa5c2', 'ed8eff78-a349-4c92-8b09-26eab9aeba53', '698478d4-860a-4179-a9f2-d8d8df663fbe', 1, 1900.0000, 1900.0000, '2025-05-18 19:31:42.116847+00', '2025-05-18 19:31:42.116847+00');
INSERT INTO public.order_items VALUES ('fe75dd32-6b89-4fdc-8c35-98f64b4120c9', '36135aa6-b03c-4c28-a3a5-eb538882b499', '698478d4-860a-4179-a9f2-d8d8df663fbe', 1, 1900.0000, 1900.0000, '2025-05-18 19:31:56.071752+00', '2025-05-18 19:31:56.071752+00');
INSERT INTO public.order_items VALUES ('da5752d4-f745-4e8e-a389-08b680515313', '9827932f-6e2b-49d6-98ef-05e6444b180d', '698478d4-860a-4179-a9f2-d8d8df663fbe', 1, 1900.0000, 1900.0000, '2025-05-18 20:39:30.615751+00', '2025-05-18 20:39:30.615751+00');
INSERT INTO public.order_items VALUES ('e59b5646-3f45-4f0f-8f30-cd1ecc3bfdb1', '6d66ff59-31cc-4175-b1c4-14273d3d26b9', '698478d4-860a-4179-a9f2-d8d8df663fbe', 1, 1900.0000, 1900.0000, '2025-05-18 20:40:18.340051+00', '2025-05-18 20:40:18.340051+00');
INSERT INTO public.order_items VALUES ('3bd74c2d-6111-4ca7-8fbc-71fc1b4d0287', 'ab298294-e202-4c98-8e68-5e8af275dfe0', '698478d4-860a-4179-a9f2-d8d8df663fbe', 1, 1900.0000, 1900.0000, '2025-05-18 21:19:07.750939+00', '2025-05-18 21:19:07.750939+00');
INSERT INTO public.order_items VALUES ('7a81ace8-34e1-4225-b443-7c3925875dd3', '0030132b-72c5-419a-be4e-fa920cdb9c7c', '698478d4-860a-4179-a9f2-d8d8df663fbe', 1, 1900.0000, 1900.0000, '2025-05-18 21:19:49.159271+00', '2025-05-18 21:19:49.159271+00');
INSERT INTO public.order_items VALUES ('c5af93a2-338e-4418-8c11-012a927863ba', 'c71f7eed-d5be-4eb4-bedd-4b383d70c8f1', '698478d4-860a-4179-a9f2-d8d8df663fbe', 1, 1900.0000, 1900.0000, '2025-05-18 21:19:49.751664+00', '2025-05-18 21:19:49.751664+00');
INSERT INTO public.order_items VALUES ('cacce1e1-8fec-4220-9331-3c0efa35c6a0', '53ac4e86-704a-4bae-bb80-7fa32810cc67', '698478d4-860a-4179-a9f2-d8d8df663fbe', 1, 1900.0000, 1900.0000, '2025-05-18 21:19:50.342672+00', '2025-05-18 21:19:50.342672+00');
INSERT INTO public.order_items VALUES ('75ab2a7e-3c93-4975-a57c-c1ce838b4d56', '0736b92a-08cd-41e2-8ddf-91e937d7d22b', '698478d4-860a-4179-a9f2-d8d8df663fbe', 1, 1900.0000, 1900.0000, '2025-05-18 21:19:50.923992+00', '2025-05-18 21:19:50.923992+00');
INSERT INTO public.order_items VALUES ('60475b62-a2ed-49c4-a61b-c68f9c2088be', 'd9b8da9d-b1e7-40ad-8e62-5830f0db119b', '698478d4-860a-4179-a9f2-d8d8df663fbe', 1, 1900.0000, 1900.0000, '2025-05-18 21:19:55.417238+00', '2025-05-18 21:19:55.417238+00');
INSERT INTO public.order_items VALUES ('7d90c030-aca1-4e57-8055-93fa8dfdef99', 'ab9b7aed-0e3f-4df6-8a82-117b5725eb79', '698478d4-860a-4179-a9f2-d8d8df663fbe', 1, 1900.0000, 1900.0000, '2025-05-18 21:19:56.073921+00', '2025-05-18 21:19:56.073921+00');
INSERT INTO public.order_items VALUES ('279b31bb-131f-4488-82a3-fa5fd32e9fcf', '9951075f-177d-4c9f-9efb-0b898ea8ddc6', '698478d4-860a-4179-a9f2-d8d8df663fbe', 1, 1900.0000, 1900.0000, '2025-05-18 21:19:56.631191+00', '2025-05-18 21:19:56.631191+00');
INSERT INTO public.order_items VALUES ('ffbc2b45-6df8-43f7-af9d-15d0eb53bb19', '495935e3-1312-4728-95bc-a0aeaf989680', '02452780-74eb-49d0-9a35-7da9736a246f', 10, 276.0000, 2760.0000, '2025-05-18 21:21:12.643024+00', '2025-05-18 21:21:12.643024+00');
INSERT INTO public.order_items VALUES ('a498d236-c6f5-4061-af96-08621f1b6f8b', '16e39914-1614-4004-b02b-4a7256797d37', '02452780-74eb-49d0-9a35-7da9736a246f', 2, 276.0000, 552.0000, '2025-05-18 21:21:15.389869+00', '2025-05-18 21:21:15.389869+00');
INSERT INTO public.order_items VALUES ('1b1c6189-4e80-45f3-9681-5d4c570f806a', 'e5b63c7b-1a8e-4e0d-b720-6d281fea2e58', '02452780-74eb-49d0-9a35-7da9736a246f', 4, 276.0000, 1104.0000, '2025-05-18 21:21:17.337351+00', '2025-05-18 21:21:17.337351+00');
INSERT INTO public.order_items VALUES ('757c6bfc-6449-466f-af38-4661a5b5ae27', '31d94c7b-50e7-4be7-b138-8b01b8e1b0e6', '02452780-74eb-49d0-9a35-7da9736a246f', 8, 276.0000, 2208.0000, '2025-05-18 21:21:19.866531+00', '2025-05-18 21:21:19.866531+00');
INSERT INTO public.order_items VALUES ('a83cd4c6-0b5b-414a-906b-dd7933a97851', 'f0c64ad7-b7d9-413f-b48e-4ae9efafb80c', '02452780-74eb-49d0-9a35-7da9736a246f', 10, 276.0000, 2760.0000, '2025-05-18 21:21:22.179349+00', '2025-05-18 21:21:22.179349+00');
INSERT INTO public.order_items VALUES ('a73869c1-0e2c-4a59-b4ac-506d636ed233', '82b92957-ce81-4768-961b-8f08af51a8be', '02452780-74eb-49d0-9a35-7da9736a246f', 12, 276.0000, 3312.0000, '2025-05-18 21:21:24.712056+00', '2025-05-18 21:21:24.712056+00');
INSERT INTO public.order_items VALUES ('ccda03e6-8f45-4db2-b9b2-aab0b6970194', '1d5c7e5d-c33b-42cc-8b23-7df658e83cdc', '02452780-74eb-49d0-9a35-7da9736a246f', 12, 276.0000, 3312.0000, '2025-05-18 21:22:00.320459+00', '2025-05-18 21:22:00.320459+00');
INSERT INTO public.order_items VALUES ('9c764860-c856-49a9-9289-9a871847c7c9', '47802553-f3a8-4e01-94c4-fc3fb1d91117', '02452780-74eb-49d0-9a35-7da9736a246f', 12, 276.0000, 3312.0000, '2025-05-18 21:22:00.985667+00', '2025-05-18 21:22:00.985667+00');
INSERT INTO public.order_items VALUES ('bf60b299-6893-44e5-bf5e-472bee97a09e', '40bc65a2-5bb8-48d2-aa5b-e867e293db0a', '02452780-74eb-49d0-9a35-7da9736a246f', 10, 276.0000, 2760.0000, '2025-05-18 21:22:03.690523+00', '2025-05-18 21:22:03.690523+00');
INSERT INTO public.order_items VALUES ('32cbee7e-01d4-45f2-9479-e9e2cbc26774', '4d457dce-85cb-4057-8a69-496c663457ad', '02452780-74eb-49d0-9a35-7da9736a246f', 10, 276.0000, 2760.0000, '2025-05-18 22:00:50.808781+00', '2025-05-18 22:00:50.808781+00');
INSERT INTO public.order_items VALUES ('66c2f3e4-aaf2-4457-9506-4b7cc3e3f7bd', 'b1ffc75a-e69c-45b0-ba76-c86b4cc0f836', '02452780-74eb-49d0-9a35-7da9736a246f', 10, 276.0000, 2760.0000, '2025-05-18 22:00:53.428443+00', '2025-05-18 22:00:53.428443+00');
INSERT INTO public.order_items VALUES ('5512eb3d-8778-49b5-ba98-e6faef4852f6', 'cbf364fd-36cb-4ee6-9ee0-8d8a00eea948', '02452780-74eb-49d0-9a35-7da9736a246f', 10, 276.0000, 2760.0000, '2025-05-18 22:00:54.436649+00', '2025-05-18 22:00:54.436649+00');
INSERT INTO public.order_items VALUES ('3ec2f76d-bbb8-43d0-98a3-7f4db74d1cee', 'f7c4e672-eea6-4f4c-984d-0004dcd12761', '02452780-74eb-49d0-9a35-7da9736a246f', 2, 276.0000, 552.0000, '2025-05-18 22:00:57.235269+00', '2025-05-18 22:00:57.235269+00');
INSERT INTO public.order_items VALUES ('ae8e22b0-3918-4b02-bde3-0959113cbc9a', 'ae6ddad2-a9df-416b-8b72-81daabe7eb92', '02452780-74eb-49d0-9a35-7da9736a246f', 2, 276.0000, 552.0000, '2025-05-18 22:01:03.22271+00', '2025-05-18 22:01:03.22271+00');
INSERT INTO public.order_items VALUES ('84d92113-6b00-426f-bd11-468e8bfe874c', 'aea831b0-46c5-41d7-ae92-3bd6d72b6d0d', '02452780-74eb-49d0-9a35-7da9736a246f', 2, 276.0000, 552.0000, '2025-05-18 22:03:18.93706+00', '2025-05-18 22:03:18.93706+00');
INSERT INTO public.order_items VALUES ('d86d7cd6-6398-43e1-9548-6edb22bdf80e', '572d78bc-36bd-473b-b8ae-010a249819b0', '02452780-74eb-49d0-9a35-7da9736a246f', 2, 276.0000, 552.0000, '2025-05-18 22:04:31.027273+00', '2025-05-18 22:04:31.027273+00');
INSERT INTO public.order_items VALUES ('5a71f4cc-5198-4ce9-9b0f-5562420cdaeb', '36fa4f42-669b-47e2-952f-46f2449f2377', '02452780-74eb-49d0-9a35-7da9736a246f', 2, 276.0000, 552.0000, '2025-05-18 22:04:44.233213+00', '2025-05-18 22:04:44.233213+00');
INSERT INTO public.order_items VALUES ('ac5cf3ec-55bb-49ae-8eba-fa4d5523ddda', '9754ea7f-cd7e-4136-a24d-c97c31554d0d', '02452780-74eb-49d0-9a35-7da9736a246f', 2, 276.0000, 552.0000, '2025-05-18 22:04:54.76802+00', '2025-05-18 22:04:54.76802+00');
INSERT INTO public.order_items VALUES ('d6413115-9b55-4d24-94fc-cff1ed7855cf', '54f34ece-1cc1-43a4-9162-6bec46404a37', '02452780-74eb-49d0-9a35-7da9736a246f', 2, 276.0000, 552.0000, '2025-05-18 22:05:05.75733+00', '2025-05-18 22:05:05.75733+00');
INSERT INTO public.order_items VALUES ('c9c613f5-eecc-4fa5-8e80-de4cb0d5840d', '887c1516-f7a7-44a6-bfe1-1ae245bba69a', '02452780-74eb-49d0-9a35-7da9736a246f', 2, 276.0000, 552.0000, '2025-05-18 22:05:06.498772+00', '2025-05-18 22:05:06.498772+00');
INSERT INTO public.order_items VALUES ('70d60562-f124-4bb1-8fb0-c0ccca7b6978', '5bc7903c-5fa1-4748-bbc4-2106cfbbae69', '02452780-74eb-49d0-9a35-7da9736a246f', 2, 276.0000, 552.0000, '2025-05-18 22:05:07.259945+00', '2025-05-18 22:05:07.259945+00');
INSERT INTO public.order_items VALUES ('45d0ad62-ee33-40af-8171-487c1e92c342', '8275db7e-66b1-4925-bf06-f879ef70c2d0', '02452780-74eb-49d0-9a35-7da9736a246f', 2, 276.0000, 552.0000, '2025-05-18 22:05:13.155521+00', '2025-05-18 22:05:13.155521+00');
INSERT INTO public.order_items VALUES ('111eef10-159f-4c93-afa5-7e2cd277ff09', '4e562687-b964-46ab-b5ca-4c11fc80c592', '02452780-74eb-49d0-9a35-7da9736a246f', 2, 276.0000, 552.0000, '2025-05-18 22:05:19.256473+00', '2025-05-18 22:05:19.256473+00');
INSERT INTO public.order_items VALUES ('453cfcee-fd50-4218-b7db-5be5b7ce9b15', '91491ecd-3f2f-40fe-b094-f215d8106c06', '02452780-74eb-49d0-9a35-7da9736a246f', 2, 276.0000, 552.0000, '2025-05-18 22:05:26.626749+00', '2025-05-18 22:05:26.626749+00');
INSERT INTO public.order_items VALUES ('910bb9cb-cded-48f7-8ce6-b480038f7de3', 'd2eb6915-ba76-4f7c-8ea0-8e8f03da4a8a', '02452780-74eb-49d0-9a35-7da9736a246f', 2, 276.0000, 552.0000, '2025-05-18 22:05:43.832771+00', '2025-05-18 22:05:43.832771+00');
INSERT INTO public.order_items VALUES ('7a610119-45b1-47ac-8220-430f47d7a74b', '4a5abd2c-fe26-45c8-8df7-acf4b3c18b04', '02452780-74eb-49d0-9a35-7da9736a246f', 2, 276.0000, 552.0000, '2025-05-18 22:05:44.371203+00', '2025-05-18 22:05:44.371203+00');
INSERT INTO public.order_items VALUES ('05c3f736-d5a5-413f-a2e2-1d37389a0b2f', 'ed2445d0-80a3-4699-b45e-2add18dc37cc', '02452780-74eb-49d0-9a35-7da9736a246f', 2, 276.0000, 552.0000, '2025-05-18 22:05:44.815267+00', '2025-05-18 22:05:44.815267+00');
INSERT INTO public.order_items VALUES ('d30504ea-991e-435b-8703-e2613e042c16', '0a8a8997-37e9-4503-9ec9-17395e79de8a', '02452780-74eb-49d0-9a35-7da9736a246f', 2, 276.0000, 552.0000, '2025-05-18 22:18:43.131273+00', '2025-05-18 22:18:43.131273+00');
INSERT INTO public.order_items VALUES ('3aa9c1b3-830e-431e-a73b-ed56bd40a041', '90ded955-f760-4761-8ecc-287bf0995b2b', '02452780-74eb-49d0-9a35-7da9736a246f', 2, 276.0000, 552.0000, '2025-05-18 22:22:52.506017+00', '2025-05-18 22:22:52.506017+00');
INSERT INTO public.order_items VALUES ('178be8d4-c730-465b-9491-3649ff47e64f', '8de4dd4b-3a3d-47a2-afbd-28ed83e103ea', '02452780-74eb-49d0-9a35-7da9736a246f', 2, 276.0000, 552.0000, '2025-05-18 22:22:53.467266+00', '2025-05-18 22:22:53.467266+00');
INSERT INTO public.order_items VALUES ('cff344e7-b951-4be3-af45-0d460aa2a41e', '9c706b5d-671b-4a7b-8073-8d608fdb4ee8', '02452780-74eb-49d0-9a35-7da9736a246f', 2, 276.0000, 552.0000, '2025-05-18 22:22:54.110082+00', '2025-05-18 22:22:54.110082+00');
INSERT INTO public.order_items VALUES ('e672b24e-6fcd-4566-afe6-a83b9d04bcd6', 'bbec99db-b708-4d51-bdf7-9b56a327df7e', '02452780-74eb-49d0-9a35-7da9736a246f', 2, 276.0000, 552.0000, '2025-05-18 22:22:54.772434+00', '2025-05-18 22:22:54.772434+00');
INSERT INTO public.order_items VALUES ('a7fa3570-4c35-46e4-b654-c05600073a86', '570e90d0-26d4-43af-89f1-38b31696c07e', '02452780-74eb-49d0-9a35-7da9736a246f', 2, 276.0000, 552.0000, '2025-05-18 22:22:55.353699+00', '2025-05-18 22:22:55.353699+00');
INSERT INTO public.order_items VALUES ('8cef5240-c83f-44e8-8073-f05ca7e4d92b', '542cb2fb-34df-41d8-ba65-36dfe538fdb6', '02452780-74eb-49d0-9a35-7da9736a246f', 2, 276.0000, 552.0000, '2025-05-18 22:22:55.906493+00', '2025-05-18 22:22:55.906493+00');
INSERT INTO public.order_items VALUES ('f019e544-0f84-41ac-9f36-63fe366a466b', '5c18a10d-cfe3-461c-94b1-891694ccb994', '02452780-74eb-49d0-9a35-7da9736a246f', 2, 276.0000, 552.0000, '2025-05-18 22:23:02.682419+00', '2025-05-18 22:23:02.682419+00');
INSERT INTO public.order_items VALUES ('c71d0472-1eb8-4086-be49-ee2894603427', 'c92ffd9a-6379-4ab9-b8dd-9e50d0221afd', '02452780-74eb-49d0-9a35-7da9736a246f', 2, 276.0000, 552.0000, '2025-05-18 22:23:49.686973+00', '2025-05-18 22:23:49.686973+00');
INSERT INTO public.order_items VALUES ('03216aea-2dc6-4b42-b5c0-5d378963fe49', '984d3d5f-4daa-4fbc-9efa-7bf7ca123fca', '02452780-74eb-49d0-9a35-7da9736a246f', 2, 276.0000, 552.0000, '2025-05-18 22:23:50.44684+00', '2025-05-18 22:23:50.44684+00');
INSERT INTO public.order_items VALUES ('cc83e1a3-ad6f-4d18-a3ca-769ddbae96e9', '6220322a-8a52-405c-a139-807ba5d04246', '02452780-74eb-49d0-9a35-7da9736a246f', 2, 276.0000, 552.0000, '2025-05-18 22:23:51.218044+00', '2025-05-18 22:23:51.218044+00');
INSERT INTO public.order_items VALUES ('6e1e2f68-6d20-45b7-9072-af3da563e338', '316d785b-233b-45dd-a2c0-60847bae7148', '02452780-74eb-49d0-9a35-7da9736a246f', 2, 276.0000, 552.0000, '2025-05-18 22:23:51.965794+00', '2025-05-18 22:23:51.965794+00');
INSERT INTO public.order_items VALUES ('3937f6fe-23a7-49b8-8ec8-247a056bc70e', '3397e9b7-2561-4be0-9937-e01e6fa989a4', '02452780-74eb-49d0-9a35-7da9736a246f', 2, 276.0000, 552.0000, '2025-05-18 22:23:52.691633+00', '2025-05-18 22:23:52.691633+00');
INSERT INTO public.order_items VALUES ('002931bf-0cc7-4982-9edc-c4a58ff60761', '15bf4255-8a11-4289-9867-106db5f12bde', '02452780-74eb-49d0-9a35-7da9736a246f', 2, 276.0000, 552.0000, '2025-05-18 22:23:53.375905+00', '2025-05-18 22:23:53.375905+00');
INSERT INTO public.order_items VALUES ('6421aaa5-4384-4c7b-a8ac-54fc06c1fdee', '31eaf27d-f8e0-4acc-b10a-908ddc2dad10', '02452780-74eb-49d0-9a35-7da9736a246f', 2, 276.0000, 552.0000, '2025-05-18 22:23:54.096978+00', '2025-05-18 22:23:54.096978+00');
INSERT INTO public.order_items VALUES ('b37c65c1-e110-4b54-95a3-46f9e2bb352e', 'ab9ab076-68bc-4eb0-86d9-b0522ff4d587', '02452780-74eb-49d0-9a35-7da9736a246f', 2, 276.0000, 552.0000, '2025-05-18 22:23:54.736816+00', '2025-05-18 22:23:54.736816+00');
INSERT INTO public.order_items VALUES ('f6ab654f-97de-4172-90ed-deaab6fd9e59', 'd90acd1d-a985-42a3-a6bb-8a0a8995b301', '02452780-74eb-49d0-9a35-7da9736a246f', 2, 276.0000, 552.0000, '2025-05-18 22:23:55.34909+00', '2025-05-18 22:23:55.34909+00');
INSERT INTO public.order_items VALUES ('7b9a57d4-5ae1-4162-954e-0a1d7c8169a5', '48683f62-dd22-40ab-a1f8-2f61e89320bc', '02452780-74eb-49d0-9a35-7da9736a246f', 2, 276.0000, 552.0000, '2025-05-18 22:23:55.966408+00', '2025-05-18 22:23:55.966408+00');
INSERT INTO public.order_items VALUES ('4f3a4212-0a67-4073-95be-2a17397ce98f', 'e199fec7-5ab6-4da8-aed4-76afa2c3b1ca', '02452780-74eb-49d0-9a35-7da9736a246f', 2, 276.0000, 552.0000, '2025-05-18 22:42:22.512889+00', '2025-05-18 22:42:22.512889+00');
INSERT INTO public.order_items VALUES ('e7a5b76c-571b-4bcd-839c-5712cc8fd287', 'abee14d6-ba2a-400a-899f-261c2e6c62b0', '02452780-74eb-49d0-9a35-7da9736a246f', 2, 276.0000, 552.0000, '2025-05-18 22:42:27.243987+00', '2025-05-18 22:42:27.243987+00');
INSERT INTO public.order_items VALUES ('238a6668-a2de-44af-b3ac-2463a76f1c0f', '5e2a1cf8-7828-438d-8721-6c48a9ea8ad3', '02452780-74eb-49d0-9a35-7da9736a246f', 2, 276.0000, 552.0000, '2025-05-18 22:42:28.635765+00', '2025-05-18 22:42:28.635765+00');
INSERT INTO public.order_items VALUES ('da893cda-c7f9-4c1b-a7ce-073a59aacae1', 'c2c591a3-3a8f-44c6-b0ba-ffe94c468617', '02452780-74eb-49d0-9a35-7da9736a246f', 2, 276.0000, 552.0000, '2025-05-18 22:42:29.580781+00', '2025-05-18 22:42:29.580781+00');
INSERT INTO public.order_items VALUES ('12e9922b-c339-4b3a-a143-2e2bc8b3efc5', 'ae976e0b-9664-43e6-800d-8107e6203c8d', '02452780-74eb-49d0-9a35-7da9736a246f', 2, 276.0000, 552.0000, '2025-05-18 22:42:30.262885+00', '2025-05-18 22:42:30.262885+00');
INSERT INTO public.order_items VALUES ('0434b626-fc8f-4184-bda0-93d4915026fd', '7c84c813-196b-4872-b24c-efa7fbedff69', '02452780-74eb-49d0-9a35-7da9736a246f', 2, 276.0000, 552.0000, '2025-05-18 22:42:30.916975+00', '2025-05-18 22:42:30.916975+00');
INSERT INTO public.order_items VALUES ('cd1d2bd3-6161-4d8d-9649-eee824d71d3f', 'df296e93-13d9-4045-a890-82a646db096a', '02452780-74eb-49d0-9a35-7da9736a246f', 2, 276.0000, 552.0000, '2025-05-18 22:42:31.653717+00', '2025-05-18 22:42:31.653717+00');
INSERT INTO public.order_items VALUES ('faf2486a-d529-44bd-807f-f1848883a85a', '964523ef-6701-4256-925e-315de633cc76', '02452780-74eb-49d0-9a35-7da9736a246f', 2, 276.0000, 552.0000, '2025-05-18 22:42:32.318431+00', '2025-05-18 22:42:32.318431+00');
INSERT INTO public.order_items VALUES ('bff34551-16a9-4592-9e75-9a96c1f3aa9b', '345cf336-054e-4dc6-bdb8-15ed196e3663', '02452780-74eb-49d0-9a35-7da9736a246f', 2, 276.0000, 552.0000, '2025-05-18 22:42:37.277281+00', '2025-05-18 22:42:37.277281+00');
INSERT INTO public.order_items VALUES ('b90a8126-fde0-421c-a073-eb730b4ff3d3', 'bf93c26d-cbd6-4d51-a350-461fc6e90cfa', '02452780-74eb-49d0-9a35-7da9736a246f', 2, 276.0000, 552.0000, '2025-05-18 22:42:38.056078+00', '2025-05-18 22:42:38.056078+00');
INSERT INTO public.order_items VALUES ('f912a8e1-077b-40fb-889a-99298b2a21b0', 'e1685ab8-eb20-4a77-af5c-c31d8c47b6f4', '02452780-74eb-49d0-9a35-7da9736a246f', 2, 276.0000, 552.0000, '2025-05-18 23:11:08.499759+00', '2025-05-18 23:11:08.499759+00');
INSERT INTO public.order_items VALUES ('197472a1-6087-4728-b4ec-9f20684279ae', 'e1685ab8-eb20-4a77-af5c-c31d8c47b6f4', '2213884b-e6f2-4a33-abd1-6e4771c468d7', 10, 564.0000, 5640.0000, '2025-05-18 23:11:08.499759+00', '2025-05-18 23:11:08.499759+00');
INSERT INTO public.order_items VALUES ('882d0600-04e5-429b-b2fd-b051ed9f55cd', '37c08600-f635-4906-a19d-497990df0ac1', '02452780-74eb-49d0-9a35-7da9736a246f', 2, 276.0000, 552.0000, '2025-05-18 23:11:15.486696+00', '2025-05-18 23:11:15.486696+00');
INSERT INTO public.order_items VALUES ('bae0b7b0-53b1-4df3-a274-67a224ad0223', '37c08600-f635-4906-a19d-497990df0ac1', '2213884b-e6f2-4a33-abd1-6e4771c468d7', 10, 564.0000, 5640.0000, '2025-05-18 23:11:15.486696+00', '2025-05-18 23:11:15.486696+00');
INSERT INTO public.order_items VALUES ('cd6a94f6-f776-4596-b9d4-d6406cc65f57', '70e7c6c2-6aa7-418c-befa-09bbaa843f73', '02452780-74eb-49d0-9a35-7da9736a246f', 2, 276.0000, 552.0000, '2025-05-18 23:11:16.652409+00', '2025-05-18 23:11:16.652409+00');
INSERT INTO public.order_items VALUES ('09b8646b-b631-41a7-b08a-052d1e58617a', '70e7c6c2-6aa7-418c-befa-09bbaa843f73', '2213884b-e6f2-4a33-abd1-6e4771c468d7', 10, 564.0000, 5640.0000, '2025-05-18 23:11:16.652409+00', '2025-05-18 23:11:16.652409+00');
INSERT INTO public.order_items VALUES ('c9c79eff-9db6-4587-9cc1-5ca54fc12c4d', 'f4987e4a-4f46-47a2-8f72-959adb68fd24', '02452780-74eb-49d0-9a35-7da9736a246f', 2, 276.0000, 552.0000, '2025-05-18 23:11:17.425472+00', '2025-05-18 23:11:17.425472+00');
INSERT INTO public.order_items VALUES ('1023a274-6d31-4bd4-8789-db4aec8bafae', 'f4987e4a-4f46-47a2-8f72-959adb68fd24', '2213884b-e6f2-4a33-abd1-6e4771c468d7', 10, 564.0000, 5640.0000, '2025-05-18 23:11:17.425472+00', '2025-05-18 23:11:17.425472+00');
INSERT INTO public.order_items VALUES ('2a1f60e4-dbef-4a74-96d5-27c75b13103f', 'eeb2669b-6158-46e2-91d6-6a2a8d6e413c', '02452780-74eb-49d0-9a35-7da9736a246f', 2, 276.0000, 552.0000, '2025-05-18 23:11:18.120858+00', '2025-05-18 23:11:18.120858+00');
INSERT INTO public.order_items VALUES ('a772b226-4ec2-409e-a8a6-685e5d974002', 'eeb2669b-6158-46e2-91d6-6a2a8d6e413c', '2213884b-e6f2-4a33-abd1-6e4771c468d7', 10, 564.0000, 5640.0000, '2025-05-18 23:11:18.120858+00', '2025-05-18 23:11:18.120858+00');
INSERT INTO public.order_items VALUES ('b543435c-80ec-4abd-939c-57a87776eebf', 'f4a488eb-06b8-4556-b2ed-b8b5e1250b81', '02452780-74eb-49d0-9a35-7da9736a246f', 2, 276.0000, 552.0000, '2025-05-18 23:11:18.728902+00', '2025-05-18 23:11:18.728902+00');
INSERT INTO public.order_items VALUES ('b305aaea-c0db-4177-b198-b359e0717b10', 'f4a488eb-06b8-4556-b2ed-b8b5e1250b81', '2213884b-e6f2-4a33-abd1-6e4771c468d7', 10, 564.0000, 5640.0000, '2025-05-18 23:11:18.728902+00', '2025-05-18 23:11:18.728902+00');
INSERT INTO public.order_items VALUES ('78683ed1-c1b9-43ef-aa37-37e7b25b7707', 'd76bb8df-d412-48e7-b0c8-7b2c8b980b03', '02452780-74eb-49d0-9a35-7da9736a246f', 2, 276.0000, 552.0000, '2025-05-18 23:11:19.34545+00', '2025-05-18 23:11:19.34545+00');
INSERT INTO public.order_items VALUES ('4901a17a-6698-459b-9f35-df18968da4ed', 'd76bb8df-d412-48e7-b0c8-7b2c8b980b03', '2213884b-e6f2-4a33-abd1-6e4771c468d7', 10, 564.0000, 5640.0000, '2025-05-18 23:11:19.34545+00', '2025-05-18 23:11:19.34545+00');
INSERT INTO public.order_items VALUES ('28c6d8d7-3aeb-48cc-8386-a6d36a6a090f', '4a3e88a2-5dd5-4384-9073-659c9c599798', '02452780-74eb-49d0-9a35-7da9736a246f', 2, 276.0000, 552.0000, '2025-05-18 23:11:20.01578+00', '2025-05-18 23:11:20.01578+00');
INSERT INTO public.order_items VALUES ('01fe97d9-5ae4-4fb8-b840-ce135b74aea7', '4a3e88a2-5dd5-4384-9073-659c9c599798', '2213884b-e6f2-4a33-abd1-6e4771c468d7', 10, 564.0000, 5640.0000, '2025-05-18 23:11:20.01578+00', '2025-05-18 23:11:20.01578+00');
INSERT INTO public.order_items VALUES ('5bb52fa5-8705-4dfb-84ce-74a20c541e22', '31c489d6-39dd-495f-b7c0-20510ea20ef2', '02452780-74eb-49d0-9a35-7da9736a246f', 2, 276.0000, 552.0000, '2025-05-18 23:11:20.603494+00', '2025-05-18 23:11:20.603494+00');
INSERT INTO public.order_items VALUES ('416f5b85-f404-41c7-b9cc-7102816f29bf', '31c489d6-39dd-495f-b7c0-20510ea20ef2', '2213884b-e6f2-4a33-abd1-6e4771c468d7', 10, 564.0000, 5640.0000, '2025-05-18 23:11:20.603494+00', '2025-05-18 23:11:20.603494+00');
INSERT INTO public.order_items VALUES ('6aae366e-2f15-423e-a48c-dc7edff2f052', '7852f050-e3ad-4da9-84ce-7bb4863506d9', '02452780-74eb-49d0-9a35-7da9736a246f', 2, 276.0000, 552.0000, '2025-05-18 23:11:21.190941+00', '2025-05-18 23:11:21.190941+00');
INSERT INTO public.order_items VALUES ('515b2dda-d600-4fd3-b3fc-b970cc0ee2c6', '7852f050-e3ad-4da9-84ce-7bb4863506d9', '2213884b-e6f2-4a33-abd1-6e4771c468d7', 10, 564.0000, 5640.0000, '2025-05-18 23:11:21.190941+00', '2025-05-18 23:11:21.190941+00');
INSERT INTO public.order_items VALUES ('60cd6463-462f-446f-b88c-b2a9eb8e4a9f', '2254d9c0-b5fe-4d47-b1f4-21dc6b0d1b12', '02452780-74eb-49d0-9a35-7da9736a246f', 2, 276.0000, 552.0000, '2025-05-18 23:11:21.805166+00', '2025-05-18 23:11:21.805166+00');
INSERT INTO public.order_items VALUES ('73be9779-c9c8-49c7-956c-f7201cc8bb56', '2254d9c0-b5fe-4d47-b1f4-21dc6b0d1b12', '2213884b-e6f2-4a33-abd1-6e4771c468d7', 10, 564.0000, 5640.0000, '2025-05-18 23:11:21.805166+00', '2025-05-18 23:11:21.805166+00');


--
-- Data for Name: sales; Type: TABLE DATA; Schema: public; Owner: postgres
--

INSERT INTO public.sales VALUES ('69cb60ea-1564-4a61-b70e-1e49923fb103', 'ab298294-e202-4c98-8e68-5e8af275dfe0', '3bd74c2d-6111-4ca7-8fbc-71fc1b4d0287', '698478d4-860a-4179-a9f2-d8d8df663fbe', '7339d82c-481d-4d30-b1e9-20d0ef3facda', '2972e5b2-68fd-44e8-a1a6-650512f737c5', '2025-05-19 02:19:07.779336+00', 1900.0000, '2025-05-18 21:19:08.784526+00', '2025-05-18 21:19:08.784526+00');
INSERT INTO public.sales VALUES ('59624f65-ea8b-48fb-bbf6-6874c7a6e740', '0030132b-72c5-419a-be4e-fa920cdb9c7c', '7a81ace8-34e1-4225-b443-7c3925875dd3', '698478d4-860a-4179-a9f2-d8d8df663fbe', '7339d82c-481d-4d30-b1e9-20d0ef3facda', '2972e5b2-68fd-44e8-a1a6-650512f737c5', '2025-05-19 02:19:49.180775+00', 1900.0000, '2025-05-18 21:19:49.190875+00', '2025-05-18 21:19:49.190875+00');
INSERT INTO public.sales VALUES ('baafde88-4994-4d06-8e0f-dfcbbbad2a72', 'c71f7eed-d5be-4eb4-bedd-4b383d70c8f1', 'c5af93a2-338e-4418-8c11-012a927863ba', '698478d4-860a-4179-a9f2-d8d8df663fbe', '7339d82c-481d-4d30-b1e9-20d0ef3facda', '2972e5b2-68fd-44e8-a1a6-650512f737c5', '2025-05-19 02:19:49.774+00', 1900.0000, '2025-05-18 21:19:49.777263+00', '2025-05-18 21:19:49.777263+00');
INSERT INTO public.sales VALUES ('2ecb8ad3-a560-4d0b-8a72-8bc580b41e42', '53ac4e86-704a-4bae-bb80-7fa32810cc67', 'cacce1e1-8fec-4220-9331-3c0efa35c6a0', '698478d4-860a-4179-a9f2-d8d8df663fbe', '7339d82c-481d-4d30-b1e9-20d0ef3facda', '2972e5b2-68fd-44e8-a1a6-650512f737c5', '2025-05-19 02:19:50.357508+00', 1900.0000, '2025-05-18 21:19:50.361242+00', '2025-05-18 21:19:50.361242+00');
INSERT INTO public.sales VALUES ('b4e22efd-b7d1-426d-9523-fa5f6a67e64b', '0736b92a-08cd-41e2-8ddf-91e937d7d22b', '75ab2a7e-3c93-4975-a57c-c1ce838b4d56', '698478d4-860a-4179-a9f2-d8d8df663fbe', '7339d82c-481d-4d30-b1e9-20d0ef3facda', '2972e5b2-68fd-44e8-a1a6-650512f737c5', '2025-05-19 02:19:50.94405+00', 1900.0000, '2025-05-18 21:19:50.94723+00', '2025-05-18 21:19:50.94723+00');
INSERT INTO public.sales VALUES ('ff1d6507-4e3b-4a4f-82e2-6067593c3819', 'd9b8da9d-b1e7-40ad-8e62-5830f0db119b', '60475b62-a2ed-49c4-a61b-c68f9c2088be', '698478d4-860a-4179-a9f2-d8d8df663fbe', '7339d82c-481d-4d30-b1e9-20d0ef3facda', '2972e5b2-68fd-44e8-a1a6-650512f737c5', '2025-05-19 02:19:55.434847+00', 1900.0000, '2025-05-18 21:19:55.437713+00', '2025-05-18 21:19:55.437713+00');
INSERT INTO public.sales VALUES ('3b9b30c2-92e2-4b74-b6d4-d7c73048adc5', 'ab9b7aed-0e3f-4df6-8a82-117b5725eb79', '7d90c030-aca1-4e57-8055-93fa8dfdef99', '698478d4-860a-4179-a9f2-d8d8df663fbe', '7339d82c-481d-4d30-b1e9-20d0ef3facda', '2972e5b2-68fd-44e8-a1a6-650512f737c5', '2025-05-19 02:19:56.091428+00', 1900.0000, '2025-05-18 21:19:56.094283+00', '2025-05-18 21:19:56.094283+00');
INSERT INTO public.sales VALUES ('0e35f769-de07-49b7-83e3-c6e513ff48b0', '9951075f-177d-4c9f-9efb-0b898ea8ddc6', '279b31bb-131f-4488-82a3-fa5fd32e9fcf', '698478d4-860a-4179-a9f2-d8d8df663fbe', '7339d82c-481d-4d30-b1e9-20d0ef3facda', '2972e5b2-68fd-44e8-a1a6-650512f737c5', '2025-05-19 02:19:56.649262+00', 1900.0000, '2025-05-18 21:19:56.652013+00', '2025-05-18 21:19:56.652013+00');
INSERT INTO public.sales VALUES ('2e682fb6-dc58-4e77-bdfa-b543b0f9fb4c', '495935e3-1312-4728-95bc-a0aeaf989680', 'ffbc2b45-6df8-43f7-af9d-15d0eb53bb19', '02452780-74eb-49d0-9a35-7da9736a246f', '8da52607-9e41-41e4-8d5d-c4d10f653168', '2972e5b2-68fd-44e8-a1a6-650512f737c5', '2025-05-19 02:21:12.670345+00', 276.0000, '2025-05-18 21:21:12.673684+00', '2025-05-18 21:21:12.673684+00');
INSERT INTO public.sales VALUES ('652066eb-6506-473e-b9e6-b2b607b7440e', '495935e3-1312-4728-95bc-a0aeaf989680', 'ffbc2b45-6df8-43f7-af9d-15d0eb53bb19', '02452780-74eb-49d0-9a35-7da9736a246f', '8da52607-9e41-41e4-8d5d-c4d10f653168', '2972e5b2-68fd-44e8-a1a6-650512f737c5', '2025-05-19 02:21:12.672226+00', 276.0000, '2025-05-18 21:21:12.67909+00', '2025-05-18 21:21:12.67909+00');
INSERT INTO public.sales VALUES ('c3a9f91c-417a-4050-adf9-508d5c2614e5', '495935e3-1312-4728-95bc-a0aeaf989680', 'ffbc2b45-6df8-43f7-af9d-15d0eb53bb19', '02452780-74eb-49d0-9a35-7da9736a246f', '8da52607-9e41-41e4-8d5d-c4d10f653168', '2972e5b2-68fd-44e8-a1a6-650512f737c5', '2025-05-19 02:21:12.674954+00', 276.0000, '2025-05-18 21:21:12.681539+00', '2025-05-18 21:21:12.681539+00');
INSERT INTO public.sales VALUES ('05566fc7-97a3-463a-9f96-62307335d960', '495935e3-1312-4728-95bc-a0aeaf989680', 'ffbc2b45-6df8-43f7-af9d-15d0eb53bb19', '02452780-74eb-49d0-9a35-7da9736a246f', '8da52607-9e41-41e4-8d5d-c4d10f653168', '2972e5b2-68fd-44e8-a1a6-650512f737c5', '2025-05-19 02:21:12.678037+00', 276.0000, '2025-05-18 21:21:12.685439+00', '2025-05-18 21:21:12.685439+00');
INSERT INTO public.sales VALUES ('e8537eb7-093d-4d3d-b51d-1f158bcf9951', '495935e3-1312-4728-95bc-a0aeaf989680', 'ffbc2b45-6df8-43f7-af9d-15d0eb53bb19', '02452780-74eb-49d0-9a35-7da9736a246f', '8da52607-9e41-41e4-8d5d-c4d10f653168', '2972e5b2-68fd-44e8-a1a6-650512f737c5', '2025-05-19 02:21:12.680636+00', 276.0000, '2025-05-18 21:21:12.687264+00', '2025-05-18 21:21:12.687264+00');
INSERT INTO public.sales VALUES ('a772a779-adea-469a-a73c-f6a7d37b0777', '495935e3-1312-4728-95bc-a0aeaf989680', 'ffbc2b45-6df8-43f7-af9d-15d0eb53bb19', '02452780-74eb-49d0-9a35-7da9736a246f', '8da52607-9e41-41e4-8d5d-c4d10f653168', '2972e5b2-68fd-44e8-a1a6-650512f737c5', '2025-05-19 02:21:12.681946+00', 276.0000, '2025-05-18 21:21:12.68918+00', '2025-05-18 21:21:12.68918+00');
INSERT INTO public.sales VALUES ('8ee4d57a-1c09-4203-a80c-0b36be81e968', '495935e3-1312-4728-95bc-a0aeaf989680', 'ffbc2b45-6df8-43f7-af9d-15d0eb53bb19', '02452780-74eb-49d0-9a35-7da9736a246f', '8da52607-9e41-41e4-8d5d-c4d10f653168', '2972e5b2-68fd-44e8-a1a6-650512f737c5', '2025-05-19 02:21:12.683354+00', 276.0000, '2025-05-18 21:21:12.690751+00', '2025-05-18 21:21:12.690751+00');
INSERT INTO public.sales VALUES ('2bb6b570-e7d5-4e65-8a70-63d641e7ee18', '495935e3-1312-4728-95bc-a0aeaf989680', 'ffbc2b45-6df8-43f7-af9d-15d0eb53bb19', '02452780-74eb-49d0-9a35-7da9736a246f', '8da52607-9e41-41e4-8d5d-c4d10f653168', '2972e5b2-68fd-44e8-a1a6-650512f737c5', '2025-05-19 02:21:12.684519+00', 276.0000, '2025-05-18 21:21:12.693526+00', '2025-05-18 21:21:12.693526+00');
INSERT INTO public.sales VALUES ('9bf8ff9a-7704-4235-9c92-44eba8b10876', '495935e3-1312-4728-95bc-a0aeaf989680', 'ffbc2b45-6df8-43f7-af9d-15d0eb53bb19', '02452780-74eb-49d0-9a35-7da9736a246f', '8da52607-9e41-41e4-8d5d-c4d10f653168', '2972e5b2-68fd-44e8-a1a6-650512f737c5', '2025-05-19 02:21:12.685611+00', 276.0000, '2025-05-18 21:21:12.695877+00', '2025-05-18 21:21:12.695877+00');
INSERT INTO public.sales VALUES ('ed9077b9-0f57-43f0-a76f-62fb51bc38e3', '495935e3-1312-4728-95bc-a0aeaf989680', 'ffbc2b45-6df8-43f7-af9d-15d0eb53bb19', '02452780-74eb-49d0-9a35-7da9736a246f', '8da52607-9e41-41e4-8d5d-c4d10f653168', '2972e5b2-68fd-44e8-a1a6-650512f737c5', '2025-05-19 02:21:12.686644+00', 276.0000, '2025-05-18 21:21:12.697494+00', '2025-05-18 21:21:12.697494+00');
INSERT INTO public.sales VALUES ('20fae06f-0cff-4057-bd67-21f91c0bef49', '16e39914-1614-4004-b02b-4a7256797d37', 'a498d236-c6f5-4061-af96-08621f1b6f8b', '02452780-74eb-49d0-9a35-7da9736a246f', '8da52607-9e41-41e4-8d5d-c4d10f653168', '2972e5b2-68fd-44e8-a1a6-650512f737c5', '2025-05-19 02:21:15.406557+00', 276.0000, '2025-05-18 21:21:15.408965+00', '2025-05-18 21:21:15.408965+00');
INSERT INTO public.sales VALUES ('c04bd706-5db0-4ace-a5d0-7f60baa611e7', '16e39914-1614-4004-b02b-4a7256797d37', 'a498d236-c6f5-4061-af96-08621f1b6f8b', '02452780-74eb-49d0-9a35-7da9736a246f', '8da52607-9e41-41e4-8d5d-c4d10f653168', '2972e5b2-68fd-44e8-a1a6-650512f737c5', '2025-05-19 02:21:15.408072+00', 276.0000, '2025-05-18 21:21:15.412843+00', '2025-05-18 21:21:15.412843+00');
INSERT INTO public.sales VALUES ('525a3039-4713-474b-8b0f-08853026b8d6', 'e5b63c7b-1a8e-4e0d-b720-6d281fea2e58', '1b1c6189-4e80-45f3-9681-5d4c570f806a', '02452780-74eb-49d0-9a35-7da9736a246f', '8da52607-9e41-41e4-8d5d-c4d10f653168', '2972e5b2-68fd-44e8-a1a6-650512f737c5', '2025-05-19 02:21:17.351809+00', 276.0000, '2025-05-18 21:21:17.355269+00', '2025-05-18 21:21:17.355269+00');
INSERT INTO public.sales VALUES ('90d4a1c7-cb75-4689-a266-8f3d81ad23b6', 'e5b63c7b-1a8e-4e0d-b720-6d281fea2e58', '1b1c6189-4e80-45f3-9681-5d4c570f806a', '02452780-74eb-49d0-9a35-7da9736a246f', '8da52607-9e41-41e4-8d5d-c4d10f653168', '2972e5b2-68fd-44e8-a1a6-650512f737c5', '2025-05-19 02:21:17.355383+00', 276.0000, '2025-05-18 21:21:17.360539+00', '2025-05-18 21:21:17.360539+00');
INSERT INTO public.sales VALUES ('032b74ab-67b1-4d54-951b-5cb37dfb98d5', 'e5b63c7b-1a8e-4e0d-b720-6d281fea2e58', '1b1c6189-4e80-45f3-9681-5d4c570f806a', '02452780-74eb-49d0-9a35-7da9736a246f', '8da52607-9e41-41e4-8d5d-c4d10f653168', '2972e5b2-68fd-44e8-a1a6-650512f737c5', '2025-05-19 02:21:17.357872+00', 276.0000, '2025-05-18 21:21:17.363246+00', '2025-05-18 21:21:17.363246+00');
INSERT INTO public.sales VALUES ('e60f4c4c-6ee2-4c0a-bc26-2ab0027ce0d5', 'e5b63c7b-1a8e-4e0d-b720-6d281fea2e58', '1b1c6189-4e80-45f3-9681-5d4c570f806a', '02452780-74eb-49d0-9a35-7da9736a246f', '8da52607-9e41-41e4-8d5d-c4d10f653168', '2972e5b2-68fd-44e8-a1a6-650512f737c5', '2025-05-19 02:21:17.359249+00', 276.0000, '2025-05-18 21:21:17.366607+00', '2025-05-18 21:21:17.366607+00');
INSERT INTO public.sales VALUES ('cc855179-4f09-49a6-89b4-0c66cdb899f7', '31d94c7b-50e7-4be7-b138-8b01b8e1b0e6', '757c6bfc-6449-466f-af38-4661a5b5ae27', '02452780-74eb-49d0-9a35-7da9736a246f', '8da52607-9e41-41e4-8d5d-c4d10f653168', '2972e5b2-68fd-44e8-a1a6-650512f737c5', '2025-05-19 02:21:19.888699+00', 276.0000, '2025-05-18 21:21:19.890742+00', '2025-05-18 21:21:19.890742+00');
INSERT INTO public.sales VALUES ('41411406-51e5-4ab6-89dd-0671c1f7a16a', '31d94c7b-50e7-4be7-b138-8b01b8e1b0e6', '757c6bfc-6449-466f-af38-4661a5b5ae27', '02452780-74eb-49d0-9a35-7da9736a246f', '8da52607-9e41-41e4-8d5d-c4d10f653168', '2972e5b2-68fd-44e8-a1a6-650512f737c5', '2025-05-19 02:21:19.891177+00', 276.0000, '2025-05-18 21:21:19.894484+00', '2025-05-18 21:21:19.894484+00');
INSERT INTO public.sales VALUES ('779de569-309f-4d0a-a928-b088c8c43dc7', '31d94c7b-50e7-4be7-b138-8b01b8e1b0e6', '757c6bfc-6449-466f-af38-4661a5b5ae27', '02452780-74eb-49d0-9a35-7da9736a246f', '8da52607-9e41-41e4-8d5d-c4d10f653168', '2972e5b2-68fd-44e8-a1a6-650512f737c5', '2025-05-19 02:21:19.892466+00', 276.0000, '2025-05-18 21:21:19.897017+00', '2025-05-18 21:21:19.897017+00');
INSERT INTO public.sales VALUES ('a471f5a1-c003-4be2-8f92-ed7b3ce6086b', '31d94c7b-50e7-4be7-b138-8b01b8e1b0e6', '757c6bfc-6449-466f-af38-4661a5b5ae27', '02452780-74eb-49d0-9a35-7da9736a246f', '8da52607-9e41-41e4-8d5d-c4d10f653168', '2972e5b2-68fd-44e8-a1a6-650512f737c5', '2025-05-19 02:21:19.89364+00', 276.0000, '2025-05-18 21:21:19.901843+00', '2025-05-18 21:21:19.901843+00');
INSERT INTO public.sales VALUES ('48d6ac11-31e8-4f1e-adc6-67bd5c0a9946', '31d94c7b-50e7-4be7-b138-8b01b8e1b0e6', '757c6bfc-6449-466f-af38-4661a5b5ae27', '02452780-74eb-49d0-9a35-7da9736a246f', '8da52607-9e41-41e4-8d5d-c4d10f653168', '2972e5b2-68fd-44e8-a1a6-650512f737c5', '2025-05-19 02:21:19.895316+00', 276.0000, '2025-05-18 21:21:19.903696+00', '2025-05-18 21:21:19.903696+00');
INSERT INTO public.sales VALUES ('b64871f5-bb74-4ff0-b0bf-19e8d11a80f3', '31d94c7b-50e7-4be7-b138-8b01b8e1b0e6', '757c6bfc-6449-466f-af38-4661a5b5ae27', '02452780-74eb-49d0-9a35-7da9736a246f', '8da52607-9e41-41e4-8d5d-c4d10f653168', '2972e5b2-68fd-44e8-a1a6-650512f737c5', '2025-05-19 02:21:19.896352+00', 276.0000, '2025-05-18 21:21:19.905421+00', '2025-05-18 21:21:19.905421+00');
INSERT INTO public.sales VALUES ('cef6f7be-6557-4dfd-9a8d-dfcb4c248d0d', '31d94c7b-50e7-4be7-b138-8b01b8e1b0e6', '757c6bfc-6449-466f-af38-4661a5b5ae27', '02452780-74eb-49d0-9a35-7da9736a246f', '8da52607-9e41-41e4-8d5d-c4d10f653168', '2972e5b2-68fd-44e8-a1a6-650512f737c5', '2025-05-19 02:21:19.897296+00', 276.0000, '2025-05-18 21:21:19.907828+00', '2025-05-18 21:21:19.907828+00');
INSERT INTO public.sales VALUES ('467bcdd5-890d-41bb-8f2d-4035dd049a61', '31d94c7b-50e7-4be7-b138-8b01b8e1b0e6', '757c6bfc-6449-466f-af38-4661a5b5ae27', '02452780-74eb-49d0-9a35-7da9736a246f', '8da52607-9e41-41e4-8d5d-c4d10f653168', '2972e5b2-68fd-44e8-a1a6-650512f737c5', '2025-05-19 02:21:19.898504+00', 276.0000, '2025-05-18 21:21:19.909726+00', '2025-05-18 21:21:19.909726+00');
INSERT INTO public.sales VALUES ('e92af14b-e1c5-41b2-9d01-1a73ecb8586c', 'f0c64ad7-b7d9-413f-b48e-4ae9efafb80c', 'a83cd4c6-0b5b-414a-906b-dd7933a97851', '02452780-74eb-49d0-9a35-7da9736a246f', '8da52607-9e41-41e4-8d5d-c4d10f653168', '2972e5b2-68fd-44e8-a1a6-650512f737c5', '2025-05-19 02:21:22.197178+00', 276.0000, '2025-05-18 21:21:22.201568+00', '2025-05-18 21:21:22.201568+00');
INSERT INTO public.sales VALUES ('9204196e-7ad0-4ce3-a317-085fc58224cc', 'f0c64ad7-b7d9-413f-b48e-4ae9efafb80c', 'a83cd4c6-0b5b-414a-906b-dd7933a97851', '02452780-74eb-49d0-9a35-7da9736a246f', '8da52607-9e41-41e4-8d5d-c4d10f653168', '2972e5b2-68fd-44e8-a1a6-650512f737c5', '2025-05-19 02:21:22.199116+00', 276.0000, '2025-05-18 21:21:22.205025+00', '2025-05-18 21:21:22.205025+00');
INSERT INTO public.sales VALUES ('5c4e39a1-8179-4645-b19f-14ec9350459c', 'f0c64ad7-b7d9-413f-b48e-4ae9efafb80c', 'a83cd4c6-0b5b-414a-906b-dd7933a97851', '02452780-74eb-49d0-9a35-7da9736a246f', '8da52607-9e41-41e4-8d5d-c4d10f653168', '2972e5b2-68fd-44e8-a1a6-650512f737c5', '2025-05-19 02:21:22.20061+00', 276.0000, '2025-05-18 21:21:22.208389+00', '2025-05-18 21:21:22.208389+00');
INSERT INTO public.sales VALUES ('314bab33-aa73-40ee-840a-4f6db8e799de', 'f0c64ad7-b7d9-413f-b48e-4ae9efafb80c', 'a83cd4c6-0b5b-414a-906b-dd7933a97851', '02452780-74eb-49d0-9a35-7da9736a246f', '8da52607-9e41-41e4-8d5d-c4d10f653168', '2972e5b2-68fd-44e8-a1a6-650512f737c5', '2025-05-19 02:21:22.203046+00', 276.0000, '2025-05-18 21:21:22.210482+00', '2025-05-18 21:21:22.210482+00');
INSERT INTO public.sales VALUES ('1d48e978-3a3b-4fbe-940c-5ec5f06fd3af', 'f0c64ad7-b7d9-413f-b48e-4ae9efafb80c', 'a83cd4c6-0b5b-414a-906b-dd7933a97851', '02452780-74eb-49d0-9a35-7da9736a246f', '8da52607-9e41-41e4-8d5d-c4d10f653168', '2972e5b2-68fd-44e8-a1a6-650512f737c5', '2025-05-19 02:21:22.204267+00', 276.0000, '2025-05-18 21:21:22.213671+00', '2025-05-18 21:21:22.213671+00');
INSERT INTO public.sales VALUES ('a207e230-ec8b-4274-82b7-7315d51e2fba', 'f0c64ad7-b7d9-413f-b48e-4ae9efafb80c', 'a83cd4c6-0b5b-414a-906b-dd7933a97851', '02452780-74eb-49d0-9a35-7da9736a246f', '8da52607-9e41-41e4-8d5d-c4d10f653168', '2972e5b2-68fd-44e8-a1a6-650512f737c5', '2025-05-19 02:21:22.205258+00', 276.0000, '2025-05-18 21:21:22.215181+00', '2025-05-18 21:21:22.215181+00');
INSERT INTO public.sales VALUES ('345d4f4a-ded4-43af-ad17-0485186ecab5', 'f0c64ad7-b7d9-413f-b48e-4ae9efafb80c', 'a83cd4c6-0b5b-414a-906b-dd7933a97851', '02452780-74eb-49d0-9a35-7da9736a246f', '8da52607-9e41-41e4-8d5d-c4d10f653168', '2972e5b2-68fd-44e8-a1a6-650512f737c5', '2025-05-19 02:21:22.207634+00', 276.0000, '2025-05-18 21:21:22.216813+00', '2025-05-18 21:21:22.216813+00');
INSERT INTO public.sales VALUES ('eb008a5e-406e-4d49-b965-998b91f43699', 'f0c64ad7-b7d9-413f-b48e-4ae9efafb80c', 'a83cd4c6-0b5b-414a-906b-dd7933a97851', '02452780-74eb-49d0-9a35-7da9736a246f', '8da52607-9e41-41e4-8d5d-c4d10f653168', '2972e5b2-68fd-44e8-a1a6-650512f737c5', '2025-05-19 02:21:22.208817+00', 276.0000, '2025-05-18 21:21:22.21825+00', '2025-05-18 21:21:22.21825+00');
INSERT INTO public.sales VALUES ('5cbac3d7-e369-4403-abf0-9fa7e1d0b117', 'f0c64ad7-b7d9-413f-b48e-4ae9efafb80c', 'a83cd4c6-0b5b-414a-906b-dd7933a97851', '02452780-74eb-49d0-9a35-7da9736a246f', '8da52607-9e41-41e4-8d5d-c4d10f653168', '2972e5b2-68fd-44e8-a1a6-650512f737c5', '2025-05-19 02:21:22.21006+00', 276.0000, '2025-05-18 21:21:22.220202+00', '2025-05-18 21:21:22.220202+00');
INSERT INTO public.sales VALUES ('cab9335e-edb1-41cf-a4ef-061d3462860d', 'f0c64ad7-b7d9-413f-b48e-4ae9efafb80c', 'a83cd4c6-0b5b-414a-906b-dd7933a97851', '02452780-74eb-49d0-9a35-7da9736a246f', '8da52607-9e41-41e4-8d5d-c4d10f653168', '2972e5b2-68fd-44e8-a1a6-650512f737c5', '2025-05-19 02:21:22.211019+00', 276.0000, '2025-05-18 21:21:22.221681+00', '2025-05-18 21:21:22.221681+00');
INSERT INTO public.sales VALUES ('ef82bf7e-d61c-490b-8645-52c2a63ca3b3', '82b92957-ce81-4768-961b-8f08af51a8be', 'a73869c1-0e2c-4a59-b4ac-506d636ed233', '02452780-74eb-49d0-9a35-7da9736a246f', '8da52607-9e41-41e4-8d5d-c4d10f653168', '2972e5b2-68fd-44e8-a1a6-650512f737c5', '2025-05-19 02:21:24.726644+00', 276.0000, '2025-05-18 21:21:24.729488+00', '2025-05-18 21:21:24.729488+00');
INSERT INTO public.sales VALUES ('1ad95ca3-ca73-4dad-b2b5-178a404baad4', '82b92957-ce81-4768-961b-8f08af51a8be', 'a73869c1-0e2c-4a59-b4ac-506d636ed233', '02452780-74eb-49d0-9a35-7da9736a246f', '8da52607-9e41-41e4-8d5d-c4d10f653168', '2972e5b2-68fd-44e8-a1a6-650512f737c5', '2025-05-19 02:21:24.728403+00', 276.0000, '2025-05-18 21:21:24.73391+00', '2025-05-18 21:21:24.73391+00');
INSERT INTO public.sales VALUES ('37b6cf9e-e5a1-499b-bb05-41d9c0fd9934', '82b92957-ce81-4768-961b-8f08af51a8be', 'a73869c1-0e2c-4a59-b4ac-506d636ed233', '02452780-74eb-49d0-9a35-7da9736a246f', '8da52607-9e41-41e4-8d5d-c4d10f653168', '2972e5b2-68fd-44e8-a1a6-650512f737c5', '2025-05-19 02:21:24.730558+00', 276.0000, '2025-05-18 21:21:24.735632+00', '2025-05-18 21:21:24.735632+00');
INSERT INTO public.sales VALUES ('9aec8914-56ba-433e-8ddd-7d461aa8784a', '82b92957-ce81-4768-961b-8f08af51a8be', 'a73869c1-0e2c-4a59-b4ac-506d636ed233', '02452780-74eb-49d0-9a35-7da9736a246f', '8da52607-9e41-41e4-8d5d-c4d10f653168', '2972e5b2-68fd-44e8-a1a6-650512f737c5', '2025-05-19 02:21:24.731685+00', 276.0000, '2025-05-18 21:21:24.738818+00', '2025-05-18 21:21:24.738818+00');
INSERT INTO public.sales VALUES ('ed45c92b-2291-46e6-9829-c83fe740a3ba', '82b92957-ce81-4768-961b-8f08af51a8be', 'a73869c1-0e2c-4a59-b4ac-506d636ed233', '02452780-74eb-49d0-9a35-7da9736a246f', '8da52607-9e41-41e4-8d5d-c4d10f653168', '2972e5b2-68fd-44e8-a1a6-650512f737c5', '2025-05-19 02:21:24.73405+00', 276.0000, '2025-05-18 21:21:24.740784+00', '2025-05-18 21:21:24.740784+00');
INSERT INTO public.sales VALUES ('dd6d6b90-8d21-4c45-babd-020932bcca7c', '82b92957-ce81-4768-961b-8f08af51a8be', 'a73869c1-0e2c-4a59-b4ac-506d636ed233', '02452780-74eb-49d0-9a35-7da9736a246f', '8da52607-9e41-41e4-8d5d-c4d10f653168', '2972e5b2-68fd-44e8-a1a6-650512f737c5', '2025-05-19 02:21:24.735148+00', 276.0000, '2025-05-18 21:21:24.742687+00', '2025-05-18 21:21:24.742687+00');
INSERT INTO public.sales VALUES ('ff3954a2-25e6-45b6-8e12-29f691f7d610', '82b92957-ce81-4768-961b-8f08af51a8be', 'a73869c1-0e2c-4a59-b4ac-506d636ed233', '02452780-74eb-49d0-9a35-7da9736a246f', '8da52607-9e41-41e4-8d5d-c4d10f653168', '2972e5b2-68fd-44e8-a1a6-650512f737c5', '2025-05-19 02:21:24.73628+00', 276.0000, '2025-05-18 21:21:24.744173+00', '2025-05-18 21:21:24.744173+00');
INSERT INTO public.sales VALUES ('cc3334f3-4385-46f2-93b6-419a0c482284', '82b92957-ce81-4768-961b-8f08af51a8be', 'a73869c1-0e2c-4a59-b4ac-506d636ed233', '02452780-74eb-49d0-9a35-7da9736a246f', '8da52607-9e41-41e4-8d5d-c4d10f653168', '2972e5b2-68fd-44e8-a1a6-650512f737c5', '2025-05-19 02:21:24.737282+00', 276.0000, '2025-05-18 21:21:24.745635+00', '2025-05-18 21:21:24.745635+00');
INSERT INTO public.sales VALUES ('8531c668-67d1-456a-8479-11a9aa4c490e', '82b92957-ce81-4768-961b-8f08af51a8be', 'a73869c1-0e2c-4a59-b4ac-506d636ed233', '02452780-74eb-49d0-9a35-7da9736a246f', '8da52607-9e41-41e4-8d5d-c4d10f653168', '2972e5b2-68fd-44e8-a1a6-650512f737c5', '2025-05-19 02:21:24.738279+00', 276.0000, '2025-05-18 21:21:24.748429+00', '2025-05-18 21:21:24.748429+00');
INSERT INTO public.sales VALUES ('e9c0e817-fb3d-4391-9053-afbaf7751d93', '82b92957-ce81-4768-961b-8f08af51a8be', 'a73869c1-0e2c-4a59-b4ac-506d636ed233', '02452780-74eb-49d0-9a35-7da9736a246f', '8da52607-9e41-41e4-8d5d-c4d10f653168', '2972e5b2-68fd-44e8-a1a6-650512f737c5', '2025-05-19 02:21:24.739804+00', 276.0000, '2025-05-18 21:21:24.749823+00', '2025-05-18 21:21:24.749823+00');
INSERT INTO public.sales VALUES ('900a9284-e36b-4ba3-9fbb-1e3c94f670eb', '82b92957-ce81-4768-961b-8f08af51a8be', 'a73869c1-0e2c-4a59-b4ac-506d636ed233', '02452780-74eb-49d0-9a35-7da9736a246f', '8da52607-9e41-41e4-8d5d-c4d10f653168', '2972e5b2-68fd-44e8-a1a6-650512f737c5', '2025-05-19 02:21:24.741021+00', 276.0000, '2025-05-18 21:21:24.751275+00', '2025-05-18 21:21:24.751275+00');
INSERT INTO public.sales VALUES ('81859867-a59d-430d-bca2-1eda3287b182', '1d5c7e5d-c33b-42cc-8b23-7df658e83cdc', 'ccda03e6-8f45-4db2-b9b2-aab0b6970194', '02452780-74eb-49d0-9a35-7da9736a246f', '8da52607-9e41-41e4-8d5d-c4d10f653168', '2972e5b2-68fd-44e8-a1a6-650512f737c5', '2025-05-19 02:22:00.338167+00', 276.0000, '2025-05-18 21:22:00.346384+00', '2025-05-18 21:22:00.346384+00');
INSERT INTO public.sales VALUES ('3a86e4d1-eb44-4bce-90c8-8f673bdc16bc', '1d5c7e5d-c33b-42cc-8b23-7df658e83cdc', 'ccda03e6-8f45-4db2-b9b2-aab0b6970194', '02452780-74eb-49d0-9a35-7da9736a246f', '8da52607-9e41-41e4-8d5d-c4d10f653168', '2972e5b2-68fd-44e8-a1a6-650512f737c5', '2025-05-19 02:22:00.340992+00', 276.0000, '2025-05-18 21:22:00.352691+00', '2025-05-18 21:22:00.352691+00');
INSERT INTO public.sales VALUES ('83cd0ada-1a8d-4ec6-bbc1-c51b651aa812', '47802553-f3a8-4e01-94c4-fc3fb1d91117', '9c764860-c856-49a9-9289-9a871847c7c9', '02452780-74eb-49d0-9a35-7da9736a246f', '8da52607-9e41-41e4-8d5d-c4d10f653168', '2972e5b2-68fd-44e8-a1a6-650512f737c5', '2025-05-19 02:22:01.010005+00', 276.0000, '2025-05-18 21:22:01.019217+00', '2025-05-18 21:22:01.019217+00');
INSERT INTO public.sales VALUES ('6af39a76-5db1-4d93-b36b-438e58cdea50', '47802553-f3a8-4e01-94c4-fc3fb1d91117', '9c764860-c856-49a9-9289-9a871847c7c9', '02452780-74eb-49d0-9a35-7da9736a246f', '8da52607-9e41-41e4-8d5d-c4d10f653168', '2972e5b2-68fd-44e8-a1a6-650512f737c5', '2025-05-19 02:22:01.012923+00', 276.0000, '2025-05-18 21:22:01.023997+00', '2025-05-18 21:22:01.023997+00');
INSERT INTO public.sales VALUES ('22ccb372-bc11-4bc0-98ec-477a95dcdde7', '40bc65a2-5bb8-48d2-aa5b-e867e293db0a', 'bf60b299-6893-44e5-bf5e-472bee97a09e', '02452780-74eb-49d0-9a35-7da9736a246f', '8da52607-9e41-41e4-8d5d-c4d10f653168', '2972e5b2-68fd-44e8-a1a6-650512f737c5', '2025-05-19 02:22:03.713009+00', 276.0000, '2025-05-18 21:22:03.715812+00', '2025-05-18 21:22:03.715812+00');
INSERT INTO public.sales VALUES ('6e07432e-981d-44bc-be44-8a86b9b80f54', '40bc65a2-5bb8-48d2-aa5b-e867e293db0a', 'bf60b299-6893-44e5-bf5e-472bee97a09e', '02452780-74eb-49d0-9a35-7da9736a246f', '8da52607-9e41-41e4-8d5d-c4d10f653168', '2972e5b2-68fd-44e8-a1a6-650512f737c5', '2025-05-19 02:22:03.716005+00', 276.0000, '2025-05-18 21:22:03.725465+00', '2025-05-18 21:22:03.725465+00');
INSERT INTO public.sales VALUES ('21b29493-adda-43c1-87e8-dca649bc8f88', '40bc65a2-5bb8-48d2-aa5b-e867e293db0a', 'bf60b299-6893-44e5-bf5e-472bee97a09e', '02452780-74eb-49d0-9a35-7da9736a246f', '8da52607-9e41-41e4-8d5d-c4d10f653168', '2972e5b2-68fd-44e8-a1a6-650512f737c5', '2025-05-19 02:22:03.720557+00', 276.0000, '2025-05-18 21:22:03.732037+00', '2025-05-18 21:22:03.732037+00');
INSERT INTO public.sales VALUES ('9b2b1903-de48-46c7-9a00-292a27636a57', '40bc65a2-5bb8-48d2-aa5b-e867e293db0a', 'bf60b299-6893-44e5-bf5e-472bee97a09e', '02452780-74eb-49d0-9a35-7da9736a246f', '8da52607-9e41-41e4-8d5d-c4d10f653168', '2972e5b2-68fd-44e8-a1a6-650512f737c5', '2025-05-19 02:22:03.724519+00', 276.0000, '2025-05-18 21:22:03.738105+00', '2025-05-18 21:22:03.738105+00');
INSERT INTO public.sales VALUES ('50bfb798-196b-4836-82a7-0ffbbb60be24', '82b92957-ce81-4768-961b-8f08af51a8be', 'a73869c1-0e2c-4a59-b4ac-506d636ed233', '02452780-74eb-49d0-9a35-7da9736a246f', '8da52607-9e41-41e4-8d5d-c4d10f653168', '2972e5b2-68fd-44e8-a1a6-650512f737c5', '2025-05-19 02:21:24.742136+00', 276.0000, '2025-05-18 21:21:24.753488+00', '2025-05-18 21:21:24.753488+00');
INSERT INTO public.sales VALUES ('68298b2f-c80a-4e45-a782-319820d92a9c', '1d5c7e5d-c33b-42cc-8b23-7df658e83cdc', 'ccda03e6-8f45-4db2-b9b2-aab0b6970194', '02452780-74eb-49d0-9a35-7da9736a246f', '8da52607-9e41-41e4-8d5d-c4d10f653168', '2972e5b2-68fd-44e8-a1a6-650512f737c5', '2025-05-19 02:22:00.330387+00', 276.0000, '2025-05-18 21:22:00.334151+00', '2025-05-18 21:22:00.334151+00');
INSERT INTO public.sales VALUES ('b8214c6a-510f-43c8-b9a4-2912a7c9c996', '1d5c7e5d-c33b-42cc-8b23-7df658e83cdc', 'ccda03e6-8f45-4db2-b9b2-aab0b6970194', '02452780-74eb-49d0-9a35-7da9736a246f', '8da52607-9e41-41e4-8d5d-c4d10f653168', '2972e5b2-68fd-44e8-a1a6-650512f737c5', '2025-05-19 02:22:00.332864+00', 276.0000, '2025-05-18 21:22:00.33917+00', '2025-05-18 21:22:00.33917+00');
INSERT INTO public.sales VALUES ('1c7fbc35-d76b-468a-8cfa-6a412ecde7d2', '1d5c7e5d-c33b-42cc-8b23-7df658e83cdc', 'ccda03e6-8f45-4db2-b9b2-aab0b6970194', '02452780-74eb-49d0-9a35-7da9736a246f', '8da52607-9e41-41e4-8d5d-c4d10f653168', '2972e5b2-68fd-44e8-a1a6-650512f737c5', '2025-05-19 02:22:00.335253+00', 276.0000, '2025-05-18 21:22:00.342123+00', '2025-05-18 21:22:00.342123+00');
INSERT INTO public.sales VALUES ('c52c6e71-2ca5-42da-9515-68e22e4fe64d', '1d5c7e5d-c33b-42cc-8b23-7df658e83cdc', 'ccda03e6-8f45-4db2-b9b2-aab0b6970194', '02452780-74eb-49d0-9a35-7da9736a246f', '8da52607-9e41-41e4-8d5d-c4d10f653168', '2972e5b2-68fd-44e8-a1a6-650512f737c5', '2025-05-19 02:22:00.339337+00', 276.0000, '2025-05-18 21:22:00.348234+00', '2025-05-18 21:22:00.348234+00');
INSERT INTO public.sales VALUES ('ff9e7c5f-ef87-4978-8598-436ee94d69c1', '1d5c7e5d-c33b-42cc-8b23-7df658e83cdc', 'ccda03e6-8f45-4db2-b9b2-aab0b6970194', '02452780-74eb-49d0-9a35-7da9736a246f', '8da52607-9e41-41e4-8d5d-c4d10f653168', '2972e5b2-68fd-44e8-a1a6-650512f737c5', '2025-05-19 02:22:00.341777+00', 276.0000, '2025-05-18 21:22:00.354374+00', '2025-05-18 21:22:00.354374+00');
INSERT INTO public.sales VALUES ('225357f7-ae7a-4636-be16-e8eb175701ab', '47802553-f3a8-4e01-94c4-fc3fb1d91117', '9c764860-c856-49a9-9289-9a871847c7c9', '02452780-74eb-49d0-9a35-7da9736a246f', '8da52607-9e41-41e4-8d5d-c4d10f653168', '2972e5b2-68fd-44e8-a1a6-650512f737c5', '2025-05-19 02:22:01.002607+00', 276.0000, '2025-05-18 21:22:01.00874+00', '2025-05-18 21:22:01.00874+00');
INSERT INTO public.sales VALUES ('8a737ce7-4503-4ddb-bf00-5b96299b7829', '47802553-f3a8-4e01-94c4-fc3fb1d91117', '9c764860-c856-49a9-9289-9a871847c7c9', '02452780-74eb-49d0-9a35-7da9736a246f', '8da52607-9e41-41e4-8d5d-c4d10f653168', '2972e5b2-68fd-44e8-a1a6-650512f737c5', '2025-05-19 02:22:01.006561+00', 276.0000, '2025-05-18 21:22:01.012655+00', '2025-05-18 21:22:01.012655+00');
INSERT INTO public.sales VALUES ('7e6d9a35-2467-4568-af94-34d96659f4ba', '47802553-f3a8-4e01-94c4-fc3fb1d91117', '9c764860-c856-49a9-9289-9a871847c7c9', '02452780-74eb-49d0-9a35-7da9736a246f', '8da52607-9e41-41e4-8d5d-c4d10f653168', '2972e5b2-68fd-44e8-a1a6-650512f737c5', '2025-05-19 02:22:01.008876+00', 276.0000, '2025-05-18 21:22:01.017757+00', '2025-05-18 21:22:01.017757+00');
INSERT INTO public.sales VALUES ('02f38357-e3f1-41b8-893d-3aa3a4f722da', '47802553-f3a8-4e01-94c4-fc3fb1d91117', '9c764860-c856-49a9-9289-9a871847c7c9', '02452780-74eb-49d0-9a35-7da9736a246f', '8da52607-9e41-41e4-8d5d-c4d10f653168', '2972e5b2-68fd-44e8-a1a6-650512f737c5', '2025-05-19 02:22:01.011916+00', 276.0000, '2025-05-18 21:22:01.022391+00', '2025-05-18 21:22:01.022391+00');
INSERT INTO public.sales VALUES ('79d5b37d-90f3-4a08-ae2b-4ed1fd2d51be', '47802553-f3a8-4e01-94c4-fc3fb1d91117', '9c764860-c856-49a9-9289-9a871847c7c9', '02452780-74eb-49d0-9a35-7da9736a246f', '8da52607-9e41-41e4-8d5d-c4d10f653168', '2972e5b2-68fd-44e8-a1a6-650512f737c5', '2025-05-19 02:22:01.01484+00', 276.0000, '2025-05-18 21:22:01.028481+00', '2025-05-18 21:22:01.028481+00');
INSERT INTO public.sales VALUES ('99a67bb5-0f16-4146-a521-eded82a947be', '40bc65a2-5bb8-48d2-aa5b-e867e293db0a', 'bf60b299-6893-44e5-bf5e-472bee97a09e', '02452780-74eb-49d0-9a35-7da9736a246f', '8da52607-9e41-41e4-8d5d-c4d10f653168', '2972e5b2-68fd-44e8-a1a6-650512f737c5', '2025-05-19 02:22:03.71457+00', 276.0000, '2025-05-18 21:22:03.721757+00', '2025-05-18 21:22:03.721757+00');
INSERT INTO public.sales VALUES ('1f30e4d0-a408-4bcb-824d-89a1190bb8d6', '40bc65a2-5bb8-48d2-aa5b-e867e293db0a', 'bf60b299-6893-44e5-bf5e-472bee97a09e', '02452780-74eb-49d0-9a35-7da9736a246f', '8da52607-9e41-41e4-8d5d-c4d10f653168', '2972e5b2-68fd-44e8-a1a6-650512f737c5', '2025-05-19 02:22:03.718357+00', 276.0000, '2025-05-18 21:22:03.728437+00', '2025-05-18 21:22:03.728437+00');
INSERT INTO public.sales VALUES ('b542cc5d-2476-4438-9f62-934d3c79247c', '40bc65a2-5bb8-48d2-aa5b-e867e293db0a', 'bf60b299-6893-44e5-bf5e-472bee97a09e', '02452780-74eb-49d0-9a35-7da9736a246f', '8da52607-9e41-41e4-8d5d-c4d10f653168', '2972e5b2-68fd-44e8-a1a6-650512f737c5', '2025-05-19 02:22:03.723425+00', 276.0000, '2025-05-18 21:22:03.735786+00', '2025-05-18 21:22:03.735786+00');
INSERT INTO public.sales VALUES ('50fe96b2-757e-4dca-9da4-15147dab52bb', '40bc65a2-5bb8-48d2-aa5b-e867e293db0a', 'bf60b299-6893-44e5-bf5e-472bee97a09e', '02452780-74eb-49d0-9a35-7da9736a246f', '8da52607-9e41-41e4-8d5d-c4d10f653168', '2972e5b2-68fd-44e8-a1a6-650512f737c5', '2025-05-19 02:22:03.727653+00', 276.0000, '2025-05-18 21:22:03.741426+00', '2025-05-18 21:22:03.741426+00');
INSERT INTO public.sales VALUES ('b194a770-0f74-4eef-a00e-da888621a8d7', '1d5c7e5d-c33b-42cc-8b23-7df658e83cdc', 'ccda03e6-8f45-4db2-b9b2-aab0b6970194', '02452780-74eb-49d0-9a35-7da9736a246f', '8da52607-9e41-41e4-8d5d-c4d10f653168', '2972e5b2-68fd-44e8-a1a6-650512f737c5', '2025-05-19 02:22:00.329328+00', 276.0000, '2025-05-18 21:22:00.331423+00', '2025-05-18 21:22:00.331423+00');
INSERT INTO public.sales VALUES ('061cde4f-7146-40ae-9f09-67592cf3361d', '1d5c7e5d-c33b-42cc-8b23-7df658e83cdc', 'ccda03e6-8f45-4db2-b9b2-aab0b6970194', '02452780-74eb-49d0-9a35-7da9736a246f', '8da52607-9e41-41e4-8d5d-c4d10f653168', '2972e5b2-68fd-44e8-a1a6-650512f737c5', '2025-05-19 02:22:00.331894+00', 276.0000, '2025-05-18 21:22:00.336352+00', '2025-05-18 21:22:00.336352+00');
INSERT INTO public.sales VALUES ('b2198104-fec6-487d-be3f-c515a13743f1', '1d5c7e5d-c33b-42cc-8b23-7df658e83cdc', 'ccda03e6-8f45-4db2-b9b2-aab0b6970194', '02452780-74eb-49d0-9a35-7da9736a246f', '8da52607-9e41-41e4-8d5d-c4d10f653168', '2972e5b2-68fd-44e8-a1a6-650512f737c5', '2025-05-19 02:22:00.334255+00', 276.0000, '2025-05-18 21:22:00.340696+00', '2025-05-18 21:22:00.340696+00');
INSERT INTO public.sales VALUES ('759ab333-8ab0-4f08-88a4-9d6bb2a5da1f', '1d5c7e5d-c33b-42cc-8b23-7df658e83cdc', 'ccda03e6-8f45-4db2-b9b2-aab0b6970194', '02452780-74eb-49d0-9a35-7da9736a246f', '8da52607-9e41-41e4-8d5d-c4d10f653168', '2972e5b2-68fd-44e8-a1a6-650512f737c5', '2025-05-19 02:22:00.337121+00', 276.0000, '2025-05-18 21:22:00.343669+00', '2025-05-18 21:22:00.343669+00');
INSERT INTO public.sales VALUES ('53b939a2-3303-4a43-b2b2-92a478942240', '1d5c7e5d-c33b-42cc-8b23-7df658e83cdc', 'ccda03e6-8f45-4db2-b9b2-aab0b6970194', '02452780-74eb-49d0-9a35-7da9736a246f', '8da52607-9e41-41e4-8d5d-c4d10f653168', '2972e5b2-68fd-44e8-a1a6-650512f737c5', '2025-05-19 02:22:00.340172+00', 276.0000, '2025-05-18 21:22:00.350486+00', '2025-05-18 21:22:00.350486+00');
INSERT INTO public.sales VALUES ('a6f4a8fa-9538-445d-b057-e986fcebb677', '47802553-f3a8-4e01-94c4-fc3fb1d91117', '9c764860-c856-49a9-9289-9a871847c7c9', '02452780-74eb-49d0-9a35-7da9736a246f', '8da52607-9e41-41e4-8d5d-c4d10f653168', '2972e5b2-68fd-44e8-a1a6-650512f737c5', '2025-05-19 02:22:01.001122+00', 276.0000, '2025-05-18 21:22:01.004283+00', '2025-05-18 21:22:01.004283+00');
INSERT INTO public.sales VALUES ('5ee48ff6-c068-403f-aa43-d211ca709865', '47802553-f3a8-4e01-94c4-fc3fb1d91117', '9c764860-c856-49a9-9289-9a871847c7c9', '02452780-74eb-49d0-9a35-7da9736a246f', '8da52607-9e41-41e4-8d5d-c4d10f653168', '2972e5b2-68fd-44e8-a1a6-650512f737c5', '2025-05-19 02:22:01.004933+00', 276.0000, '2025-05-18 21:22:01.010633+00', '2025-05-18 21:22:01.010633+00');
INSERT INTO public.sales VALUES ('f94c9905-f412-4d04-9dc4-2209e9d06758', '47802553-f3a8-4e01-94c4-fc3fb1d91117', '9c764860-c856-49a9-9289-9a871847c7c9', '02452780-74eb-49d0-9a35-7da9736a246f', '8da52607-9e41-41e4-8d5d-c4d10f653168', '2972e5b2-68fd-44e8-a1a6-650512f737c5', '2025-05-19 02:22:01.00771+00', 276.0000, '2025-05-18 21:22:01.015942+00', '2025-05-18 21:22:01.015942+00');
INSERT INTO public.sales VALUES ('1301fed4-9f6c-4853-b108-a8627e07d002', '47802553-f3a8-4e01-94c4-fc3fb1d91117', '9c764860-c856-49a9-9289-9a871847c7c9', '02452780-74eb-49d0-9a35-7da9736a246f', '8da52607-9e41-41e4-8d5d-c4d10f653168', '2972e5b2-68fd-44e8-a1a6-650512f737c5', '2025-05-19 02:22:01.010862+00', 276.0000, '2025-05-18 21:22:01.020918+00', '2025-05-18 21:22:01.020918+00');
INSERT INTO public.sales VALUES ('5ccc97ca-5eee-4b5e-acae-d1774d2c4212', '47802553-f3a8-4e01-94c4-fc3fb1d91117', '9c764860-c856-49a9-9289-9a871847c7c9', '02452780-74eb-49d0-9a35-7da9736a246f', '8da52607-9e41-41e4-8d5d-c4d10f653168', '2972e5b2-68fd-44e8-a1a6-650512f737c5', '2025-05-19 02:22:01.013865+00', 276.0000, '2025-05-18 21:22:01.025888+00', '2025-05-18 21:22:01.025888+00');
INSERT INTO public.sales VALUES ('c86631fe-0004-4d32-a4b4-c1fa5017e040', '40bc65a2-5bb8-48d2-aa5b-e867e293db0a', 'bf60b299-6893-44e5-bf5e-472bee97a09e', '02452780-74eb-49d0-9a35-7da9736a246f', '8da52607-9e41-41e4-8d5d-c4d10f653168', '2972e5b2-68fd-44e8-a1a6-650512f737c5', '2025-05-19 02:22:03.722238+00', 276.0000, '2025-05-18 21:22:03.733982+00', '2025-05-18 21:22:03.733982+00');
INSERT INTO public.sales VALUES ('de78cabc-1d69-43eb-b31c-875a9cc342cc', '40bc65a2-5bb8-48d2-aa5b-e867e293db0a', 'bf60b299-6893-44e5-bf5e-472bee97a09e', '02452780-74eb-49d0-9a35-7da9736a246f', '8da52607-9e41-41e4-8d5d-c4d10f653168', '2972e5b2-68fd-44e8-a1a6-650512f737c5', '2025-05-19 02:22:03.726583+00', 276.0000, '2025-05-18 21:22:03.739787+00', '2025-05-18 21:22:03.739787+00');
INSERT INTO public.sales VALUES ('0cef755a-0d35-440b-90cf-97a72d69d028', '4d457dce-85cb-4057-8a69-496c663457ad', '32cbee7e-01d4-45f2-9479-e9e2cbc26774', '02452780-74eb-49d0-9a35-7da9736a246f', '8da52607-9e41-41e4-8d5d-c4d10f653168', '2972e5b2-68fd-44e8-a1a6-650512f737c5', '2025-05-19 03:00:50.832829+00', 276.0000, '2025-05-18 22:00:51.836402+00', '2025-05-18 22:00:51.836402+00');
INSERT INTO public.sales VALUES ('92642137-c68d-4f12-a4e9-e5d4eaf47be7', '4d457dce-85cb-4057-8a69-496c663457ad', '32cbee7e-01d4-45f2-9479-e9e2cbc26774', '02452780-74eb-49d0-9a35-7da9736a246f', '8da52607-9e41-41e4-8d5d-c4d10f653168', '2972e5b2-68fd-44e8-a1a6-650512f737c5', '2025-05-19 03:00:51.83577+00', 276.0000, '2025-05-18 22:00:51.846421+00', '2025-05-18 22:00:51.846421+00');
INSERT INTO public.sales VALUES ('0a8ec3cb-4bb0-4104-aabc-bb40232b573e', '4d457dce-85cb-4057-8a69-496c663457ad', '32cbee7e-01d4-45f2-9479-e9e2cbc26774', '02452780-74eb-49d0-9a35-7da9736a246f', '8da52607-9e41-41e4-8d5d-c4d10f653168', '2972e5b2-68fd-44e8-a1a6-650512f737c5', '2025-05-19 03:00:51.838047+00', 276.0000, '2025-05-18 22:00:51.849488+00', '2025-05-18 22:00:51.849488+00');
INSERT INTO public.sales VALUES ('6071197e-e833-43a6-ad62-f1e6f28148e9', '4d457dce-85cb-4057-8a69-496c663457ad', '32cbee7e-01d4-45f2-9479-e9e2cbc26774', '02452780-74eb-49d0-9a35-7da9736a246f', '8da52607-9e41-41e4-8d5d-c4d10f653168', '2972e5b2-68fd-44e8-a1a6-650512f737c5', '2025-05-19 03:00:51.842352+00', 276.0000, '2025-05-18 22:00:51.853001+00', '2025-05-18 22:00:51.853001+00');
INSERT INTO public.sales VALUES ('50b56f30-658f-4eb4-b8b4-dd3744d83a31', '4d457dce-85cb-4057-8a69-496c663457ad', '32cbee7e-01d4-45f2-9479-e9e2cbc26774', '02452780-74eb-49d0-9a35-7da9736a246f', '8da52607-9e41-41e4-8d5d-c4d10f653168', '2972e5b2-68fd-44e8-a1a6-650512f737c5', '2025-05-19 03:00:51.844305+00', 276.0000, '2025-05-18 22:00:51.855399+00', '2025-05-18 22:00:51.855399+00');
INSERT INTO public.sales VALUES ('1d37913f-7c66-447a-82c1-f383e6c25703', '4d457dce-85cb-4057-8a69-496c663457ad', '32cbee7e-01d4-45f2-9479-e9e2cbc26774', '02452780-74eb-49d0-9a35-7da9736a246f', '8da52607-9e41-41e4-8d5d-c4d10f653168', '2972e5b2-68fd-44e8-a1a6-650512f737c5', '2025-05-19 03:00:51.845776+00', 276.0000, '2025-05-18 22:00:51.860373+00', '2025-05-18 22:00:51.860373+00');
INSERT INTO public.sales VALUES ('bcc78ce7-8b25-4ca6-914f-a8386adc24e7', '4d457dce-85cb-4057-8a69-496c663457ad', '32cbee7e-01d4-45f2-9479-e9e2cbc26774', '02452780-74eb-49d0-9a35-7da9736a246f', '8da52607-9e41-41e4-8d5d-c4d10f653168', '2972e5b2-68fd-44e8-a1a6-650512f737c5', '2025-05-19 03:00:51.84783+00', 276.0000, '2025-05-18 22:00:51.863231+00', '2025-05-18 22:00:51.863231+00');
INSERT INTO public.sales VALUES ('4fd56181-9da4-4ea6-9e51-337afcb4f13a', '4d457dce-85cb-4057-8a69-496c663457ad', '32cbee7e-01d4-45f2-9479-e9e2cbc26774', '02452780-74eb-49d0-9a35-7da9736a246f', '8da52607-9e41-41e4-8d5d-c4d10f653168', '2972e5b2-68fd-44e8-a1a6-650512f737c5', '2025-05-19 03:00:51.849442+00', 276.0000, '2025-05-18 22:00:51.866007+00', '2025-05-18 22:00:51.866007+00');
INSERT INTO public.sales VALUES ('ce2b02b2-c855-4df5-8b4e-3e0c61eeed79', '4d457dce-85cb-4057-8a69-496c663457ad', '32cbee7e-01d4-45f2-9479-e9e2cbc26774', '02452780-74eb-49d0-9a35-7da9736a246f', '8da52607-9e41-41e4-8d5d-c4d10f653168', '2972e5b2-68fd-44e8-a1a6-650512f737c5', '2025-05-19 03:00:51.851203+00', 276.0000, '2025-05-18 22:00:51.868427+00', '2025-05-18 22:00:51.868427+00');
INSERT INTO public.sales VALUES ('1e27c7ca-29d1-4dd6-8c52-c67481d2c9d0', '4d457dce-85cb-4057-8a69-496c663457ad', '32cbee7e-01d4-45f2-9479-e9e2cbc26774', '02452780-74eb-49d0-9a35-7da9736a246f', '8da52607-9e41-41e4-8d5d-c4d10f653168', '2972e5b2-68fd-44e8-a1a6-650512f737c5', '2025-05-19 03:00:51.85336+00', 276.0000, '2025-05-18 22:00:51.870588+00', '2025-05-18 22:00:51.870588+00');
INSERT INTO public.sales VALUES ('2f728cdc-fe9b-42ef-8b0b-2c7dcb61effa', 'b1ffc75a-e69c-45b0-ba76-c86b4cc0f836', '66c2f3e4-aaf2-4457-9506-4b7cc3e3f7bd', '02452780-74eb-49d0-9a35-7da9736a246f', '8da52607-9e41-41e4-8d5d-c4d10f653168', '2972e5b2-68fd-44e8-a1a6-650512f737c5', '2025-05-19 03:00:53.45213+00', 276.0000, '2025-05-18 22:00:53.463714+00', '2025-05-18 22:00:53.463714+00');
INSERT INTO public.sales VALUES ('53153396-eb47-4f82-9c35-36f0a9c39ec1', 'b1ffc75a-e69c-45b0-ba76-c86b4cc0f836', '66c2f3e4-aaf2-4457-9506-4b7cc3e3f7bd', '02452780-74eb-49d0-9a35-7da9736a246f', '8da52607-9e41-41e4-8d5d-c4d10f653168', '2972e5b2-68fd-44e8-a1a6-650512f737c5', '2025-05-19 03:00:53.455679+00', 276.0000, '2025-05-18 22:00:53.468646+00', '2025-05-18 22:00:53.468646+00');
INSERT INTO public.sales VALUES ('2102d2ef-c84e-4679-b1da-9fa41b10071b', 'b1ffc75a-e69c-45b0-ba76-c86b4cc0f836', '66c2f3e4-aaf2-4457-9506-4b7cc3e3f7bd', '02452780-74eb-49d0-9a35-7da9736a246f', '8da52607-9e41-41e4-8d5d-c4d10f653168', '2972e5b2-68fd-44e8-a1a6-650512f737c5', '2025-05-19 03:00:53.458126+00', 276.0000, '2025-05-18 22:00:53.470482+00', '2025-05-18 22:00:53.470482+00');
INSERT INTO public.sales VALUES ('fa8d0a14-95ac-4fbc-9210-018690f03bf4', 'b1ffc75a-e69c-45b0-ba76-c86b4cc0f836', '66c2f3e4-aaf2-4457-9506-4b7cc3e3f7bd', '02452780-74eb-49d0-9a35-7da9736a246f', '8da52607-9e41-41e4-8d5d-c4d10f653168', '2972e5b2-68fd-44e8-a1a6-650512f737c5', '2025-05-19 03:00:53.459495+00', 276.0000, '2025-05-18 22:00:53.47235+00', '2025-05-18 22:00:53.47235+00');
INSERT INTO public.sales VALUES ('6b35af56-8c84-41fa-aba7-b951e2172371', 'b1ffc75a-e69c-45b0-ba76-c86b4cc0f836', '66c2f3e4-aaf2-4457-9506-4b7cc3e3f7bd', '02452780-74eb-49d0-9a35-7da9736a246f', '8da52607-9e41-41e4-8d5d-c4d10f653168', '2972e5b2-68fd-44e8-a1a6-650512f737c5', '2025-05-19 03:00:53.46045+00', 276.0000, '2025-05-18 22:00:53.474145+00', '2025-05-18 22:00:53.474145+00');
INSERT INTO public.sales VALUES ('7f0bc96f-d11d-48cd-80d5-1f87e0f84675', 'b1ffc75a-e69c-45b0-ba76-c86b4cc0f836', '66c2f3e4-aaf2-4457-9506-4b7cc3e3f7bd', '02452780-74eb-49d0-9a35-7da9736a246f', '8da52607-9e41-41e4-8d5d-c4d10f653168', '2972e5b2-68fd-44e8-a1a6-650512f737c5', '2025-05-19 03:00:53.461443+00', 276.0000, '2025-05-18 22:00:53.475769+00', '2025-05-18 22:00:53.475769+00');
INSERT INTO public.sales VALUES ('787f1b2d-ec4d-456a-8f7e-e8a8cc59ed35', 'b1ffc75a-e69c-45b0-ba76-c86b4cc0f836', '66c2f3e4-aaf2-4457-9506-4b7cc3e3f7bd', '02452780-74eb-49d0-9a35-7da9736a246f', '8da52607-9e41-41e4-8d5d-c4d10f653168', '2972e5b2-68fd-44e8-a1a6-650512f737c5', '2025-05-19 03:00:53.462604+00', 276.0000, '2025-05-18 22:00:53.477851+00', '2025-05-18 22:00:53.477851+00');
INSERT INTO public.sales VALUES ('2783f2e3-eb66-4a12-9339-85a3a72aa60e', 'b1ffc75a-e69c-45b0-ba76-c86b4cc0f836', '66c2f3e4-aaf2-4457-9506-4b7cc3e3f7bd', '02452780-74eb-49d0-9a35-7da9736a246f', '8da52607-9e41-41e4-8d5d-c4d10f653168', '2972e5b2-68fd-44e8-a1a6-650512f737c5', '2025-05-19 03:00:53.463813+00', 276.0000, '2025-05-18 22:00:53.479518+00', '2025-05-18 22:00:53.479518+00');
INSERT INTO public.sales VALUES ('082f236c-3c6a-4c17-aeae-1e4d01d8f1d7', 'b1ffc75a-e69c-45b0-ba76-c86b4cc0f836', '66c2f3e4-aaf2-4457-9506-4b7cc3e3f7bd', '02452780-74eb-49d0-9a35-7da9736a246f', '8da52607-9e41-41e4-8d5d-c4d10f653168', '2972e5b2-68fd-44e8-a1a6-650512f737c5', '2025-05-19 03:00:53.465262+00', 276.0000, '2025-05-18 22:00:53.480968+00', '2025-05-18 22:00:53.480968+00');
INSERT INTO public.sales VALUES ('2cd23511-7e40-4c5f-b099-31f8a68247e1', 'b1ffc75a-e69c-45b0-ba76-c86b4cc0f836', '66c2f3e4-aaf2-4457-9506-4b7cc3e3f7bd', '02452780-74eb-49d0-9a35-7da9736a246f', '8da52607-9e41-41e4-8d5d-c4d10f653168', '2972e5b2-68fd-44e8-a1a6-650512f737c5', '2025-05-19 03:00:53.46633+00', 276.0000, '2025-05-18 22:00:53.482399+00', '2025-05-18 22:00:53.482399+00');
INSERT INTO public.sales VALUES ('705049f5-7132-4b9e-b4a0-a8f06ebed310', 'cbf364fd-36cb-4ee6-9ee0-8d8a00eea948', '5512eb3d-8778-49b5-ba98-e6faef4852f6', '02452780-74eb-49d0-9a35-7da9736a246f', '8da52607-9e41-41e4-8d5d-c4d10f653168', '2972e5b2-68fd-44e8-a1a6-650512f737c5', '2025-05-19 03:00:54.457112+00', 276.0000, '2025-05-18 22:00:54.458854+00', '2025-05-18 22:00:54.458854+00');
INSERT INTO public.sales VALUES ('6f7a8da0-932d-466c-abed-39cfef5a1ffc', 'cbf364fd-36cb-4ee6-9ee0-8d8a00eea948', '5512eb3d-8778-49b5-ba98-e6faef4852f6', '02452780-74eb-49d0-9a35-7da9736a246f', '8da52607-9e41-41e4-8d5d-c4d10f653168', '2972e5b2-68fd-44e8-a1a6-650512f737c5', '2025-05-19 03:00:54.458166+00', 276.0000, '2025-05-18 22:00:54.462871+00', '2025-05-18 22:00:54.462871+00');
INSERT INTO public.sales VALUES ('15ec807c-154d-47e9-805a-9a9d7fe6b420', 'cbf364fd-36cb-4ee6-9ee0-8d8a00eea948', '5512eb3d-8778-49b5-ba98-e6faef4852f6', '02452780-74eb-49d0-9a35-7da9736a246f', '8da52607-9e41-41e4-8d5d-c4d10f653168', '2972e5b2-68fd-44e8-a1a6-650512f737c5', '2025-05-19 03:00:54.45973+00', 276.0000, '2025-05-18 22:00:54.465102+00', '2025-05-18 22:00:54.465102+00');
INSERT INTO public.sales VALUES ('3ca96ef2-b5c9-4fc5-9372-889cb3c45638', 'cbf364fd-36cb-4ee6-9ee0-8d8a00eea948', '5512eb3d-8778-49b5-ba98-e6faef4852f6', '02452780-74eb-49d0-9a35-7da9736a246f', '8da52607-9e41-41e4-8d5d-c4d10f653168', '2972e5b2-68fd-44e8-a1a6-650512f737c5', '2025-05-19 03:00:54.461446+00', 276.0000, '2025-05-18 22:00:54.468202+00', '2025-05-18 22:00:54.468202+00');
INSERT INTO public.sales VALUES ('3db17275-5ffa-405e-818f-d073ce6bf658', 'cbf364fd-36cb-4ee6-9ee0-8d8a00eea948', '5512eb3d-8778-49b5-ba98-e6faef4852f6', '02452780-74eb-49d0-9a35-7da9736a246f', '8da52607-9e41-41e4-8d5d-c4d10f653168', '2972e5b2-68fd-44e8-a1a6-650512f737c5', '2025-05-19 03:00:54.463115+00', 276.0000, '2025-05-18 22:00:54.471082+00', '2025-05-18 22:00:54.471082+00');
INSERT INTO public.sales VALUES ('2dae5e83-3b97-49f4-a4d2-09ef73840c77', 'cbf364fd-36cb-4ee6-9ee0-8d8a00eea948', '5512eb3d-8778-49b5-ba98-e6faef4852f6', '02452780-74eb-49d0-9a35-7da9736a246f', '8da52607-9e41-41e4-8d5d-c4d10f653168', '2972e5b2-68fd-44e8-a1a6-650512f737c5', '2025-05-19 03:00:54.464814+00', 276.0000, '2025-05-18 22:00:54.472814+00', '2025-05-18 22:00:54.472814+00');
INSERT INTO public.sales VALUES ('e85841fe-b079-487b-8d1b-edd6d0b46864', 'cbf364fd-36cb-4ee6-9ee0-8d8a00eea948', '5512eb3d-8778-49b5-ba98-e6faef4852f6', '02452780-74eb-49d0-9a35-7da9736a246f', '8da52607-9e41-41e4-8d5d-c4d10f653168', '2972e5b2-68fd-44e8-a1a6-650512f737c5', '2025-05-19 03:00:54.465835+00', 276.0000, '2025-05-18 22:00:54.475137+00', '2025-05-18 22:00:54.475137+00');
INSERT INTO public.sales VALUES ('154981d8-a82d-4887-bed9-487802b8de58', 'cbf364fd-36cb-4ee6-9ee0-8d8a00eea948', '5512eb3d-8778-49b5-ba98-e6faef4852f6', '02452780-74eb-49d0-9a35-7da9736a246f', '8da52607-9e41-41e4-8d5d-c4d10f653168', '2972e5b2-68fd-44e8-a1a6-650512f737c5', '2025-05-19 03:00:54.466899+00', 276.0000, '2025-05-18 22:00:54.47705+00', '2025-05-18 22:00:54.47705+00');
INSERT INTO public.sales VALUES ('f9b4c28d-ea5a-4832-a561-d35f4cd45902', 'cbf364fd-36cb-4ee6-9ee0-8d8a00eea948', '5512eb3d-8778-49b5-ba98-e6faef4852f6', '02452780-74eb-49d0-9a35-7da9736a246f', '8da52607-9e41-41e4-8d5d-c4d10f653168', '2972e5b2-68fd-44e8-a1a6-650512f737c5', '2025-05-19 03:00:54.467778+00', 276.0000, '2025-05-18 22:00:54.478746+00', '2025-05-18 22:00:54.478746+00');
INSERT INTO public.sales VALUES ('7da3b110-9451-413c-845a-141435944191', 'cbf364fd-36cb-4ee6-9ee0-8d8a00eea948', '5512eb3d-8778-49b5-ba98-e6faef4852f6', '02452780-74eb-49d0-9a35-7da9736a246f', '8da52607-9e41-41e4-8d5d-c4d10f653168', '2972e5b2-68fd-44e8-a1a6-650512f737c5', '2025-05-19 03:00:54.4691+00', 276.0000, '2025-05-18 22:00:54.480182+00', '2025-05-18 22:00:54.480182+00');
INSERT INTO public.sales VALUES ('9c9aff28-e8b6-45d1-915f-7631be0b7176', 'f7c4e672-eea6-4f4c-984d-0004dcd12761', '3ec2f76d-bbb8-43d0-98a3-7f4db74d1cee', '02452780-74eb-49d0-9a35-7da9736a246f', '8da52607-9e41-41e4-8d5d-c4d10f653168', '2972e5b2-68fd-44e8-a1a6-650512f737c5', '2025-05-19 03:00:57.255455+00', 276.0000, '2025-05-18 22:00:57.256353+00', '2025-05-18 22:00:57.256353+00');
INSERT INTO public.sales VALUES ('6d996a42-0849-48f6-8e84-0366bcecd8de', 'f7c4e672-eea6-4f4c-984d-0004dcd12761', '3ec2f76d-bbb8-43d0-98a3-7f4db74d1cee', '02452780-74eb-49d0-9a35-7da9736a246f', '8da52607-9e41-41e4-8d5d-c4d10f653168', '2972e5b2-68fd-44e8-a1a6-650512f737c5', '2025-05-19 03:00:57.257746+00', 276.0000, '2025-05-18 22:00:57.259501+00', '2025-05-18 22:00:57.259501+00');
INSERT INTO public.sales VALUES ('38e367dc-ae63-414c-a3d8-c37992f38cd4', 'ae6ddad2-a9df-416b-8b72-81daabe7eb92', 'ae8e22b0-3918-4b02-bde3-0959113cbc9a', '02452780-74eb-49d0-9a35-7da9736a246f', '8da52607-9e41-41e4-8d5d-c4d10f653168', '2972e5b2-68fd-44e8-a1a6-650512f737c5', '2025-05-19 03:01:03.234133+00', 276.0000, '2025-05-18 22:01:03.234478+00', '2025-05-18 22:01:03.234478+00');
INSERT INTO public.sales VALUES ('36c24f8f-0fba-41d7-b5a7-d44378cc5ae0', 'ae6ddad2-a9df-416b-8b72-81daabe7eb92', 'ae8e22b0-3918-4b02-bde3-0959113cbc9a', '02452780-74eb-49d0-9a35-7da9736a246f', '8da52607-9e41-41e4-8d5d-c4d10f653168', '2972e5b2-68fd-44e8-a1a6-650512f737c5', '2025-05-19 03:01:03.235109+00', 276.0000, '2025-05-18 22:01:03.237834+00', '2025-05-18 22:01:03.237834+00');
INSERT INTO public.sales VALUES ('002a454c-33c5-45ed-b693-7fd257d95403', 'aea831b0-46c5-41d7-ae92-3bd6d72b6d0d', '84d92113-6b00-426f-bd11-468e8bfe874c', '02452780-74eb-49d0-9a35-7da9736a246f', '8da52607-9e41-41e4-8d5d-c4d10f653168', '2972e5b2-68fd-44e8-a1a6-650512f737c5', '2025-05-19 03:03:18.960116+00', 276.0000, '2025-05-18 22:03:19.968834+00', '2025-05-18 22:03:19.968834+00');
INSERT INTO public.sales VALUES ('95f50d1c-5750-46e9-b87f-df14bd24eced', 'aea831b0-46c5-41d7-ae92-3bd6d72b6d0d', '84d92113-6b00-426f-bd11-468e8bfe874c', '02452780-74eb-49d0-9a35-7da9736a246f', '8da52607-9e41-41e4-8d5d-c4d10f653168', '2972e5b2-68fd-44e8-a1a6-650512f737c5', '2025-05-19 03:03:19.966778+00', 276.0000, '2025-05-18 22:03:19.977361+00', '2025-05-18 22:03:19.977361+00');
INSERT INTO public.sales VALUES ('3bc0b926-e769-4ea9-a4af-89cc344b6203', '572d78bc-36bd-473b-b8ae-010a249819b0', 'd86d7cd6-6398-43e1-9548-6edb22bdf80e', '02452780-74eb-49d0-9a35-7da9736a246f', '8da52607-9e41-41e4-8d5d-c4d10f653168', '2972e5b2-68fd-44e8-a1a6-650512f737c5', '2025-05-19 03:04:31.049995+00', 276.0000, '2025-05-18 22:04:34.319012+00', '2025-05-18 22:04:34.319012+00');
INSERT INTO public.sales VALUES ('8a36e4c2-c57c-4658-981d-9df229210b2c', '572d78bc-36bd-473b-b8ae-010a249819b0', 'd86d7cd6-6398-43e1-9548-6edb22bdf80e', '02452780-74eb-49d0-9a35-7da9736a246f', '8da52607-9e41-41e4-8d5d-c4d10f653168', '2972e5b2-68fd-44e8-a1a6-650512f737c5', '2025-05-19 03:04:32.052584+00', 276.0000, '2025-05-18 22:04:34.322288+00', '2025-05-18 22:04:34.322288+00');
INSERT INTO public.sales VALUES ('6bbcd1e7-44a9-43b7-a497-886e6aab5315', '36fa4f42-669b-47e2-952f-46f2449f2377', '5a71f4cc-5198-4ce9-9b0f-5562420cdaeb', '02452780-74eb-49d0-9a35-7da9736a246f', '8da52607-9e41-41e4-8d5d-c4d10f653168', '2972e5b2-68fd-44e8-a1a6-650512f737c5', '2025-05-19 03:04:44.257799+00', 276.0000, '2025-05-18 22:04:44.271935+00', '2025-05-18 22:04:44.271935+00');
INSERT INTO public.sales VALUES ('c40b1d32-c6b3-4e00-ab46-b4b0a97a07b6', '36fa4f42-669b-47e2-952f-46f2449f2377', '5a71f4cc-5198-4ce9-9b0f-5562420cdaeb', '02452780-74eb-49d0-9a35-7da9736a246f', '8da52607-9e41-41e4-8d5d-c4d10f653168', '2972e5b2-68fd-44e8-a1a6-650512f737c5', '2025-05-19 03:04:44.260309+00', 276.0000, '2025-05-18 22:04:44.279246+00', '2025-05-18 22:04:44.279246+00');
INSERT INTO public.sales VALUES ('398c66a4-8e87-4d7a-9e36-b6fb3cbf1339', '9754ea7f-cd7e-4136-a24d-c97c31554d0d', 'ac5cf3ec-55bb-49ae-8eba-fa4d5523ddda', '02452780-74eb-49d0-9a35-7da9736a246f', '8da52607-9e41-41e4-8d5d-c4d10f653168', '2972e5b2-68fd-44e8-a1a6-650512f737c5', '2025-05-19 03:04:54.787972+00', 276.0000, '2025-05-18 22:04:54.790071+00', '2025-05-18 22:04:54.790071+00');
INSERT INTO public.sales VALUES ('036e7cea-36b3-4278-a842-f21a879da709', '54f34ece-1cc1-43a4-9162-6bec46404a37', 'd6413115-9b55-4d24-94fc-cff1ed7855cf', '02452780-74eb-49d0-9a35-7da9736a246f', '8da52607-9e41-41e4-8d5d-c4d10f653168', '2972e5b2-68fd-44e8-a1a6-650512f737c5', '2025-05-19 03:05:05.788886+00', 276.0000, '2025-05-18 22:05:05.793694+00', '2025-05-18 22:05:05.793694+00');
INSERT INTO public.sales VALUES ('bba710f6-5dd7-4b32-81c6-026f86078344', '8275db7e-66b1-4925-bf06-f879ef70c2d0', '45d0ad62-ee33-40af-8171-487c1e92c342', '02452780-74eb-49d0-9a35-7da9736a246f', '8da52607-9e41-41e4-8d5d-c4d10f653168', '2972e5b2-68fd-44e8-a1a6-650512f737c5', '2025-05-19 03:05:13.179052+00', 276.0000, '2025-05-18 22:05:13.182119+00', '2025-05-18 22:05:13.182119+00');
INSERT INTO public.sales VALUES ('091f06d4-ca35-4de9-8f93-b938e8b8eee6', '4e562687-b964-46ab-b5ca-4c11fc80c592', '111eef10-159f-4c93-afa5-7e2cd277ff09', '02452780-74eb-49d0-9a35-7da9736a246f', '8da52607-9e41-41e4-8d5d-c4d10f653168', '2972e5b2-68fd-44e8-a1a6-650512f737c5', '2025-05-19 03:05:19.279522+00', 276.0000, '2025-05-18 22:05:19.281089+00', '2025-05-18 22:05:19.281089+00');
INSERT INTO public.sales VALUES ('49bfb9d4-7142-4cdd-9b69-f33ec16cec30', '91491ecd-3f2f-40fe-b094-f215d8106c06', '453cfcee-fd50-4218-b7db-5be5b7ce9b15', '02452780-74eb-49d0-9a35-7da9736a246f', '8da52607-9e41-41e4-8d5d-c4d10f653168', '2972e5b2-68fd-44e8-a1a6-650512f737c5', '2025-05-19 03:05:26.644667+00', 276.0000, '2025-05-18 22:05:26.648333+00', '2025-05-18 22:05:26.648333+00');
INSERT INTO public.sales VALUES ('6ffa0af5-d679-4daa-8aed-18290c62977b', '4a5abd2c-fe26-45c8-8df7-acf4b3c18b04', '7a610119-45b1-47ac-8220-430f47d7a74b', '02452780-74eb-49d0-9a35-7da9736a246f', '8da52607-9e41-41e4-8d5d-c4d10f653168', '2972e5b2-68fd-44e8-a1a6-650512f737c5', '2025-05-19 03:05:44.393657+00', 276.0000, '2025-05-18 22:05:44.398389+00', '2025-05-18 22:05:44.398389+00');
INSERT INTO public.sales VALUES ('50a60908-b786-40b0-8479-fc2fe9303cbe', 'ed2445d0-80a3-4699-b45e-2add18dc37cc', '05c3f736-d5a5-413f-a2e2-1d37389a0b2f', '02452780-74eb-49d0-9a35-7da9736a246f', '8da52607-9e41-41e4-8d5d-c4d10f653168', '2972e5b2-68fd-44e8-a1a6-650512f737c5', '2025-05-19 03:05:44.84585+00', 276.0000, '2025-05-18 22:05:44.852194+00', '2025-05-18 22:05:44.852194+00');
INSERT INTO public.sales VALUES ('16b8dca9-48ad-4f0d-8db8-3960adf0f8e2', '9754ea7f-cd7e-4136-a24d-c97c31554d0d', 'ac5cf3ec-55bb-49ae-8eba-fa4d5523ddda', '02452780-74eb-49d0-9a35-7da9736a246f', '8da52607-9e41-41e4-8d5d-c4d10f653168', '2972e5b2-68fd-44e8-a1a6-650512f737c5', '2025-05-19 03:04:54.789329+00', 276.0000, '2025-05-18 22:04:54.794099+00', '2025-05-18 22:04:54.794099+00');
INSERT INTO public.sales VALUES ('40b7ce01-e61c-480b-ba5d-38a7eb8cb9dd', '887c1516-f7a7-44a6-bfe1-1ae245bba69a', 'c9c613f5-eecc-4fa5-8e80-de4cb0d5840d', '02452780-74eb-49d0-9a35-7da9736a246f', '8da52607-9e41-41e4-8d5d-c4d10f653168', '2972e5b2-68fd-44e8-a1a6-650512f737c5', '2025-05-19 03:05:06.518855+00', 276.0000, '2025-05-18 22:05:06.522982+00', '2025-05-18 22:05:06.522982+00');
INSERT INTO public.sales VALUES ('90e93f8f-2ab4-43a9-b1c2-79b80de823da', '8275db7e-66b1-4925-bf06-f879ef70c2d0', '45d0ad62-ee33-40af-8171-487c1e92c342', '02452780-74eb-49d0-9a35-7da9736a246f', '8da52607-9e41-41e4-8d5d-c4d10f653168', '2972e5b2-68fd-44e8-a1a6-650512f737c5', '2025-05-19 03:05:13.181338+00', 276.0000, '2025-05-18 22:05:13.188262+00', '2025-05-18 22:05:13.188262+00');
INSERT INTO public.sales VALUES ('8605e03b-4581-42a9-be25-e8a6f876a139', '4e562687-b964-46ab-b5ca-4c11fc80c592', '111eef10-159f-4c93-afa5-7e2cd277ff09', '02452780-74eb-49d0-9a35-7da9736a246f', '8da52607-9e41-41e4-8d5d-c4d10f653168', '2972e5b2-68fd-44e8-a1a6-650512f737c5', '2025-05-19 03:05:19.280622+00', 276.0000, '2025-05-18 22:05:19.284209+00', '2025-05-18 22:05:19.284209+00');
INSERT INTO public.sales VALUES ('b5d0a7c5-234a-4161-9c21-5bf072592199', 'd2eb6915-ba76-4f7c-8ea0-8e8f03da4a8a', '910bb9cb-cded-48f7-8ce6-b480038f7de3', '02452780-74eb-49d0-9a35-7da9736a246f', '8da52607-9e41-41e4-8d5d-c4d10f653168', '2972e5b2-68fd-44e8-a1a6-650512f737c5', '2025-05-19 03:05:43.859712+00', 276.0000, '2025-05-18 22:05:43.867926+00', '2025-05-18 22:05:43.867926+00');
INSERT INTO public.sales VALUES ('f14000ec-77ed-43bd-9297-dacb287a1856', '54f34ece-1cc1-43a4-9162-6bec46404a37', 'd6413115-9b55-4d24-94fc-cff1ed7855cf', '02452780-74eb-49d0-9a35-7da9736a246f', '8da52607-9e41-41e4-8d5d-c4d10f653168', '2972e5b2-68fd-44e8-a1a6-650512f737c5', '2025-05-19 03:05:05.786542+00', 276.0000, '2025-05-18 22:05:05.789486+00', '2025-05-18 22:05:05.789486+00');
INSERT INTO public.sales VALUES ('504a3cff-e22f-4582-98ad-97c5040cd318', '887c1516-f7a7-44a6-bfe1-1ae245bba69a', 'c9c613f5-eecc-4fa5-8e80-de4cb0d5840d', '02452780-74eb-49d0-9a35-7da9736a246f', '8da52607-9e41-41e4-8d5d-c4d10f653168', '2972e5b2-68fd-44e8-a1a6-650512f737c5', '2025-05-19 03:05:06.516783+00', 276.0000, '2025-05-18 22:05:06.519257+00', '2025-05-18 22:05:06.519257+00');
INSERT INTO public.sales VALUES ('a845bc4e-d9dc-4ef7-bff7-1720cc2041a9', '5bc7903c-5fa1-4748-bbc4-2106cfbbae69', '70d60562-f124-4bb1-8fb0-c0ccca7b6978', '02452780-74eb-49d0-9a35-7da9736a246f', '8da52607-9e41-41e4-8d5d-c4d10f653168', '2972e5b2-68fd-44e8-a1a6-650512f737c5', '2025-05-19 03:05:07.279086+00', 276.0000, '2025-05-18 22:05:07.281105+00', '2025-05-18 22:05:07.281105+00');
INSERT INTO public.sales VALUES ('4c365d48-aa0e-488c-998d-38d52fdbce4c', '5bc7903c-5fa1-4748-bbc4-2106cfbbae69', '70d60562-f124-4bb1-8fb0-c0ccca7b6978', '02452780-74eb-49d0-9a35-7da9736a246f', '8da52607-9e41-41e4-8d5d-c4d10f653168', '2972e5b2-68fd-44e8-a1a6-650512f737c5', '2025-05-19 03:05:07.281689+00', 276.0000, '2025-05-18 22:05:07.285565+00', '2025-05-18 22:05:07.285565+00');
INSERT INTO public.sales VALUES ('2a3ff6b9-f909-4e64-be11-314c33ec25c4', '91491ecd-3f2f-40fe-b094-f215d8106c06', '453cfcee-fd50-4218-b7db-5be5b7ce9b15', '02452780-74eb-49d0-9a35-7da9736a246f', '8da52607-9e41-41e4-8d5d-c4d10f653168', '2972e5b2-68fd-44e8-a1a6-650512f737c5', '2025-05-19 03:05:26.643096+00', 276.0000, '2025-05-18 22:05:26.645059+00', '2025-05-18 22:05:26.645059+00');
INSERT INTO public.sales VALUES ('25f8d1c7-73a3-49a8-aa1e-6aaa758da680', 'd2eb6915-ba76-4f7c-8ea0-8e8f03da4a8a', '910bb9cb-cded-48f7-8ce6-b480038f7de3', '02452780-74eb-49d0-9a35-7da9736a246f', '8da52607-9e41-41e4-8d5d-c4d10f653168', '2972e5b2-68fd-44e8-a1a6-650512f737c5', '2025-05-19 03:05:43.857716+00', 276.0000, '2025-05-18 22:05:43.860787+00', '2025-05-18 22:05:43.860787+00');
INSERT INTO public.sales VALUES ('79cb374c-aa2b-44a5-b3e1-9c875f5bda18', '4a5abd2c-fe26-45c8-8df7-acf4b3c18b04', '7a610119-45b1-47ac-8220-430f47d7a74b', '02452780-74eb-49d0-9a35-7da9736a246f', '8da52607-9e41-41e4-8d5d-c4d10f653168', '2972e5b2-68fd-44e8-a1a6-650512f737c5', '2025-05-19 03:05:44.392147+00', 276.0000, '2025-05-18 22:05:44.394601+00', '2025-05-18 22:05:44.394601+00');
INSERT INTO public.sales VALUES ('cbd3ac9d-8976-4311-bd3f-2dabc869c6a8', 'ed2445d0-80a3-4699-b45e-2add18dc37cc', '05c3f736-d5a5-413f-a2e2-1d37389a0b2f', '02452780-74eb-49d0-9a35-7da9736a246f', '8da52607-9e41-41e4-8d5d-c4d10f653168', '2972e5b2-68fd-44e8-a1a6-650512f737c5', '2025-05-19 03:05:44.843259+00', 276.0000, '2025-05-18 22:05:44.846647+00', '2025-05-18 22:05:44.846647+00');
INSERT INTO public.sales VALUES ('884f95d8-4fe0-42ff-9562-c9de15991235', '0a8a8997-37e9-4503-9ec9-17395e79de8a', 'd30504ea-991e-435b-8703-e2613e042c16', '02452780-74eb-49d0-9a35-7da9736a246f', '8da52607-9e41-41e4-8d5d-c4d10f653168', '2972e5b2-68fd-44e8-a1a6-650512f737c5', '2025-05-19 03:18:43.150473+00', 276.0000, '2025-05-18 22:18:44.163362+00', '2025-05-18 22:18:44.163362+00');
INSERT INTO public.sales VALUES ('276138e6-32c1-480a-a522-d67f1227c758', '0a8a8997-37e9-4503-9ec9-17395e79de8a', 'd30504ea-991e-435b-8703-e2613e042c16', '02452780-74eb-49d0-9a35-7da9736a246f', '8da52607-9e41-41e4-8d5d-c4d10f653168', '2972e5b2-68fd-44e8-a1a6-650512f737c5', '2025-05-19 03:18:43.150537+00', 276.0000, '2025-05-18 22:18:44.173856+00', '2025-05-18 22:18:44.173856+00');
INSERT INTO public.sales VALUES ('7564dc4b-7233-4875-b320-3c238f572261', '90ded955-f760-4761-8ecc-287bf0995b2b', '3aa9c1b3-830e-431e-a73b-ed56bd40a041', '02452780-74eb-49d0-9a35-7da9736a246f', '8da52607-9e41-41e4-8d5d-c4d10f653168', '2972e5b2-68fd-44e8-a1a6-650512f737c5', '2025-05-19 03:22:52.530036+00', 276.0000, '2025-05-18 22:22:53.538674+00', '2025-05-18 22:22:53.538674+00');
INSERT INTO public.sales VALUES ('746debd3-0e9d-48b1-8cc3-9340337328ef', '8de4dd4b-3a3d-47a2-afbd-28ed83e103ea', '178be8d4-c730-465b-9491-3649ff47e64f', '02452780-74eb-49d0-9a35-7da9736a246f', '8da52607-9e41-41e4-8d5d-c4d10f653168', '2972e5b2-68fd-44e8-a1a6-650512f737c5', '2025-05-19 03:22:53.482599+00', 276.0000, '2025-05-18 22:22:53.545967+00', '2025-05-18 22:22:53.545967+00');
INSERT INTO public.sales VALUES ('1dbacf96-e9bc-432f-9dcd-ada4663660fd', '90ded955-f760-4761-8ecc-287bf0995b2b', '3aa9c1b3-830e-431e-a73b-ed56bd40a041', '02452780-74eb-49d0-9a35-7da9736a246f', '8da52607-9e41-41e4-8d5d-c4d10f653168', '2972e5b2-68fd-44e8-a1a6-650512f737c5', '2025-05-19 03:22:52.530076+00', 276.0000, '2025-05-18 22:22:53.549299+00', '2025-05-18 22:22:53.549299+00');
INSERT INTO public.sales VALUES ('37d9dd74-9cfb-47e1-b4ac-5765d28e85ad', '8de4dd4b-3a3d-47a2-afbd-28ed83e103ea', '178be8d4-c730-465b-9491-3649ff47e64f', '02452780-74eb-49d0-9a35-7da9736a246f', '8da52607-9e41-41e4-8d5d-c4d10f653168', '2972e5b2-68fd-44e8-a1a6-650512f737c5', '2025-05-19 03:22:53.482645+00', 276.0000, '2025-05-18 22:22:53.551648+00', '2025-05-18 22:22:53.551648+00');
INSERT INTO public.sales VALUES ('8b8eae93-d409-4e2e-8cef-b593e17bd644', '9c706b5d-671b-4a7b-8073-8d608fdb4ee8', 'cff344e7-b951-4be3-af45-0d460aa2a41e', '02452780-74eb-49d0-9a35-7da9736a246f', '8da52607-9e41-41e4-8d5d-c4d10f653168', '2972e5b2-68fd-44e8-a1a6-650512f737c5', '2025-05-19 03:22:54.123578+00', 276.0000, '2025-05-18 22:22:54.127964+00', '2025-05-18 22:22:54.127964+00');
INSERT INTO public.sales VALUES ('fa712b47-76ef-4754-80df-7d1615f0515f', '9c706b5d-671b-4a7b-8073-8d608fdb4ee8', 'cff344e7-b951-4be3-af45-0d460aa2a41e', '02452780-74eb-49d0-9a35-7da9736a246f', '8da52607-9e41-41e4-8d5d-c4d10f653168', '2972e5b2-68fd-44e8-a1a6-650512f737c5', '2025-05-19 03:22:54.123619+00', 276.0000, '2025-05-18 22:22:54.132458+00', '2025-05-18 22:22:54.132458+00');
INSERT INTO public.sales VALUES ('b73af6a0-7248-4b76-a9a2-f950e4e363d4', 'bbec99db-b708-4d51-bdf7-9b56a327df7e', 'e672b24e-6fcd-4566-afe6-a83b9d04bcd6', '02452780-74eb-49d0-9a35-7da9736a246f', '8da52607-9e41-41e4-8d5d-c4d10f653168', '2972e5b2-68fd-44e8-a1a6-650512f737c5', '2025-05-19 03:22:54.791588+00', 276.0000, '2025-05-18 22:22:54.798975+00', '2025-05-18 22:22:54.798975+00');
INSERT INTO public.sales VALUES ('9e81ac42-b238-4f42-bd53-116a46343f4f', 'bbec99db-b708-4d51-bdf7-9b56a327df7e', 'e672b24e-6fcd-4566-afe6-a83b9d04bcd6', '02452780-74eb-49d0-9a35-7da9736a246f', '8da52607-9e41-41e4-8d5d-c4d10f653168', '2972e5b2-68fd-44e8-a1a6-650512f737c5', '2025-05-19 03:22:54.791627+00', 276.0000, '2025-05-18 22:22:54.804587+00', '2025-05-18 22:22:54.804587+00');
INSERT INTO public.sales VALUES ('269bbd7e-a0ff-4128-a644-4f4e1ae1dce7', '570e90d0-26d4-43af-89f1-38b31696c07e', 'a7fa3570-4c35-46e4-b654-c05600073a86', '02452780-74eb-49d0-9a35-7da9736a246f', '8da52607-9e41-41e4-8d5d-c4d10f653168', '2972e5b2-68fd-44e8-a1a6-650512f737c5', '2025-05-19 03:22:55.366856+00', 276.0000, '2025-05-18 22:22:55.372465+00', '2025-05-18 22:22:55.372465+00');
INSERT INTO public.sales VALUES ('53657daa-6d67-4fa8-b45e-726f0f08ac02', '570e90d0-26d4-43af-89f1-38b31696c07e', 'a7fa3570-4c35-46e4-b654-c05600073a86', '02452780-74eb-49d0-9a35-7da9736a246f', '8da52607-9e41-41e4-8d5d-c4d10f653168', '2972e5b2-68fd-44e8-a1a6-650512f737c5', '2025-05-19 03:22:55.366885+00', 276.0000, '2025-05-18 22:22:55.381569+00', '2025-05-18 22:22:55.381569+00');
INSERT INTO public.sales VALUES ('660ffc37-a523-4cd3-8dc1-1b8b908f91f2', '542cb2fb-34df-41d8-ba65-36dfe538fdb6', '8cef5240-c83f-44e8-8073-f05ca7e4d92b', '02452780-74eb-49d0-9a35-7da9736a246f', '8da52607-9e41-41e4-8d5d-c4d10f653168', '2972e5b2-68fd-44e8-a1a6-650512f737c5', '2025-05-19 03:22:55.929858+00', 276.0000, '2025-05-18 22:22:55.938853+00', '2025-05-18 22:22:55.938853+00');
INSERT INTO public.sales VALUES ('a3012547-4087-4e5d-a7dd-569a1fd80dba', '542cb2fb-34df-41d8-ba65-36dfe538fdb6', '8cef5240-c83f-44e8-8073-f05ca7e4d92b', '02452780-74eb-49d0-9a35-7da9736a246f', '8da52607-9e41-41e4-8d5d-c4d10f653168', '2972e5b2-68fd-44e8-a1a6-650512f737c5', '2025-05-19 03:22:55.929951+00', 276.0000, '2025-05-18 22:22:55.944536+00', '2025-05-18 22:22:55.944536+00');
INSERT INTO public.sales VALUES ('f3144af7-3b86-4304-9d38-e226968ab822', '5c18a10d-cfe3-461c-94b1-891694ccb994', 'f019e544-0f84-41ac-9f36-63fe366a466b', '02452780-74eb-49d0-9a35-7da9736a246f', '8da52607-9e41-41e4-8d5d-c4d10f653168', '2972e5b2-68fd-44e8-a1a6-650512f737c5', '2025-05-19 03:23:02.69605+00', 276.0000, '2025-05-18 22:23:02.701624+00', '2025-05-18 22:23:02.701624+00');
INSERT INTO public.sales VALUES ('fc8de51c-a361-4e78-88b5-5251ae7130d3', '5c18a10d-cfe3-461c-94b1-891694ccb994', 'f019e544-0f84-41ac-9f36-63fe366a466b', '02452780-74eb-49d0-9a35-7da9736a246f', '8da52607-9e41-41e4-8d5d-c4d10f653168', '2972e5b2-68fd-44e8-a1a6-650512f737c5', '2025-05-19 03:23:02.696116+00', 276.0000, '2025-05-18 22:23:02.707827+00', '2025-05-18 22:23:02.707827+00');
INSERT INTO public.sales VALUES ('d7522f40-6b38-4700-ac7a-f5e4262f64e6', 'c92ffd9a-6379-4ab9-b8dd-9e50d0221afd', 'c71d0472-1eb8-4086-be49-ee2894603427', '02452780-74eb-49d0-9a35-7da9736a246f', '8da52607-9e41-41e4-8d5d-c4d10f653168', '2972e5b2-68fd-44e8-a1a6-650512f737c5', '2025-05-19 03:23:49.704392+00', 276.0000, '2025-05-18 22:23:55.8108+00', '2025-05-18 22:23:55.8108+00');
INSERT INTO public.sales VALUES ('52fbc639-0b5d-416c-a92d-3e307d933a72', '984d3d5f-4daa-4fbc-9efa-7bf7ca123fca', '03216aea-2dc6-4b42-b5c0-5d378963fe49', '02452780-74eb-49d0-9a35-7da9736a246f', '8da52607-9e41-41e4-8d5d-c4d10f653168', '2972e5b2-68fd-44e8-a1a6-650512f737c5', '2025-05-19 03:23:50.462963+00', 276.0000, '2025-05-18 22:23:55.816887+00', '2025-05-18 22:23:55.816887+00');
INSERT INTO public.sales VALUES ('4435ad25-e230-4cf8-82fd-7aa10c6e9c46', '984d3d5f-4daa-4fbc-9efa-7bf7ca123fca', '03216aea-2dc6-4b42-b5c0-5d378963fe49', '02452780-74eb-49d0-9a35-7da9736a246f', '8da52607-9e41-41e4-8d5d-c4d10f653168', '2972e5b2-68fd-44e8-a1a6-650512f737c5', '2025-05-19 03:23:50.463002+00', 276.0000, '2025-05-18 22:23:55.821829+00', '2025-05-18 22:23:55.821829+00');
INSERT INTO public.sales VALUES ('81ee429d-2c0b-4533-bcb8-b49fcc53a49f', 'c92ffd9a-6379-4ab9-b8dd-9e50d0221afd', 'c71d0472-1eb8-4086-be49-ee2894603427', '02452780-74eb-49d0-9a35-7da9736a246f', '8da52607-9e41-41e4-8d5d-c4d10f653168', '2972e5b2-68fd-44e8-a1a6-650512f737c5', '2025-05-19 03:23:49.704438+00', 276.0000, '2025-05-18 22:23:55.824817+00', '2025-05-18 22:23:55.824817+00');
INSERT INTO public.sales VALUES ('f38090ce-5922-460d-904b-228b747b4ca6', '6220322a-8a52-405c-a139-807ba5d04246', 'cc83e1a3-ad6f-4d18-a3ca-769ddbae96e9', '02452780-74eb-49d0-9a35-7da9736a246f', '8da52607-9e41-41e4-8d5d-c4d10f653168', '2972e5b2-68fd-44e8-a1a6-650512f737c5', '2025-05-19 03:23:51.237057+00', 276.0000, '2025-05-18 22:23:55.82858+00', '2025-05-18 22:23:55.82858+00');
INSERT INTO public.sales VALUES ('45aecb99-5d71-4efd-b3ac-36891c8f44d9', '6220322a-8a52-405c-a139-807ba5d04246', 'cc83e1a3-ad6f-4d18-a3ca-769ddbae96e9', '02452780-74eb-49d0-9a35-7da9736a246f', '8da52607-9e41-41e4-8d5d-c4d10f653168', '2972e5b2-68fd-44e8-a1a6-650512f737c5', '2025-05-19 03:23:51.237115+00', 276.0000, '2025-05-18 22:23:55.831135+00', '2025-05-18 22:23:55.831135+00');
INSERT INTO public.sales VALUES ('8b5c074d-e370-444c-8732-fe385d413e8f', '316d785b-233b-45dd-a2c0-60847bae7148', '6e1e2f68-6d20-45b7-9072-af3da563e338', '02452780-74eb-49d0-9a35-7da9736a246f', '8da52607-9e41-41e4-8d5d-c4d10f653168', '2972e5b2-68fd-44e8-a1a6-650512f737c5', '2025-05-19 03:23:51.991581+00', 276.0000, '2025-05-18 22:23:55.833573+00', '2025-05-18 22:23:55.833573+00');
INSERT INTO public.sales VALUES ('233bb4fc-4b41-4cfd-af4f-19e03e74201b', '316d785b-233b-45dd-a2c0-60847bae7148', '6e1e2f68-6d20-45b7-9072-af3da563e338', '02452780-74eb-49d0-9a35-7da9736a246f', '8da52607-9e41-41e4-8d5d-c4d10f653168', '2972e5b2-68fd-44e8-a1a6-650512f737c5', '2025-05-19 03:23:51.991654+00', 276.0000, '2025-05-18 22:23:55.836276+00', '2025-05-18 22:23:55.836276+00');
INSERT INTO public.sales VALUES ('fd825c18-4a55-4c71-b1b0-d6c93fb838df', '3397e9b7-2561-4be0-9937-e01e6fa989a4', '3937f6fe-23a7-49b8-8ec8-247a056bc70e', '02452780-74eb-49d0-9a35-7da9736a246f', '8da52607-9e41-41e4-8d5d-c4d10f653168', '2972e5b2-68fd-44e8-a1a6-650512f737c5', '2025-05-19 03:23:52.707953+00', 276.0000, '2025-05-18 22:23:55.84162+00', '2025-05-18 22:23:55.84162+00');
INSERT INTO public.sales VALUES ('cb923c9a-a77f-4ff6-9887-7d1e62202306', '3397e9b7-2561-4be0-9937-e01e6fa989a4', '3937f6fe-23a7-49b8-8ec8-247a056bc70e', '02452780-74eb-49d0-9a35-7da9736a246f', '8da52607-9e41-41e4-8d5d-c4d10f653168', '2972e5b2-68fd-44e8-a1a6-650512f737c5', '2025-05-19 03:23:52.707989+00', 276.0000, '2025-05-18 22:23:55.844357+00', '2025-05-18 22:23:55.844357+00');
INSERT INTO public.sales VALUES ('2cc1ccda-5ac8-498e-a7ce-c78f4de328ee', '15bf4255-8a11-4289-9867-106db5f12bde', '002931bf-0cc7-4982-9edc-c4a58ff60761', '02452780-74eb-49d0-9a35-7da9736a246f', '8da52607-9e41-41e4-8d5d-c4d10f653168', '2972e5b2-68fd-44e8-a1a6-650512f737c5', '2025-05-19 03:23:53.395827+00', 276.0000, '2025-05-18 22:23:55.846835+00', '2025-05-18 22:23:55.846835+00');
INSERT INTO public.sales VALUES ('aba0c0f5-dd58-4fc4-8e0f-5d45fadaf7b0', '15bf4255-8a11-4289-9867-106db5f12bde', '002931bf-0cc7-4982-9edc-c4a58ff60761', '02452780-74eb-49d0-9a35-7da9736a246f', '8da52607-9e41-41e4-8d5d-c4d10f653168', '2972e5b2-68fd-44e8-a1a6-650512f737c5', '2025-05-19 03:23:53.395882+00', 276.0000, '2025-05-18 22:23:55.850213+00', '2025-05-18 22:23:55.850213+00');
INSERT INTO public.sales VALUES ('e36b482a-6521-4f70-aaa5-dda2a3e03b81', '31eaf27d-f8e0-4acc-b10a-908ddc2dad10', '6421aaa5-4384-4c7b-a8ac-54fc06c1fdee', '02452780-74eb-49d0-9a35-7da9736a246f', '8da52607-9e41-41e4-8d5d-c4d10f653168', '2972e5b2-68fd-44e8-a1a6-650512f737c5', '2025-05-19 03:23:54.114115+00', 276.0000, '2025-05-18 22:23:55.853785+00', '2025-05-18 22:23:55.853785+00');
INSERT INTO public.sales VALUES ('0f39e157-b4d8-4d93-9f18-638e989b0dff', '31eaf27d-f8e0-4acc-b10a-908ddc2dad10', '6421aaa5-4384-4c7b-a8ac-54fc06c1fdee', '02452780-74eb-49d0-9a35-7da9736a246f', '8da52607-9e41-41e4-8d5d-c4d10f653168', '2972e5b2-68fd-44e8-a1a6-650512f737c5', '2025-05-19 03:23:54.114171+00', 276.0000, '2025-05-18 22:23:55.856758+00', '2025-05-18 22:23:55.856758+00');
INSERT INTO public.sales VALUES ('91e61c95-a747-412a-900a-5612e289e294', 'ab9ab076-68bc-4eb0-86d9-b0522ff4d587', 'b37c65c1-e110-4b54-95a3-46f9e2bb352e', '02452780-74eb-49d0-9a35-7da9736a246f', '8da52607-9e41-41e4-8d5d-c4d10f653168', '2972e5b2-68fd-44e8-a1a6-650512f737c5', '2025-05-19 03:23:54.751435+00', 276.0000, '2025-05-18 22:23:55.859454+00', '2025-05-18 22:23:55.859454+00');
INSERT INTO public.sales VALUES ('b0e0494b-f9ed-4461-90d8-ec4f186a4a62', 'ab9ab076-68bc-4eb0-86d9-b0522ff4d587', 'b37c65c1-e110-4b54-95a3-46f9e2bb352e', '02452780-74eb-49d0-9a35-7da9736a246f', '8da52607-9e41-41e4-8d5d-c4d10f653168', '2972e5b2-68fd-44e8-a1a6-650512f737c5', '2025-05-19 03:23:54.751493+00', 276.0000, '2025-05-18 22:23:55.861463+00', '2025-05-18 22:23:55.861463+00');
INSERT INTO public.sales VALUES ('6d2c5508-e328-4a08-9b35-83b418f0abe3', 'd90acd1d-a985-42a3-a6bb-8a0a8995b301', 'f6ab654f-97de-4172-90ed-deaab6fd9e59', '02452780-74eb-49d0-9a35-7da9736a246f', '8da52607-9e41-41e4-8d5d-c4d10f653168', '2972e5b2-68fd-44e8-a1a6-650512f737c5', '2025-05-19 03:23:55.361826+00', 276.0000, '2025-05-18 22:23:55.863194+00', '2025-05-18 22:23:55.863194+00');
INSERT INTO public.sales VALUES ('7b708318-8d39-4ae9-ae24-9525ea7eb91d', 'd90acd1d-a985-42a3-a6bb-8a0a8995b301', 'f6ab654f-97de-4172-90ed-deaab6fd9e59', '02452780-74eb-49d0-9a35-7da9736a246f', '8da52607-9e41-41e4-8d5d-c4d10f653168', '2972e5b2-68fd-44e8-a1a6-650512f737c5', '2025-05-19 03:23:55.361867+00', 276.0000, '2025-05-18 22:23:55.866347+00', '2025-05-18 22:23:55.866347+00');
INSERT INTO public.sales VALUES ('8881b8f4-e135-4358-8934-ce1c1332bab7', '48683f62-dd22-40ab-a1f8-2f61e89320bc', '7b9a57d4-5ae1-4162-954e-0a1d7c8169a5', '02452780-74eb-49d0-9a35-7da9736a246f', '8da52607-9e41-41e4-8d5d-c4d10f653168', '2972e5b2-68fd-44e8-a1a6-650512f737c5', '2025-05-19 03:23:55.975058+00', 276.0000, '2025-05-18 22:23:55.986008+00', '2025-05-18 22:23:55.986008+00');
INSERT INTO public.sales VALUES ('f038ff7f-052c-4924-8117-114bd05dbb3e', '48683f62-dd22-40ab-a1f8-2f61e89320bc', '7b9a57d4-5ae1-4162-954e-0a1d7c8169a5', '02452780-74eb-49d0-9a35-7da9736a246f', '8da52607-9e41-41e4-8d5d-c4d10f653168', '2972e5b2-68fd-44e8-a1a6-650512f737c5', '2025-05-19 03:23:55.975105+00', 276.0000, '2025-05-18 22:23:55.989874+00', '2025-05-18 22:23:55.989874+00');
INSERT INTO public.sales VALUES ('e4bb354e-c694-44cb-9271-cf0a7f6e3e43', 'e199fec7-5ab6-4da8-aed4-76afa2c3b1ca', '4f3a4212-0a67-4073-95be-2a17397ce98f', '02452780-74eb-49d0-9a35-7da9736a246f', '8da52607-9e41-41e4-8d5d-c4d10f653168', '2972e5b2-68fd-44e8-a1a6-650512f737c5', '2025-05-19 03:42:22.548725+00', 276.0000, '2025-05-18 22:42:24.632631+00', '2025-05-18 22:42:24.632631+00');
INSERT INTO public.sales VALUES ('17ef43bf-db1a-411c-a7d4-cd2157d66059', 'e199fec7-5ab6-4da8-aed4-76afa2c3b1ca', '4f3a4212-0a67-4073-95be-2a17397ce98f', '02452780-74eb-49d0-9a35-7da9736a246f', '8da52607-9e41-41e4-8d5d-c4d10f653168', '2972e5b2-68fd-44e8-a1a6-650512f737c5', '2025-05-19 03:42:22.548771+00', 276.0000, '2025-05-18 22:42:24.637525+00', '2025-05-18 22:42:24.637525+00');
INSERT INTO public.sales VALUES ('95a36648-a041-4e34-9e59-9ae6b173bd2a', 'abee14d6-ba2a-400a-899f-261c2e6c62b0', 'e7a5b76c-571b-4bcd-839c-5712cc8fd287', '02452780-74eb-49d0-9a35-7da9736a246f', '8da52607-9e41-41e4-8d5d-c4d10f653168', '2972e5b2-68fd-44e8-a1a6-650512f737c5', '2025-05-19 03:42:27.259979+00', 276.0000, '2025-05-18 22:42:27.287778+00', '2025-05-18 22:42:27.287778+00');
INSERT INTO public.sales VALUES ('7a9b762f-0bf0-433f-abb4-fb208656abb5', 'abee14d6-ba2a-400a-899f-261c2e6c62b0', 'e7a5b76c-571b-4bcd-839c-5712cc8fd287', '02452780-74eb-49d0-9a35-7da9736a246f', '8da52607-9e41-41e4-8d5d-c4d10f653168', '2972e5b2-68fd-44e8-a1a6-650512f737c5', '2025-05-19 03:42:27.260007+00', 276.0000, '2025-05-18 22:42:27.29212+00', '2025-05-18 22:42:27.29212+00');
INSERT INTO public.sales VALUES ('f03b46c6-1f61-4d97-b9cf-7217a349916f', '5e2a1cf8-7828-438d-8721-6c48a9ea8ad3', '238a6668-a2de-44af-b3ac-2463a76f1c0f', '02452780-74eb-49d0-9a35-7da9736a246f', '8da52607-9e41-41e4-8d5d-c4d10f653168', '2972e5b2-68fd-44e8-a1a6-650512f737c5', '2025-05-19 03:42:28.663673+00', 276.0000, '2025-05-18 22:42:28.672576+00', '2025-05-18 22:42:28.672576+00');
INSERT INTO public.sales VALUES ('1b6588aa-72a9-4a08-9152-f2aa02e112f8', '5e2a1cf8-7828-438d-8721-6c48a9ea8ad3', '238a6668-a2de-44af-b3ac-2463a76f1c0f', '02452780-74eb-49d0-9a35-7da9736a246f', '8da52607-9e41-41e4-8d5d-c4d10f653168', '2972e5b2-68fd-44e8-a1a6-650512f737c5', '2025-05-19 03:42:28.663799+00', 276.0000, '2025-05-18 22:42:28.677846+00', '2025-05-18 22:42:28.677846+00');
INSERT INTO public.sales VALUES ('d755d2dc-ae9c-43c4-b0a3-442ac4cfcca4', 'c2c591a3-3a8f-44c6-b0ba-ffe94c468617', 'da893cda-c7f9-4c1b-a7ce-073a59aacae1', '02452780-74eb-49d0-9a35-7da9736a246f', '8da52607-9e41-41e4-8d5d-c4d10f653168', '2972e5b2-68fd-44e8-a1a6-650512f737c5', '2025-05-19 03:42:29.598994+00', 276.0000, '2025-05-18 22:42:29.606236+00', '2025-05-18 22:42:29.606236+00');
INSERT INTO public.sales VALUES ('56a9e5ba-7eb8-40c0-a514-b35ff1577192', 'c2c591a3-3a8f-44c6-b0ba-ffe94c468617', 'da893cda-c7f9-4c1b-a7ce-073a59aacae1', '02452780-74eb-49d0-9a35-7da9736a246f', '8da52607-9e41-41e4-8d5d-c4d10f653168', '2972e5b2-68fd-44e8-a1a6-650512f737c5', '2025-05-19 03:42:29.59903+00', 276.0000, '2025-05-18 22:42:29.610565+00', '2025-05-18 22:42:29.610565+00');
INSERT INTO public.sales VALUES ('bf9aac8d-97a2-4ad9-a703-3108ec8c5562', 'ae976e0b-9664-43e6-800d-8107e6203c8d', '12e9922b-c339-4b3a-a143-2e2bc8b3efc5', '02452780-74eb-49d0-9a35-7da9736a246f', '8da52607-9e41-41e4-8d5d-c4d10f653168', '2972e5b2-68fd-44e8-a1a6-650512f737c5', '2025-05-19 03:42:30.294583+00', 276.0000, '2025-05-18 22:42:30.306178+00', '2025-05-18 22:42:30.306178+00');
INSERT INTO public.sales VALUES ('44a4260e-fbe9-400c-9ec5-29e08f70a0cd', 'ae976e0b-9664-43e6-800d-8107e6203c8d', '12e9922b-c339-4b3a-a143-2e2bc8b3efc5', '02452780-74eb-49d0-9a35-7da9736a246f', '8da52607-9e41-41e4-8d5d-c4d10f653168', '2972e5b2-68fd-44e8-a1a6-650512f737c5', '2025-05-19 03:42:30.294729+00', 276.0000, '2025-05-18 22:42:30.311597+00', '2025-05-18 22:42:30.311597+00');
INSERT INTO public.sales VALUES ('dee3f3ec-d821-4de9-afb1-0ab49793d531', '964523ef-6701-4256-925e-315de633cc76', 'faf2486a-d529-44bd-807f-f1848883a85a', '02452780-74eb-49d0-9a35-7da9736a246f', '8da52607-9e41-41e4-8d5d-c4d10f653168', '2972e5b2-68fd-44e8-a1a6-650512f737c5', '2025-05-19 03:42:32.337625+00', 276.0000, '2025-05-18 22:42:32.340865+00', '2025-05-18 22:42:32.340865+00');
INSERT INTO public.sales VALUES ('3a332ed1-1a69-4026-81e2-aea6996f4acc', '964523ef-6701-4256-925e-315de633cc76', 'faf2486a-d529-44bd-807f-f1848883a85a', '02452780-74eb-49d0-9a35-7da9736a246f', '8da52607-9e41-41e4-8d5d-c4d10f653168', '2972e5b2-68fd-44e8-a1a6-650512f737c5', '2025-05-19 03:42:32.337663+00', 276.0000, '2025-05-18 22:42:32.344352+00', '2025-05-18 22:42:32.344352+00');
INSERT INTO public.sales VALUES ('1f75d18d-faae-48dc-abf8-c9f768ad0f35', 'bf93c26d-cbd6-4d51-a350-461fc6e90cfa', 'b90a8126-fde0-421c-a073-eb730b4ff3d3', '02452780-74eb-49d0-9a35-7da9736a246f', '8da52607-9e41-41e4-8d5d-c4d10f653168', '2972e5b2-68fd-44e8-a1a6-650512f737c5', '2025-05-19 03:42:38.078823+00', 276.0000, '2025-05-18 22:42:38.09075+00', '2025-05-18 22:42:38.09075+00');
INSERT INTO public.sales VALUES ('77e44f14-5f86-48ef-b117-d0a7162d7312', '7c84c813-196b-4872-b24c-efa7fbedff69', '0434b626-fc8f-4184-bda0-93d4915026fd', '02452780-74eb-49d0-9a35-7da9736a246f', '8da52607-9e41-41e4-8d5d-c4d10f653168', '2972e5b2-68fd-44e8-a1a6-650512f737c5', '2025-05-19 03:42:30.953756+00', 276.0000, '2025-05-18 22:42:30.963814+00', '2025-05-18 22:42:30.963814+00');
INSERT INTO public.sales VALUES ('87c43040-bf48-4357-a72a-a9e23572bff1', '345cf336-054e-4dc6-bdb8-15ed196e3663', 'bff34551-16a9-4592-9e75-9a96c1f3aa9b', '02452780-74eb-49d0-9a35-7da9736a246f', '8da52607-9e41-41e4-8d5d-c4d10f653168', '2972e5b2-68fd-44e8-a1a6-650512f737c5', '2025-05-19 03:42:37.295932+00', 276.0000, '2025-05-18 22:42:37.301182+00', '2025-05-18 22:42:37.301182+00');
INSERT INTO public.sales VALUES ('11f8d4ee-94a2-411a-8d85-398d1b069edd', '345cf336-054e-4dc6-bdb8-15ed196e3663', 'bff34551-16a9-4592-9e75-9a96c1f3aa9b', '02452780-74eb-49d0-9a35-7da9736a246f', '8da52607-9e41-41e4-8d5d-c4d10f653168', '2972e5b2-68fd-44e8-a1a6-650512f737c5', '2025-05-19 03:42:37.295966+00', 276.0000, '2025-05-18 22:42:37.304643+00', '2025-05-18 22:42:37.304643+00');
INSERT INTO public.sales VALUES ('371036f5-1f94-4222-9f45-db9824978cbf', '7c84c813-196b-4872-b24c-efa7fbedff69', '0434b626-fc8f-4184-bda0-93d4915026fd', '02452780-74eb-49d0-9a35-7da9736a246f', '8da52607-9e41-41e4-8d5d-c4d10f653168', '2972e5b2-68fd-44e8-a1a6-650512f737c5', '2025-05-19 03:42:30.953903+00', 276.0000, '2025-05-18 22:42:30.969002+00', '2025-05-18 22:42:30.969002+00');
INSERT INTO public.sales VALUES ('ec5186be-d983-4b07-a60a-5c857de86d5e', 'df296e93-13d9-4045-a890-82a646db096a', 'cd1d2bd3-6161-4d8d-9649-eee824d71d3f', '02452780-74eb-49d0-9a35-7da9736a246f', '8da52607-9e41-41e4-8d5d-c4d10f653168', '2972e5b2-68fd-44e8-a1a6-650512f737c5', '2025-05-19 03:42:31.665095+00', 276.0000, '2025-05-18 22:42:31.668108+00', '2025-05-18 22:42:31.668108+00');
INSERT INTO public.sales VALUES ('15d0309d-9bf8-4944-b809-02532c6f80fe', 'df296e93-13d9-4045-a890-82a646db096a', 'cd1d2bd3-6161-4d8d-9649-eee824d71d3f', '02452780-74eb-49d0-9a35-7da9736a246f', '8da52607-9e41-41e4-8d5d-c4d10f653168', '2972e5b2-68fd-44e8-a1a6-650512f737c5', '2025-05-19 03:42:31.665128+00', 276.0000, '2025-05-18 22:42:31.671783+00', '2025-05-18 22:42:31.671783+00');
INSERT INTO public.sales VALUES ('71b7b2d5-2312-4bfa-8ee0-89b0382cc193', 'bf93c26d-cbd6-4d51-a350-461fc6e90cfa', 'b90a8126-fde0-421c-a073-eb730b4ff3d3', '02452780-74eb-49d0-9a35-7da9736a246f', '8da52607-9e41-41e4-8d5d-c4d10f653168', '2972e5b2-68fd-44e8-a1a6-650512f737c5', '2025-05-19 03:42:38.078786+00', 276.0000, '2025-05-18 22:42:38.085015+00', '2025-05-18 22:42:38.085015+00');
INSERT INTO public.sales VALUES ('9e9025bc-93b7-472f-b78f-60fdeee8d9d4', 'e1685ab8-eb20-4a77-af5c-c31d8c47b6f4', '197472a1-6087-4728-b4ec-9f20684279ae', '02452780-74eb-49d0-9a35-7da9736a246f', '8da52607-9e41-41e4-8d5d-c4d10f653168', '2972e5b2-68fd-44e8-a1a6-650512f737c5', '2025-05-19 04:11:08.528539+00', 276.0000, '2025-05-18 23:11:09.548366+00', '2025-05-18 23:11:09.548366+00');
INSERT INTO public.sales VALUES ('2f9a7696-1bf8-4402-931d-5915b98ab18d', 'e1685ab8-eb20-4a77-af5c-c31d8c47b6f4', '197472a1-6087-4728-b4ec-9f20684279ae', '02452780-74eb-49d0-9a35-7da9736a246f', '8da52607-9e41-41e4-8d5d-c4d10f653168', '2972e5b2-68fd-44e8-a1a6-650512f737c5', '2025-05-19 04:11:08.528612+00', 276.0000, '2025-05-18 23:11:09.563724+00', '2025-05-18 23:11:09.563724+00');
INSERT INTO public.sales VALUES ('547df514-7659-4772-8320-c7c57ad1dd5e', 'e1685ab8-eb20-4a77-af5c-c31d8c47b6f4', '197472a1-6087-4728-b4ec-9f20684279ae', '2213884b-e6f2-4a33-abd1-6e4771c468d7', '8da52607-9e41-41e4-8d5d-c4d10f653168', '2972e5b2-68fd-44e8-a1a6-650512f737c5', '2025-05-19 04:11:08.530364+00', 564.0000, '2025-05-18 23:11:09.568158+00', '2025-05-18 23:11:09.568158+00');
INSERT INTO public.sales VALUES ('3b315709-a8c7-47b5-a73d-a921064abe57', 'e1685ab8-eb20-4a77-af5c-c31d8c47b6f4', '197472a1-6087-4728-b4ec-9f20684279ae', '2213884b-e6f2-4a33-abd1-6e4771c468d7', '8da52607-9e41-41e4-8d5d-c4d10f653168', '2972e5b2-68fd-44e8-a1a6-650512f737c5', '2025-05-19 04:11:08.530421+00', 564.0000, '2025-05-18 23:11:09.575268+00', '2025-05-18 23:11:09.575268+00');
INSERT INTO public.sales VALUES ('7b3219cb-52ab-4dd8-843d-596648705f68', 'e1685ab8-eb20-4a77-af5c-c31d8c47b6f4', '197472a1-6087-4728-b4ec-9f20684279ae', '2213884b-e6f2-4a33-abd1-6e4771c468d7', '8da52607-9e41-41e4-8d5d-c4d10f653168', '2972e5b2-68fd-44e8-a1a6-650512f737c5', '2025-05-19 04:11:08.530443+00', 564.0000, '2025-05-18 23:11:09.580166+00', '2025-05-18 23:11:09.580166+00');
INSERT INTO public.sales VALUES ('91d244e3-51f5-4d61-8ceb-d8da4f497d08', 'e1685ab8-eb20-4a77-af5c-c31d8c47b6f4', '197472a1-6087-4728-b4ec-9f20684279ae', '2213884b-e6f2-4a33-abd1-6e4771c468d7', '8da52607-9e41-41e4-8d5d-c4d10f653168', '2972e5b2-68fd-44e8-a1a6-650512f737c5', '2025-05-19 04:11:08.53046+00', 564.0000, '2025-05-18 23:11:09.583723+00', '2025-05-18 23:11:09.583723+00');
INSERT INTO public.sales VALUES ('858bf601-b550-4385-a572-28ff223b0385', 'e1685ab8-eb20-4a77-af5c-c31d8c47b6f4', '197472a1-6087-4728-b4ec-9f20684279ae', '2213884b-e6f2-4a33-abd1-6e4771c468d7', '8da52607-9e41-41e4-8d5d-c4d10f653168', '2972e5b2-68fd-44e8-a1a6-650512f737c5', '2025-05-19 04:11:08.530477+00', 564.0000, '2025-05-18 23:11:09.586282+00', '2025-05-18 23:11:09.586282+00');
INSERT INTO public.sales VALUES ('eb5e34d6-eb95-448c-b778-6f67c94bffc4', 'e1685ab8-eb20-4a77-af5c-c31d8c47b6f4', '197472a1-6087-4728-b4ec-9f20684279ae', '2213884b-e6f2-4a33-abd1-6e4771c468d7', '8da52607-9e41-41e4-8d5d-c4d10f653168', '2972e5b2-68fd-44e8-a1a6-650512f737c5', '2025-05-19 04:11:08.530492+00', 564.0000, '2025-05-18 23:11:09.589193+00', '2025-05-18 23:11:09.589193+00');
INSERT INTO public.sales VALUES ('71f069ac-88ad-40dc-a108-ae483c2a0cca', 'e1685ab8-eb20-4a77-af5c-c31d8c47b6f4', '197472a1-6087-4728-b4ec-9f20684279ae', '2213884b-e6f2-4a33-abd1-6e4771c468d7', '8da52607-9e41-41e4-8d5d-c4d10f653168', '2972e5b2-68fd-44e8-a1a6-650512f737c5', '2025-05-19 04:11:08.53051+00', 564.0000, '2025-05-18 23:11:09.593195+00', '2025-05-18 23:11:09.593195+00');
INSERT INTO public.sales VALUES ('7f23cd63-304a-42b3-9299-1b4c133ab54d', 'e1685ab8-eb20-4a77-af5c-c31d8c47b6f4', '197472a1-6087-4728-b4ec-9f20684279ae', '2213884b-e6f2-4a33-abd1-6e4771c468d7', '8da52607-9e41-41e4-8d5d-c4d10f653168', '2972e5b2-68fd-44e8-a1a6-650512f737c5', '2025-05-19 04:11:08.530526+00', 564.0000, '2025-05-18 23:11:09.596041+00', '2025-05-18 23:11:09.596041+00');
INSERT INTO public.sales VALUES ('537c31bb-21c4-44c5-89d0-e281b38698eb', 'e1685ab8-eb20-4a77-af5c-c31d8c47b6f4', '197472a1-6087-4728-b4ec-9f20684279ae', '2213884b-e6f2-4a33-abd1-6e4771c468d7', '8da52607-9e41-41e4-8d5d-c4d10f653168', '2972e5b2-68fd-44e8-a1a6-650512f737c5', '2025-05-19 04:11:08.530541+00', 564.0000, '2025-05-18 23:11:09.598219+00', '2025-05-18 23:11:09.598219+00');
INSERT INTO public.sales VALUES ('97dc0b74-b05f-4d35-8a03-a449901d666e', 'e1685ab8-eb20-4a77-af5c-c31d8c47b6f4', '197472a1-6087-4728-b4ec-9f20684279ae', '2213884b-e6f2-4a33-abd1-6e4771c468d7', '8da52607-9e41-41e4-8d5d-c4d10f653168', '2972e5b2-68fd-44e8-a1a6-650512f737c5', '2025-05-19 04:11:08.530559+00', 564.0000, '2025-05-18 23:11:09.600285+00', '2025-05-18 23:11:09.600285+00');
INSERT INTO public.sales VALUES ('d169955c-9f80-444c-85bf-23ce93c551a6', '37c08600-f635-4906-a19d-497990df0ac1', 'bae0b7b0-53b1-4df3-a274-67a224ad0223', '02452780-74eb-49d0-9a35-7da9736a246f', '8da52607-9e41-41e4-8d5d-c4d10f653168', '2972e5b2-68fd-44e8-a1a6-650512f737c5', '2025-05-19 04:11:15.505219+00', 276.0000, '2025-05-18 23:11:15.520245+00', '2025-05-18 23:11:15.520245+00');
INSERT INTO public.sales VALUES ('c42fdff7-9c7a-4d94-88d7-d23d367fc704', '37c08600-f635-4906-a19d-497990df0ac1', 'bae0b7b0-53b1-4df3-a274-67a224ad0223', '02452780-74eb-49d0-9a35-7da9736a246f', '8da52607-9e41-41e4-8d5d-c4d10f653168', '2972e5b2-68fd-44e8-a1a6-650512f737c5', '2025-05-19 04:11:15.505257+00', 276.0000, '2025-05-18 23:11:15.525166+00', '2025-05-18 23:11:15.525166+00');
INSERT INTO public.sales VALUES ('9627af46-71b6-4959-8dc3-7575fbd6a743', '37c08600-f635-4906-a19d-497990df0ac1', 'bae0b7b0-53b1-4df3-a274-67a224ad0223', '2213884b-e6f2-4a33-abd1-6e4771c468d7', '8da52607-9e41-41e4-8d5d-c4d10f653168', '2972e5b2-68fd-44e8-a1a6-650512f737c5', '2025-05-19 04:11:15.506315+00', 564.0000, '2025-05-18 23:11:15.526946+00', '2025-05-18 23:11:15.526946+00');
INSERT INTO public.sales VALUES ('602e9ec1-29d1-4334-bde1-650f36cd80e2', '37c08600-f635-4906-a19d-497990df0ac1', 'bae0b7b0-53b1-4df3-a274-67a224ad0223', '2213884b-e6f2-4a33-abd1-6e4771c468d7', '8da52607-9e41-41e4-8d5d-c4d10f653168', '2972e5b2-68fd-44e8-a1a6-650512f737c5', '2025-05-19 04:11:15.506345+00', 564.0000, '2025-05-18 23:11:15.528496+00', '2025-05-18 23:11:15.528496+00');
INSERT INTO public.sales VALUES ('366fec9b-aa89-4c7f-9baa-2b25002f13d3', '37c08600-f635-4906-a19d-497990df0ac1', 'bae0b7b0-53b1-4df3-a274-67a224ad0223', '2213884b-e6f2-4a33-abd1-6e4771c468d7', '8da52607-9e41-41e4-8d5d-c4d10f653168', '2972e5b2-68fd-44e8-a1a6-650512f737c5', '2025-05-19 04:11:15.506356+00', 564.0000, '2025-05-18 23:11:15.531417+00', '2025-05-18 23:11:15.531417+00');
INSERT INTO public.sales VALUES ('5f8ed709-2a8e-4e92-b802-cfd1af35dd86', '37c08600-f635-4906-a19d-497990df0ac1', 'bae0b7b0-53b1-4df3-a274-67a224ad0223', '2213884b-e6f2-4a33-abd1-6e4771c468d7', '8da52607-9e41-41e4-8d5d-c4d10f653168', '2972e5b2-68fd-44e8-a1a6-650512f737c5', '2025-05-19 04:11:15.506364+00', 564.0000, '2025-05-18 23:11:15.533066+00', '2025-05-18 23:11:15.533066+00');
INSERT INTO public.sales VALUES ('0edf6fe9-0225-44e2-8666-51e4e1feb0a8', '37c08600-f635-4906-a19d-497990df0ac1', 'bae0b7b0-53b1-4df3-a274-67a224ad0223', '2213884b-e6f2-4a33-abd1-6e4771c468d7', '8da52607-9e41-41e4-8d5d-c4d10f653168', '2972e5b2-68fd-44e8-a1a6-650512f737c5', '2025-05-19 04:11:15.50637+00', 564.0000, '2025-05-18 23:11:15.535736+00', '2025-05-18 23:11:15.535736+00');
INSERT INTO public.sales VALUES ('e58615e3-8f2d-4ab7-a94a-51e4eaaf72c6', '37c08600-f635-4906-a19d-497990df0ac1', 'bae0b7b0-53b1-4df3-a274-67a224ad0223', '2213884b-e6f2-4a33-abd1-6e4771c468d7', '8da52607-9e41-41e4-8d5d-c4d10f653168', '2972e5b2-68fd-44e8-a1a6-650512f737c5', '2025-05-19 04:11:15.506377+00', 564.0000, '2025-05-18 23:11:15.537304+00', '2025-05-18 23:11:15.537304+00');
INSERT INTO public.sales VALUES ('cd55192a-6957-47a3-a82d-e3667052ead3', '37c08600-f635-4906-a19d-497990df0ac1', 'bae0b7b0-53b1-4df3-a274-67a224ad0223', '2213884b-e6f2-4a33-abd1-6e4771c468d7', '8da52607-9e41-41e4-8d5d-c4d10f653168', '2972e5b2-68fd-44e8-a1a6-650512f737c5', '2025-05-19 04:11:15.506384+00', 564.0000, '2025-05-18 23:11:15.539401+00', '2025-05-18 23:11:15.539401+00');
INSERT INTO public.sales VALUES ('6ca4b6b3-ca0a-4f9a-bd88-5d1ce387dbe1', '37c08600-f635-4906-a19d-497990df0ac1', 'bae0b7b0-53b1-4df3-a274-67a224ad0223', '2213884b-e6f2-4a33-abd1-6e4771c468d7', '8da52607-9e41-41e4-8d5d-c4d10f653168', '2972e5b2-68fd-44e8-a1a6-650512f737c5', '2025-05-19 04:11:15.506391+00', 564.0000, '2025-05-18 23:11:15.541249+00', '2025-05-18 23:11:15.541249+00');
INSERT INTO public.sales VALUES ('6bfb3e85-d3d0-41b8-ba78-ce62e4426812', '37c08600-f635-4906-a19d-497990df0ac1', 'bae0b7b0-53b1-4df3-a274-67a224ad0223', '2213884b-e6f2-4a33-abd1-6e4771c468d7', '8da52607-9e41-41e4-8d5d-c4d10f653168', '2972e5b2-68fd-44e8-a1a6-650512f737c5', '2025-05-19 04:11:15.506397+00', 564.0000, '2025-05-18 23:11:15.542771+00', '2025-05-18 23:11:15.542771+00');
INSERT INTO public.sales VALUES ('a6c7fcf1-787e-4652-8a13-0471f9dad2b5', '37c08600-f635-4906-a19d-497990df0ac1', 'bae0b7b0-53b1-4df3-a274-67a224ad0223', '2213884b-e6f2-4a33-abd1-6e4771c468d7', '8da52607-9e41-41e4-8d5d-c4d10f653168', '2972e5b2-68fd-44e8-a1a6-650512f737c5', '2025-05-19 04:11:15.506404+00', 564.0000, '2025-05-18 23:11:15.544324+00', '2025-05-18 23:11:15.544324+00');
INSERT INTO public.sales VALUES ('b915cea9-3cbf-44b8-9dcb-cf83d10c0c0a', '70e7c6c2-6aa7-418c-befa-09bbaa843f73', '09b8646b-b631-41a7-b08a-052d1e58617a', '02452780-74eb-49d0-9a35-7da9736a246f', '8da52607-9e41-41e4-8d5d-c4d10f653168', '2972e5b2-68fd-44e8-a1a6-650512f737c5', '2025-05-19 04:11:16.676266+00', 276.0000, '2025-05-18 23:11:16.684012+00', '2025-05-18 23:11:16.684012+00');
INSERT INTO public.sales VALUES ('cdd5dd71-35f9-41ba-96fc-c4606033cbd0', '70e7c6c2-6aa7-418c-befa-09bbaa843f73', '09b8646b-b631-41a7-b08a-052d1e58617a', '02452780-74eb-49d0-9a35-7da9736a246f', '8da52607-9e41-41e4-8d5d-c4d10f653168', '2972e5b2-68fd-44e8-a1a6-650512f737c5', '2025-05-19 04:11:16.676333+00', 276.0000, '2025-05-18 23:11:16.689562+00', '2025-05-18 23:11:16.689562+00');
INSERT INTO public.sales VALUES ('25cc1a80-aacd-4dd0-b452-70f42224735a', '70e7c6c2-6aa7-418c-befa-09bbaa843f73', '09b8646b-b631-41a7-b08a-052d1e58617a', '2213884b-e6f2-4a33-abd1-6e4771c468d7', '8da52607-9e41-41e4-8d5d-c4d10f653168', '2972e5b2-68fd-44e8-a1a6-650512f737c5', '2025-05-19 04:11:16.677488+00', 564.0000, '2025-05-18 23:11:16.692451+00', '2025-05-18 23:11:16.692451+00');
INSERT INTO public.sales VALUES ('5aef7ba8-032c-4c46-a339-b0082539dc25', '70e7c6c2-6aa7-418c-befa-09bbaa843f73', '09b8646b-b631-41a7-b08a-052d1e58617a', '2213884b-e6f2-4a33-abd1-6e4771c468d7', '8da52607-9e41-41e4-8d5d-c4d10f653168', '2972e5b2-68fd-44e8-a1a6-650512f737c5', '2025-05-19 04:11:16.677544+00', 564.0000, '2025-05-18 23:11:16.696356+00', '2025-05-18 23:11:16.696356+00');
INSERT INTO public.sales VALUES ('2dcd19d8-7f10-445c-888a-fbd9380e2972', '70e7c6c2-6aa7-418c-befa-09bbaa843f73', '09b8646b-b631-41a7-b08a-052d1e58617a', '2213884b-e6f2-4a33-abd1-6e4771c468d7', '8da52607-9e41-41e4-8d5d-c4d10f653168', '2972e5b2-68fd-44e8-a1a6-650512f737c5', '2025-05-19 04:11:16.677606+00', 564.0000, '2025-05-18 23:11:16.698465+00', '2025-05-18 23:11:16.698465+00');
INSERT INTO public.sales VALUES ('ce0c5222-cabb-44b8-b35d-d5141683e95c', '70e7c6c2-6aa7-418c-befa-09bbaa843f73', '09b8646b-b631-41a7-b08a-052d1e58617a', '2213884b-e6f2-4a33-abd1-6e4771c468d7', '8da52607-9e41-41e4-8d5d-c4d10f653168', '2972e5b2-68fd-44e8-a1a6-650512f737c5', '2025-05-19 04:11:16.677635+00', 564.0000, '2025-05-18 23:11:16.700299+00', '2025-05-18 23:11:16.700299+00');
INSERT INTO public.sales VALUES ('54e6096c-a3e6-4a80-88ed-9bd22d44d925', '70e7c6c2-6aa7-418c-befa-09bbaa843f73', '09b8646b-b631-41a7-b08a-052d1e58617a', '2213884b-e6f2-4a33-abd1-6e4771c468d7', '8da52607-9e41-41e4-8d5d-c4d10f653168', '2972e5b2-68fd-44e8-a1a6-650512f737c5', '2025-05-19 04:11:16.677653+00', 564.0000, '2025-05-18 23:11:16.701822+00', '2025-05-18 23:11:16.701822+00');
INSERT INTO public.sales VALUES ('e008ffb5-9baa-4760-bc85-14862fdce06a', '70e7c6c2-6aa7-418c-befa-09bbaa843f73', '09b8646b-b631-41a7-b08a-052d1e58617a', '2213884b-e6f2-4a33-abd1-6e4771c468d7', '8da52607-9e41-41e4-8d5d-c4d10f653168', '2972e5b2-68fd-44e8-a1a6-650512f737c5', '2025-05-19 04:11:16.67767+00', 564.0000, '2025-05-18 23:11:16.703029+00', '2025-05-18 23:11:16.703029+00');
INSERT INTO public.sales VALUES ('be080d0a-2ecb-4f59-a568-ddf0668dc38f', '70e7c6c2-6aa7-418c-befa-09bbaa843f73', '09b8646b-b631-41a7-b08a-052d1e58617a', '2213884b-e6f2-4a33-abd1-6e4771c468d7', '8da52607-9e41-41e4-8d5d-c4d10f653168', '2972e5b2-68fd-44e8-a1a6-650512f737c5', '2025-05-19 04:11:16.677687+00', 564.0000, '2025-05-18 23:11:16.709622+00', '2025-05-18 23:11:16.709622+00');
INSERT INTO public.sales VALUES ('d0402ac9-263c-450a-a9a4-58201671d66b', '70e7c6c2-6aa7-418c-befa-09bbaa843f73', '09b8646b-b631-41a7-b08a-052d1e58617a', '2213884b-e6f2-4a33-abd1-6e4771c468d7', '8da52607-9e41-41e4-8d5d-c4d10f653168', '2972e5b2-68fd-44e8-a1a6-650512f737c5', '2025-05-19 04:11:16.677702+00', 564.0000, '2025-05-18 23:11:16.716547+00', '2025-05-18 23:11:16.716547+00');
INSERT INTO public.sales VALUES ('9e6a8daf-f663-4e75-af47-9fd857ba2a0a', '70e7c6c2-6aa7-418c-befa-09bbaa843f73', '09b8646b-b631-41a7-b08a-052d1e58617a', '2213884b-e6f2-4a33-abd1-6e4771c468d7', '8da52607-9e41-41e4-8d5d-c4d10f653168', '2972e5b2-68fd-44e8-a1a6-650512f737c5', '2025-05-19 04:11:16.677717+00', 564.0000, '2025-05-18 23:11:16.723122+00', '2025-05-18 23:11:16.723122+00');
INSERT INTO public.sales VALUES ('08646fab-a9b7-48a6-a578-cd1148d123c5', '70e7c6c2-6aa7-418c-befa-09bbaa843f73', '09b8646b-b631-41a7-b08a-052d1e58617a', '2213884b-e6f2-4a33-abd1-6e4771c468d7', '8da52607-9e41-41e4-8d5d-c4d10f653168', '2972e5b2-68fd-44e8-a1a6-650512f737c5', '2025-05-19 04:11:16.677732+00', 564.0000, '2025-05-18 23:11:16.729314+00', '2025-05-18 23:11:16.729314+00');
INSERT INTO public.sales VALUES ('fa14fec2-a964-4c3d-868e-3f9591614899', 'f4987e4a-4f46-47a2-8f72-959adb68fd24', '1023a274-6d31-4bd4-8789-db4aec8bafae', '02452780-74eb-49d0-9a35-7da9736a246f', '8da52607-9e41-41e4-8d5d-c4d10f653168', '2972e5b2-68fd-44e8-a1a6-650512f737c5', '2025-05-19 04:11:17.440807+00', 276.0000, '2025-05-18 23:11:17.445647+00', '2025-05-18 23:11:17.445647+00');
INSERT INTO public.sales VALUES ('ad8261a2-4074-4308-bde1-7f29b112d81d', 'f4987e4a-4f46-47a2-8f72-959adb68fd24', '1023a274-6d31-4bd4-8789-db4aec8bafae', '02452780-74eb-49d0-9a35-7da9736a246f', '8da52607-9e41-41e4-8d5d-c4d10f653168', '2972e5b2-68fd-44e8-a1a6-650512f737c5', '2025-05-19 04:11:17.440853+00', 276.0000, '2025-05-18 23:11:17.450245+00', '2025-05-18 23:11:17.450245+00');
INSERT INTO public.sales VALUES ('6cf4144f-6492-4636-b764-41ae356ae3a3', 'f4987e4a-4f46-47a2-8f72-959adb68fd24', '1023a274-6d31-4bd4-8789-db4aec8bafae', '2213884b-e6f2-4a33-abd1-6e4771c468d7', '8da52607-9e41-41e4-8d5d-c4d10f653168', '2972e5b2-68fd-44e8-a1a6-650512f737c5', '2025-05-19 04:11:17.44151+00', 564.0000, '2025-05-18 23:11:17.453582+00', '2025-05-18 23:11:17.453582+00');
INSERT INTO public.sales VALUES ('fc1e5c73-7db4-48f9-9afa-f34e7ff3d667', 'f4987e4a-4f46-47a2-8f72-959adb68fd24', '1023a274-6d31-4bd4-8789-db4aec8bafae', '2213884b-e6f2-4a33-abd1-6e4771c468d7', '8da52607-9e41-41e4-8d5d-c4d10f653168', '2972e5b2-68fd-44e8-a1a6-650512f737c5', '2025-05-19 04:11:17.441537+00', 564.0000, '2025-05-18 23:11:17.455018+00', '2025-05-18 23:11:17.455018+00');
INSERT INTO public.sales VALUES ('73316d85-7744-454e-b239-8865a93159ab', 'f4987e4a-4f46-47a2-8f72-959adb68fd24', '1023a274-6d31-4bd4-8789-db4aec8bafae', '2213884b-e6f2-4a33-abd1-6e4771c468d7', '8da52607-9e41-41e4-8d5d-c4d10f653168', '2972e5b2-68fd-44e8-a1a6-650512f737c5', '2025-05-19 04:11:17.44155+00', 564.0000, '2025-05-18 23:11:17.456789+00', '2025-05-18 23:11:17.456789+00');
INSERT INTO public.sales VALUES ('6912605c-4e5c-4da8-94ab-d02ae1eaf1b7', 'f4987e4a-4f46-47a2-8f72-959adb68fd24', '1023a274-6d31-4bd4-8789-db4aec8bafae', '2213884b-e6f2-4a33-abd1-6e4771c468d7', '8da52607-9e41-41e4-8d5d-c4d10f653168', '2972e5b2-68fd-44e8-a1a6-650512f737c5', '2025-05-19 04:11:17.441561+00', 564.0000, '2025-05-18 23:11:17.45976+00', '2025-05-18 23:11:17.45976+00');
INSERT INTO public.sales VALUES ('6dcf0587-f4f2-46b2-abb1-b7a0ad9e94bd', 'f4987e4a-4f46-47a2-8f72-959adb68fd24', '1023a274-6d31-4bd4-8789-db4aec8bafae', '2213884b-e6f2-4a33-abd1-6e4771c468d7', '8da52607-9e41-41e4-8d5d-c4d10f653168', '2972e5b2-68fd-44e8-a1a6-650512f737c5', '2025-05-19 04:11:17.44157+00', 564.0000, '2025-05-18 23:11:17.461137+00', '2025-05-18 23:11:17.461137+00');
INSERT INTO public.sales VALUES ('52b877aa-a8a9-4c2f-a83c-e0ae5c915ddb', 'f4987e4a-4f46-47a2-8f72-959adb68fd24', '1023a274-6d31-4bd4-8789-db4aec8bafae', '2213884b-e6f2-4a33-abd1-6e4771c468d7', '8da52607-9e41-41e4-8d5d-c4d10f653168', '2972e5b2-68fd-44e8-a1a6-650512f737c5', '2025-05-19 04:11:17.441578+00', 564.0000, '2025-05-18 23:11:17.46236+00', '2025-05-18 23:11:17.46236+00');
INSERT INTO public.sales VALUES ('193fbd99-baf6-497d-93bb-8c25afbaee30', 'f4987e4a-4f46-47a2-8f72-959adb68fd24', '1023a274-6d31-4bd4-8789-db4aec8bafae', '2213884b-e6f2-4a33-abd1-6e4771c468d7', '8da52607-9e41-41e4-8d5d-c4d10f653168', '2972e5b2-68fd-44e8-a1a6-650512f737c5', '2025-05-19 04:11:17.441587+00', 564.0000, '2025-05-18 23:11:17.463812+00', '2025-05-18 23:11:17.463812+00');
INSERT INTO public.sales VALUES ('85f6ee5a-ea97-44b4-9c0a-bbc59cecc38f', 'f4987e4a-4f46-47a2-8f72-959adb68fd24', '1023a274-6d31-4bd4-8789-db4aec8bafae', '2213884b-e6f2-4a33-abd1-6e4771c468d7', '8da52607-9e41-41e4-8d5d-c4d10f653168', '2972e5b2-68fd-44e8-a1a6-650512f737c5', '2025-05-19 04:11:17.441595+00', 564.0000, '2025-05-18 23:11:17.46534+00', '2025-05-18 23:11:17.46534+00');
INSERT INTO public.sales VALUES ('ce7a6045-8557-4a97-affe-40efb6fe29f2', 'f4987e4a-4f46-47a2-8f72-959adb68fd24', '1023a274-6d31-4bd4-8789-db4aec8bafae', '2213884b-e6f2-4a33-abd1-6e4771c468d7', '8da52607-9e41-41e4-8d5d-c4d10f653168', '2972e5b2-68fd-44e8-a1a6-650512f737c5', '2025-05-19 04:11:17.441603+00', 564.0000, '2025-05-18 23:11:17.466729+00', '2025-05-18 23:11:17.466729+00');
INSERT INTO public.sales VALUES ('f85f8c41-2382-44c5-8b7f-b77ce2a7854f', 'f4987e4a-4f46-47a2-8f72-959adb68fd24', '1023a274-6d31-4bd4-8789-db4aec8bafae', '2213884b-e6f2-4a33-abd1-6e4771c468d7', '8da52607-9e41-41e4-8d5d-c4d10f653168', '2972e5b2-68fd-44e8-a1a6-650512f737c5', '2025-05-19 04:11:17.441612+00', 564.0000, '2025-05-18 23:11:17.469316+00', '2025-05-18 23:11:17.469316+00');
INSERT INTO public.sales VALUES ('14728a54-4a35-4838-9892-6343d516ef06', 'eeb2669b-6158-46e2-91d6-6a2a8d6e413c', 'a772b226-4ec2-409e-a8a6-685e5d974002', '02452780-74eb-49d0-9a35-7da9736a246f', '8da52607-9e41-41e4-8d5d-c4d10f653168', '2972e5b2-68fd-44e8-a1a6-650512f737c5', '2025-05-19 04:11:18.136188+00', 276.0000, '2025-05-18 23:11:18.142995+00', '2025-05-18 23:11:18.142995+00');
INSERT INTO public.sales VALUES ('43a3bb46-3cb2-4682-8989-18916f52d66d', 'eeb2669b-6158-46e2-91d6-6a2a8d6e413c', 'a772b226-4ec2-409e-a8a6-685e5d974002', '02452780-74eb-49d0-9a35-7da9736a246f', '8da52607-9e41-41e4-8d5d-c4d10f653168', '2972e5b2-68fd-44e8-a1a6-650512f737c5', '2025-05-19 04:11:18.13622+00', 276.0000, '2025-05-18 23:11:18.149265+00', '2025-05-18 23:11:18.149265+00');
INSERT INTO public.sales VALUES ('63d98255-4a7b-427b-aaea-9249ab3c0dfd', 'eeb2669b-6158-46e2-91d6-6a2a8d6e413c', 'a772b226-4ec2-409e-a8a6-685e5d974002', '2213884b-e6f2-4a33-abd1-6e4771c468d7', '8da52607-9e41-41e4-8d5d-c4d10f653168', '2972e5b2-68fd-44e8-a1a6-650512f737c5', '2025-05-19 04:11:18.136924+00', 564.0000, '2025-05-18 23:11:18.152694+00', '2025-05-18 23:11:18.152694+00');
INSERT INTO public.sales VALUES ('52e1b461-c19a-4cdc-9b40-c6561a42ec6c', 'eeb2669b-6158-46e2-91d6-6a2a8d6e413c', 'a772b226-4ec2-409e-a8a6-685e5d974002', '2213884b-e6f2-4a33-abd1-6e4771c468d7', '8da52607-9e41-41e4-8d5d-c4d10f653168', '2972e5b2-68fd-44e8-a1a6-650512f737c5', '2025-05-19 04:11:18.136947+00', 564.0000, '2025-05-18 23:11:18.157478+00', '2025-05-18 23:11:18.157478+00');
INSERT INTO public.sales VALUES ('75722313-1c66-459b-85d5-a36e569cd065', 'eeb2669b-6158-46e2-91d6-6a2a8d6e413c', 'a772b226-4ec2-409e-a8a6-685e5d974002', '2213884b-e6f2-4a33-abd1-6e4771c468d7', '8da52607-9e41-41e4-8d5d-c4d10f653168', '2972e5b2-68fd-44e8-a1a6-650512f737c5', '2025-05-19 04:11:18.136961+00', 564.0000, '2025-05-18 23:11:18.160806+00', '2025-05-18 23:11:18.160806+00');
INSERT INTO public.sales VALUES ('a493c0b1-2524-40c0-b929-e8bd7c954f3a', 'eeb2669b-6158-46e2-91d6-6a2a8d6e413c', 'a772b226-4ec2-409e-a8a6-685e5d974002', '2213884b-e6f2-4a33-abd1-6e4771c468d7', '8da52607-9e41-41e4-8d5d-c4d10f653168', '2972e5b2-68fd-44e8-a1a6-650512f737c5', '2025-05-19 04:11:18.136981+00', 564.0000, '2025-05-18 23:11:18.167163+00', '2025-05-18 23:11:18.167163+00');
INSERT INTO public.sales VALUES ('836a6c14-0e05-4eaa-942e-8a61cb03f7d4', 'f4a488eb-06b8-4556-b2ed-b8b5e1250b81', 'b305aaea-c0db-4177-b198-b359e0717b10', '2213884b-e6f2-4a33-abd1-6e4771c468d7', '8da52607-9e41-41e4-8d5d-c4d10f653168', '2972e5b2-68fd-44e8-a1a6-650512f737c5', '2025-05-19 04:11:18.749833+00', 564.0000, '2025-05-18 23:11:18.768837+00', '2025-05-18 23:11:18.768837+00');
INSERT INTO public.sales VALUES ('988b6bd1-87ff-4ffb-bc4f-32e6b7aab8f9', 'f4a488eb-06b8-4556-b2ed-b8b5e1250b81', 'b305aaea-c0db-4177-b198-b359e0717b10', '2213884b-e6f2-4a33-abd1-6e4771c468d7', '8da52607-9e41-41e4-8d5d-c4d10f653168', '2972e5b2-68fd-44e8-a1a6-650512f737c5', '2025-05-19 04:11:18.749862+00', 564.0000, '2025-05-18 23:11:18.774666+00', '2025-05-18 23:11:18.774666+00');
INSERT INTO public.sales VALUES ('e1a3145d-4864-4a6f-ab21-66d11c22b5ec', 'f4a488eb-06b8-4556-b2ed-b8b5e1250b81', 'b305aaea-c0db-4177-b198-b359e0717b10', '2213884b-e6f2-4a33-abd1-6e4771c468d7', '8da52607-9e41-41e4-8d5d-c4d10f653168', '2972e5b2-68fd-44e8-a1a6-650512f737c5', '2025-05-19 04:11:18.749883+00', 564.0000, '2025-05-18 23:11:18.778367+00', '2025-05-18 23:11:18.778367+00');
INSERT INTO public.sales VALUES ('ecab6715-eeba-4614-b811-dd293af60712', 'f4a488eb-06b8-4556-b2ed-b8b5e1250b81', 'b305aaea-c0db-4177-b198-b359e0717b10', '2213884b-e6f2-4a33-abd1-6e4771c468d7', '8da52607-9e41-41e4-8d5d-c4d10f653168', '2972e5b2-68fd-44e8-a1a6-650512f737c5', '2025-05-19 04:11:18.749911+00', 564.0000, '2025-05-18 23:11:18.785007+00', '2025-05-18 23:11:18.785007+00');
INSERT INTO public.sales VALUES ('34ada4f3-97ca-417e-b81c-4576083a7ba3', 'd76bb8df-d412-48e7-b0c8-7b2c8b980b03', '4901a17a-6698-459b-9f35-df18968da4ed', '2213884b-e6f2-4a33-abd1-6e4771c468d7', '8da52607-9e41-41e4-8d5d-c4d10f653168', '2972e5b2-68fd-44e8-a1a6-650512f737c5', '2025-05-19 04:11:19.363716+00', 564.0000, '2025-05-18 23:11:19.392614+00', '2025-05-18 23:11:19.392614+00');
INSERT INTO public.sales VALUES ('f59be796-1ce4-4f83-96ed-7289461c750c', 'd76bb8df-d412-48e7-b0c8-7b2c8b980b03', '4901a17a-6698-459b-9f35-df18968da4ed', '2213884b-e6f2-4a33-abd1-6e4771c468d7', '8da52607-9e41-41e4-8d5d-c4d10f653168', '2972e5b2-68fd-44e8-a1a6-650512f737c5', '2025-05-19 04:11:19.363734+00', 564.0000, '2025-05-18 23:11:19.398569+00', '2025-05-18 23:11:19.398569+00');
INSERT INTO public.sales VALUES ('e0b3adae-26e1-400e-a5af-09421b352b10', '4a3e88a2-5dd5-4384-9073-659c9c599798', '01fe97d9-5ae4-4fb8-b840-ce135b74aea7', '2213884b-e6f2-4a33-abd1-6e4771c468d7', '8da52607-9e41-41e4-8d5d-c4d10f653168', '2972e5b2-68fd-44e8-a1a6-650512f737c5', '2025-05-19 04:11:20.035601+00', 564.0000, '2025-05-18 23:11:20.053218+00', '2025-05-18 23:11:20.053218+00');
INSERT INTO public.sales VALUES ('1f597eac-1673-47dc-96e1-35fe83e52f22', '4a3e88a2-5dd5-4384-9073-659c9c599798', '01fe97d9-5ae4-4fb8-b840-ce135b74aea7', '2213884b-e6f2-4a33-abd1-6e4771c468d7', '8da52607-9e41-41e4-8d5d-c4d10f653168', '2972e5b2-68fd-44e8-a1a6-650512f737c5', '2025-05-19 04:11:20.035625+00', 564.0000, '2025-05-18 23:11:20.058406+00', '2025-05-18 23:11:20.058406+00');
INSERT INTO public.sales VALUES ('651015ec-8da9-4fca-ace4-e2f9f338641d', '4a3e88a2-5dd5-4384-9073-659c9c599798', '01fe97d9-5ae4-4fb8-b840-ce135b74aea7', '2213884b-e6f2-4a33-abd1-6e4771c468d7', '8da52607-9e41-41e4-8d5d-c4d10f653168', '2972e5b2-68fd-44e8-a1a6-650512f737c5', '2025-05-19 04:11:20.035656+00', 564.0000, '2025-05-18 23:11:20.062939+00', '2025-05-18 23:11:20.062939+00');
INSERT INTO public.sales VALUES ('89ba4130-2fb9-4cc0-a82c-49c53a875d14', '4a3e88a2-5dd5-4384-9073-659c9c599798', '01fe97d9-5ae4-4fb8-b840-ce135b74aea7', '2213884b-e6f2-4a33-abd1-6e4771c468d7', '8da52607-9e41-41e4-8d5d-c4d10f653168', '2972e5b2-68fd-44e8-a1a6-650512f737c5', '2025-05-19 04:11:20.035687+00', 564.0000, '2025-05-18 23:11:20.068577+00', '2025-05-18 23:11:20.068577+00');
INSERT INTO public.sales VALUES ('3514c907-1d3f-47e9-be5f-820cf85de2bf', '31c489d6-39dd-495f-b7c0-20510ea20ef2', '416f5b85-f404-41c7-b9cc-7102816f29bf', '02452780-74eb-49d0-9a35-7da9736a246f', '8da52607-9e41-41e4-8d5d-c4d10f653168', '2972e5b2-68fd-44e8-a1a6-650512f737c5', '2025-05-19 04:11:20.618008+00', 276.0000, '2025-05-18 23:11:20.623422+00', '2025-05-18 23:11:20.623422+00');
INSERT INTO public.sales VALUES ('1446d89c-48e8-4b44-a4ef-f330c9e7506a', '31c489d6-39dd-495f-b7c0-20510ea20ef2', '416f5b85-f404-41c7-b9cc-7102816f29bf', '2213884b-e6f2-4a33-abd1-6e4771c468d7', '8da52607-9e41-41e4-8d5d-c4d10f653168', '2972e5b2-68fd-44e8-a1a6-650512f737c5', '2025-05-19 04:11:20.618874+00', 564.0000, '2025-05-18 23:11:20.635965+00', '2025-05-18 23:11:20.635965+00');
INSERT INTO public.sales VALUES ('1392ff84-a5bd-44f9-8744-19b8cb373fdb', '31c489d6-39dd-495f-b7c0-20510ea20ef2', '416f5b85-f404-41c7-b9cc-7102816f29bf', '2213884b-e6f2-4a33-abd1-6e4771c468d7', '8da52607-9e41-41e4-8d5d-c4d10f653168', '2972e5b2-68fd-44e8-a1a6-650512f737c5', '2025-05-19 04:11:20.618894+00', 564.0000, '2025-05-18 23:11:20.640472+00', '2025-05-18 23:11:20.640472+00');
INSERT INTO public.sales VALUES ('2aeddf3b-516e-4385-912a-1a697770f146', '31c489d6-39dd-495f-b7c0-20510ea20ef2', '416f5b85-f404-41c7-b9cc-7102816f29bf', '2213884b-e6f2-4a33-abd1-6e4771c468d7', '8da52607-9e41-41e4-8d5d-c4d10f653168', '2972e5b2-68fd-44e8-a1a6-650512f737c5', '2025-05-19 04:11:20.618917+00', 564.0000, '2025-05-18 23:11:20.646104+00', '2025-05-18 23:11:20.646104+00');
INSERT INTO public.sales VALUES ('472739e0-cd79-423d-83f8-230a77ae5eb9', '31c489d6-39dd-495f-b7c0-20510ea20ef2', '416f5b85-f404-41c7-b9cc-7102816f29bf', '2213884b-e6f2-4a33-abd1-6e4771c468d7', '8da52607-9e41-41e4-8d5d-c4d10f653168', '2972e5b2-68fd-44e8-a1a6-650512f737c5', '2025-05-19 04:11:20.61894+00', 564.0000, '2025-05-18 23:11:20.650842+00', '2025-05-18 23:11:20.650842+00');
INSERT INTO public.sales VALUES ('716db61e-0d39-4e9f-ac0c-214ede30be8e', '7852f050-e3ad-4da9-84ce-7bb4863506d9', '515b2dda-d600-4fd3-b3fc-b970cc0ee2c6', '02452780-74eb-49d0-9a35-7da9736a246f', '8da52607-9e41-41e4-8d5d-c4d10f653168', '2972e5b2-68fd-44e8-a1a6-650512f737c5', '2025-05-19 04:11:21.208298+00', 276.0000, '2025-05-18 23:11:21.213659+00', '2025-05-18 23:11:21.213659+00');
INSERT INTO public.sales VALUES ('b94fa226-91b8-461f-a5db-c517b2bb7cf7', '7852f050-e3ad-4da9-84ce-7bb4863506d9', '515b2dda-d600-4fd3-b3fc-b970cc0ee2c6', '02452780-74eb-49d0-9a35-7da9736a246f', '8da52607-9e41-41e4-8d5d-c4d10f653168', '2972e5b2-68fd-44e8-a1a6-650512f737c5', '2025-05-19 04:11:21.208333+00', 276.0000, '2025-05-18 23:11:21.218252+00', '2025-05-18 23:11:21.218252+00');
INSERT INTO public.sales VALUES ('60fb225d-2d5b-439c-a054-b6f3b1003b1d', '7852f050-e3ad-4da9-84ce-7bb4863506d9', '515b2dda-d600-4fd3-b3fc-b970cc0ee2c6', '2213884b-e6f2-4a33-abd1-6e4771c468d7', '8da52607-9e41-41e4-8d5d-c4d10f653168', '2972e5b2-68fd-44e8-a1a6-650512f737c5', '2025-05-19 04:11:21.208986+00', 564.0000, '2025-05-18 23:11:21.220738+00', '2025-05-18 23:11:21.220738+00');
INSERT INTO public.sales VALUES ('6780c0ec-45be-48af-83fb-25903e78f09d', '7852f050-e3ad-4da9-84ce-7bb4863506d9', '515b2dda-d600-4fd3-b3fc-b970cc0ee2c6', '2213884b-e6f2-4a33-abd1-6e4771c468d7', '8da52607-9e41-41e4-8d5d-c4d10f653168', '2972e5b2-68fd-44e8-a1a6-650512f737c5', '2025-05-19 04:11:21.209007+00', 564.0000, '2025-05-18 23:11:21.226971+00', '2025-05-18 23:11:21.226971+00');
INSERT INTO public.sales VALUES ('526ed49f-2866-4843-9be7-ffde59330ec5', '7852f050-e3ad-4da9-84ce-7bb4863506d9', '515b2dda-d600-4fd3-b3fc-b970cc0ee2c6', '2213884b-e6f2-4a33-abd1-6e4771c468d7', '8da52607-9e41-41e4-8d5d-c4d10f653168', '2972e5b2-68fd-44e8-a1a6-650512f737c5', '2025-05-19 04:11:21.20902+00', 564.0000, '2025-05-18 23:11:21.231585+00', '2025-05-18 23:11:21.231585+00');
INSERT INTO public.sales VALUES ('362c9494-8e04-48eb-a492-5c7e6093b01c', '7852f050-e3ad-4da9-84ce-7bb4863506d9', '515b2dda-d600-4fd3-b3fc-b970cc0ee2c6', '2213884b-e6f2-4a33-abd1-6e4771c468d7', '8da52607-9e41-41e4-8d5d-c4d10f653168', '2972e5b2-68fd-44e8-a1a6-650512f737c5', '2025-05-19 04:11:21.209037+00', 564.0000, '2025-05-18 23:11:21.2361+00', '2025-05-18 23:11:21.2361+00');
INSERT INTO public.sales VALUES ('7241d685-4b7f-4dc7-bfcc-966684107353', '2254d9c0-b5fe-4d47-b1f4-21dc6b0d1b12', '73be9779-c9c8-49c7-956c-f7201cc8bb56', '02452780-74eb-49d0-9a35-7da9736a246f', '8da52607-9e41-41e4-8d5d-c4d10f653168', '2972e5b2-68fd-44e8-a1a6-650512f737c5', '2025-05-19 04:11:21.820326+00', 276.0000, '2025-05-18 23:11:21.829186+00', '2025-05-18 23:11:21.829186+00');
INSERT INTO public.sales VALUES ('14a63f52-931d-4733-976c-19672c51c9e4', '2254d9c0-b5fe-4d47-b1f4-21dc6b0d1b12', '73be9779-c9c8-49c7-956c-f7201cc8bb56', '02452780-74eb-49d0-9a35-7da9736a246f', '8da52607-9e41-41e4-8d5d-c4d10f653168', '2972e5b2-68fd-44e8-a1a6-650512f737c5', '2025-05-19 04:11:21.820405+00', 276.0000, '2025-05-18 23:11:21.833207+00', '2025-05-18 23:11:21.833207+00');
INSERT INTO public.sales VALUES ('8aef5c61-6c79-4ec3-bfbe-831ec25b4de0', '2254d9c0-b5fe-4d47-b1f4-21dc6b0d1b12', '73be9779-c9c8-49c7-956c-f7201cc8bb56', '2213884b-e6f2-4a33-abd1-6e4771c468d7', '8da52607-9e41-41e4-8d5d-c4d10f653168', '2972e5b2-68fd-44e8-a1a6-650512f737c5', '2025-05-19 04:11:21.821848+00', 564.0000, '2025-05-18 23:11:21.837375+00', '2025-05-18 23:11:21.837375+00');
INSERT INTO public.sales VALUES ('17fb5659-575b-4bfb-b674-624513054b7c', '2254d9c0-b5fe-4d47-b1f4-21dc6b0d1b12', '73be9779-c9c8-49c7-956c-f7201cc8bb56', '2213884b-e6f2-4a33-abd1-6e4771c468d7', '8da52607-9e41-41e4-8d5d-c4d10f653168', '2972e5b2-68fd-44e8-a1a6-650512f737c5', '2025-05-19 04:11:21.821932+00', 564.0000, '2025-05-18 23:11:21.840961+00', '2025-05-18 23:11:21.840961+00');
INSERT INTO public.sales VALUES ('650e0604-fff7-4c44-950c-1ffb1cb95d9e', '2254d9c0-b5fe-4d47-b1f4-21dc6b0d1b12', '73be9779-c9c8-49c7-956c-f7201cc8bb56', '2213884b-e6f2-4a33-abd1-6e4771c468d7', '8da52607-9e41-41e4-8d5d-c4d10f653168', '2972e5b2-68fd-44e8-a1a6-650512f737c5', '2025-05-19 04:11:21.821977+00', 564.0000, '2025-05-18 23:11:21.845347+00', '2025-05-18 23:11:21.845347+00');
INSERT INTO public.sales VALUES ('62b60671-1b57-4510-ae44-cdab1cc68a8b', '2254d9c0-b5fe-4d47-b1f4-21dc6b0d1b12', '73be9779-c9c8-49c7-956c-f7201cc8bb56', '2213884b-e6f2-4a33-abd1-6e4771c468d7', '8da52607-9e41-41e4-8d5d-c4d10f653168', '2972e5b2-68fd-44e8-a1a6-650512f737c5', '2025-05-19 04:11:21.822213+00', 564.0000, '2025-05-18 23:11:21.850286+00', '2025-05-18 23:11:21.850286+00');
INSERT INTO public.sales VALUES ('0797b9d3-bd2d-4581-b7a5-8a57997de42c', 'eeb2669b-6158-46e2-91d6-6a2a8d6e413c', 'a772b226-4ec2-409e-a8a6-685e5d974002', '2213884b-e6f2-4a33-abd1-6e4771c468d7', '8da52607-9e41-41e4-8d5d-c4d10f653168', '2972e5b2-68fd-44e8-a1a6-650512f737c5', '2025-05-19 04:11:18.136938+00', 564.0000, '2025-05-18 23:11:18.155565+00', '2025-05-18 23:11:18.155565+00');
INSERT INTO public.sales VALUES ('09d1c15d-bd9d-45b7-ab6e-90b83cc3c160', 'eeb2669b-6158-46e2-91d6-6a2a8d6e413c', 'a772b226-4ec2-409e-a8a6-685e5d974002', '2213884b-e6f2-4a33-abd1-6e4771c468d7', '8da52607-9e41-41e4-8d5d-c4d10f653168', '2972e5b2-68fd-44e8-a1a6-650512f737c5', '2025-05-19 04:11:18.136955+00', 564.0000, '2025-05-18 23:11:18.159245+00', '2025-05-18 23:11:18.159245+00');
INSERT INTO public.sales VALUES ('f65fb94d-a11f-4a01-b352-b72d213f566e', 'eeb2669b-6158-46e2-91d6-6a2a8d6e413c', 'a772b226-4ec2-409e-a8a6-685e5d974002', '2213884b-e6f2-4a33-abd1-6e4771c468d7', '8da52607-9e41-41e4-8d5d-c4d10f653168', '2972e5b2-68fd-44e8-a1a6-650512f737c5', '2025-05-19 04:11:18.136967+00', 564.0000, '2025-05-18 23:11:18.163847+00', '2025-05-18 23:11:18.163847+00');
INSERT INTO public.sales VALUES ('9ea0e578-199f-49c7-bd63-5c8cf1d75b9b', 'eeb2669b-6158-46e2-91d6-6a2a8d6e413c', 'a772b226-4ec2-409e-a8a6-685e5d974002', '2213884b-e6f2-4a33-abd1-6e4771c468d7', '8da52607-9e41-41e4-8d5d-c4d10f653168', '2972e5b2-68fd-44e8-a1a6-650512f737c5', '2025-05-19 04:11:18.136989+00', 564.0000, '2025-05-18 23:11:18.16847+00', '2025-05-18 23:11:18.16847+00');
INSERT INTO public.sales VALUES ('3e751898-7ab9-45b9-b436-e446616fb74e', 'f4a488eb-06b8-4556-b2ed-b8b5e1250b81', 'b305aaea-c0db-4177-b198-b359e0717b10', '2213884b-e6f2-4a33-abd1-6e4771c468d7', '8da52607-9e41-41e4-8d5d-c4d10f653168', '2972e5b2-68fd-44e8-a1a6-650512f737c5', '2025-05-19 04:11:18.749892+00', 564.0000, '2025-05-18 23:11:18.781279+00', '2025-05-18 23:11:18.781279+00');
INSERT INTO public.sales VALUES ('ae0c30d5-538d-470e-a8dd-ec61912d5edb', 'f4a488eb-06b8-4556-b2ed-b8b5e1250b81', 'b305aaea-c0db-4177-b198-b359e0717b10', '2213884b-e6f2-4a33-abd1-6e4771c468d7', '8da52607-9e41-41e4-8d5d-c4d10f653168', '2972e5b2-68fd-44e8-a1a6-650512f737c5', '2025-05-19 04:11:18.749921+00', 564.0000, '2025-05-18 23:11:18.786297+00', '2025-05-18 23:11:18.786297+00');
INSERT INTO public.sales VALUES ('4ca57b72-1d8b-48f2-b9c7-ede7fbfc349c', 'd76bb8df-d412-48e7-b0c8-7b2c8b980b03', '4901a17a-6698-459b-9f35-df18968da4ed', '02452780-74eb-49d0-9a35-7da9736a246f', '8da52607-9e41-41e4-8d5d-c4d10f653168', '2972e5b2-68fd-44e8-a1a6-650512f737c5', '2025-05-19 04:11:19.362665+00', 276.0000, '2025-05-18 23:11:19.368999+00', '2025-05-18 23:11:19.368999+00');
INSERT INTO public.sales VALUES ('c5824ab1-b751-48fc-bd8b-21bae7b6f732', 'd76bb8df-d412-48e7-b0c8-7b2c8b980b03', '4901a17a-6698-459b-9f35-df18968da4ed', '02452780-74eb-49d0-9a35-7da9736a246f', '8da52607-9e41-41e4-8d5d-c4d10f653168', '2972e5b2-68fd-44e8-a1a6-650512f737c5', '2025-05-19 04:11:19.362708+00', 276.0000, '2025-05-18 23:11:19.375243+00', '2025-05-18 23:11:19.375243+00');
INSERT INTO public.sales VALUES ('ce9de605-45a6-41f4-ad19-7c58b5452b5a', 'd76bb8df-d412-48e7-b0c8-7b2c8b980b03', '4901a17a-6698-459b-9f35-df18968da4ed', '2213884b-e6f2-4a33-abd1-6e4771c468d7', '8da52607-9e41-41e4-8d5d-c4d10f653168', '2972e5b2-68fd-44e8-a1a6-650512f737c5', '2025-05-19 04:11:19.36366+00', 564.0000, '2025-05-18 23:11:19.377635+00', '2025-05-18 23:11:19.377635+00');
INSERT INTO public.sales VALUES ('85414895-f097-4031-a996-b329a68545b3', 'd76bb8df-d412-48e7-b0c8-7b2c8b980b03', '4901a17a-6698-459b-9f35-df18968da4ed', '2213884b-e6f2-4a33-abd1-6e4771c468d7', '8da52607-9e41-41e4-8d5d-c4d10f653168', '2972e5b2-68fd-44e8-a1a6-650512f737c5', '2025-05-19 04:11:19.363687+00', 564.0000, '2025-05-18 23:11:19.383864+00', '2025-05-18 23:11:19.383864+00');
INSERT INTO public.sales VALUES ('28387a0d-7822-4ea5-b911-633e9b45e5c2', 'd76bb8df-d412-48e7-b0c8-7b2c8b980b03', '4901a17a-6698-459b-9f35-df18968da4ed', '2213884b-e6f2-4a33-abd1-6e4771c468d7', '8da52607-9e41-41e4-8d5d-c4d10f653168', '2972e5b2-68fd-44e8-a1a6-650512f737c5', '2025-05-19 04:11:19.363703+00', 564.0000, '2025-05-18 23:11:19.38756+00', '2025-05-18 23:11:19.38756+00');
INSERT INTO public.sales VALUES ('623a9431-f3c0-48e7-a5ea-910ed275c438', 'd76bb8df-d412-48e7-b0c8-7b2c8b980b03', '4901a17a-6698-459b-9f35-df18968da4ed', '2213884b-e6f2-4a33-abd1-6e4771c468d7', '8da52607-9e41-41e4-8d5d-c4d10f653168', '2972e5b2-68fd-44e8-a1a6-650512f737c5', '2025-05-19 04:11:19.363722+00', 564.0000, '2025-05-18 23:11:19.394154+00', '2025-05-18 23:11:19.394154+00');
INSERT INTO public.sales VALUES ('733c2e86-69bf-43da-b8b6-e743efcfae8e', '4a3e88a2-5dd5-4384-9073-659c9c599798', '01fe97d9-5ae4-4fb8-b840-ce135b74aea7', '02452780-74eb-49d0-9a35-7da9736a246f', '8da52607-9e41-41e4-8d5d-c4d10f653168', '2972e5b2-68fd-44e8-a1a6-650512f737c5', '2025-05-19 04:11:20.034465+00', 276.0000, '2025-05-18 23:11:20.042614+00', '2025-05-18 23:11:20.042614+00');
INSERT INTO public.sales VALUES ('63de558d-d8e9-49ad-a86c-856ef7f14e06', '4a3e88a2-5dd5-4384-9073-659c9c599798', '01fe97d9-5ae4-4fb8-b840-ce135b74aea7', '02452780-74eb-49d0-9a35-7da9736a246f', '8da52607-9e41-41e4-8d5d-c4d10f653168', '2972e5b2-68fd-44e8-a1a6-650512f737c5', '2025-05-19 04:11:20.034503+00', 276.0000, '2025-05-18 23:11:20.046596+00', '2025-05-18 23:11:20.046596+00');
INSERT INTO public.sales VALUES ('6e1935be-9d27-4255-998d-5e5b3ea4721e', '4a3e88a2-5dd5-4384-9073-659c9c599798', '01fe97d9-5ae4-4fb8-b840-ce135b74aea7', '2213884b-e6f2-4a33-abd1-6e4771c468d7', '8da52607-9e41-41e4-8d5d-c4d10f653168', '2972e5b2-68fd-44e8-a1a6-650512f737c5', '2025-05-19 04:11:20.035582+00', 564.0000, '2025-05-18 23:11:20.050641+00', '2025-05-18 23:11:20.050641+00');
INSERT INTO public.sales VALUES ('7189099c-f852-4639-a999-2d8ec2559dda', '4a3e88a2-5dd5-4384-9073-659c9c599798', '01fe97d9-5ae4-4fb8-b840-ce135b74aea7', '2213884b-e6f2-4a33-abd1-6e4771c468d7', '8da52607-9e41-41e4-8d5d-c4d10f653168', '2972e5b2-68fd-44e8-a1a6-650512f737c5', '2025-05-19 04:11:20.035615+00', 564.0000, '2025-05-18 23:11:20.056671+00', '2025-05-18 23:11:20.056671+00');
INSERT INTO public.sales VALUES ('8c1fed29-f39a-44da-a9cf-1fc7ff4b6b57', '4a3e88a2-5dd5-4384-9073-659c9c599798', '01fe97d9-5ae4-4fb8-b840-ce135b74aea7', '2213884b-e6f2-4a33-abd1-6e4771c468d7', '8da52607-9e41-41e4-8d5d-c4d10f653168', '2972e5b2-68fd-44e8-a1a6-650512f737c5', '2025-05-19 04:11:20.035636+00', 564.0000, '2025-05-18 23:11:20.059878+00', '2025-05-18 23:11:20.059878+00');
INSERT INTO public.sales VALUES ('91a0779f-b4b9-4a5c-8c2a-1835f9e9e368', '4a3e88a2-5dd5-4384-9073-659c9c599798', '01fe97d9-5ae4-4fb8-b840-ce135b74aea7', '2213884b-e6f2-4a33-abd1-6e4771c468d7', '8da52607-9e41-41e4-8d5d-c4d10f653168', '2972e5b2-68fd-44e8-a1a6-650512f737c5', '2025-05-19 04:11:20.035666+00', 564.0000, '2025-05-18 23:11:20.065655+00', '2025-05-18 23:11:20.065655+00');
INSERT INTO public.sales VALUES ('7079e95b-8fd5-41d6-9d29-f212411debc4', '31c489d6-39dd-495f-b7c0-20510ea20ef2', '416f5b85-f404-41c7-b9cc-7102816f29bf', '02452780-74eb-49d0-9a35-7da9736a246f', '8da52607-9e41-41e4-8d5d-c4d10f653168', '2972e5b2-68fd-44e8-a1a6-650512f737c5', '2025-05-19 04:11:20.618051+00', 276.0000, '2025-05-18 23:11:20.630751+00', '2025-05-18 23:11:20.630751+00');
INSERT INTO public.sales VALUES ('f91794f1-11ef-4e38-8c33-4cc0e30ca3ef', '31c489d6-39dd-495f-b7c0-20510ea20ef2', '416f5b85-f404-41c7-b9cc-7102816f29bf', '2213884b-e6f2-4a33-abd1-6e4771c468d7', '8da52607-9e41-41e4-8d5d-c4d10f653168', '2972e5b2-68fd-44e8-a1a6-650512f737c5', '2025-05-19 04:11:20.618846+00', 564.0000, '2025-05-18 23:11:20.63323+00', '2025-05-18 23:11:20.63323+00');
INSERT INTO public.sales VALUES ('074a3f1d-400e-4bbe-b68f-4609151ad45c', '31c489d6-39dd-495f-b7c0-20510ea20ef2', '416f5b85-f404-41c7-b9cc-7102816f29bf', '2213884b-e6f2-4a33-abd1-6e4771c468d7', '8da52607-9e41-41e4-8d5d-c4d10f653168', '2972e5b2-68fd-44e8-a1a6-650512f737c5', '2025-05-19 04:11:20.618885+00', 564.0000, '2025-05-18 23:11:20.637517+00', '2025-05-18 23:11:20.637517+00');
INSERT INTO public.sales VALUES ('7601221d-f471-45d3-993d-ecabb157c0bb', '31c489d6-39dd-495f-b7c0-20510ea20ef2', '416f5b85-f404-41c7-b9cc-7102816f29bf', '2213884b-e6f2-4a33-abd1-6e4771c468d7', '8da52607-9e41-41e4-8d5d-c4d10f653168', '2972e5b2-68fd-44e8-a1a6-650512f737c5', '2025-05-19 04:11:20.618902+00', 564.0000, '2025-05-18 23:11:20.641861+00', '2025-05-18 23:11:20.641861+00');
INSERT INTO public.sales VALUES ('5aaecfc2-9cf7-4238-85ae-372b7c172f10', '31c489d6-39dd-495f-b7c0-20510ea20ef2', '416f5b85-f404-41c7-b9cc-7102816f29bf', '2213884b-e6f2-4a33-abd1-6e4771c468d7', '8da52607-9e41-41e4-8d5d-c4d10f653168', '2972e5b2-68fd-44e8-a1a6-650512f737c5', '2025-05-19 04:11:20.618924+00', 564.0000, '2025-05-18 23:11:20.647916+00', '2025-05-18 23:11:20.647916+00');
INSERT INTO public.sales VALUES ('e3ad1ab5-41c0-445c-ac03-44af75491f1f', '7852f050-e3ad-4da9-84ce-7bb4863506d9', '515b2dda-d600-4fd3-b3fc-b970cc0ee2c6', '2213884b-e6f2-4a33-abd1-6e4771c468d7', '8da52607-9e41-41e4-8d5d-c4d10f653168', '2972e5b2-68fd-44e8-a1a6-650512f737c5', '2025-05-19 04:11:21.208999+00', 564.0000, '2025-05-18 23:11:21.223948+00', '2025-05-18 23:11:21.223948+00');
INSERT INTO public.sales VALUES ('13f01fc2-25e1-45ec-ad9e-e70f528c3bf1', '7852f050-e3ad-4da9-84ce-7bb4863506d9', '515b2dda-d600-4fd3-b3fc-b970cc0ee2c6', '2213884b-e6f2-4a33-abd1-6e4771c468d7', '8da52607-9e41-41e4-8d5d-c4d10f653168', '2972e5b2-68fd-44e8-a1a6-650512f737c5', '2025-05-19 04:11:21.209013+00', 564.0000, '2025-05-18 23:11:21.22862+00', '2025-05-18 23:11:21.22862+00');
INSERT INTO public.sales VALUES ('3c545c97-e4ec-4bcb-85e4-d47ad38a85e9', '7852f050-e3ad-4da9-84ce-7bb4863506d9', '515b2dda-d600-4fd3-b3fc-b970cc0ee2c6', '2213884b-e6f2-4a33-abd1-6e4771c468d7', '8da52607-9e41-41e4-8d5d-c4d10f653168', '2972e5b2-68fd-44e8-a1a6-650512f737c5', '2025-05-19 04:11:21.209025+00', 564.0000, '2025-05-18 23:11:21.233071+00', '2025-05-18 23:11:21.233071+00');
INSERT INTO public.sales VALUES ('197b2a45-6b66-4f74-b350-933d6f423dbb', '7852f050-e3ad-4da9-84ce-7bb4863506d9', '515b2dda-d600-4fd3-b3fc-b970cc0ee2c6', '2213884b-e6f2-4a33-abd1-6e4771c468d7', '8da52607-9e41-41e4-8d5d-c4d10f653168', '2972e5b2-68fd-44e8-a1a6-650512f737c5', '2025-05-19 04:11:21.209043+00', 564.0000, '2025-05-18 23:11:21.238325+00', '2025-05-18 23:11:21.238325+00');
INSERT INTO public.sales VALUES ('3eae81e8-0c63-4c7c-816e-45253b3e9bd9', '2254d9c0-b5fe-4d47-b1f4-21dc6b0d1b12', '73be9779-c9c8-49c7-956c-f7201cc8bb56', '2213884b-e6f2-4a33-abd1-6e4771c468d7', '8da52607-9e41-41e4-8d5d-c4d10f653168', '2972e5b2-68fd-44e8-a1a6-650512f737c5', '2025-05-19 04:11:21.822019+00', 564.0000, '2025-05-18 23:11:21.848575+00', '2025-05-18 23:11:21.848575+00');
INSERT INTO public.sales VALUES ('61106cd0-4a2c-41eb-841f-bc83b889a141', '2254d9c0-b5fe-4d47-b1f4-21dc6b0d1b12', '73be9779-c9c8-49c7-956c-f7201cc8bb56', '2213884b-e6f2-4a33-abd1-6e4771c468d7', '8da52607-9e41-41e4-8d5d-c4d10f653168', '2972e5b2-68fd-44e8-a1a6-650512f737c5', '2025-05-19 04:11:21.822337+00', 564.0000, '2025-05-18 23:11:21.854078+00', '2025-05-18 23:11:21.854078+00');
INSERT INTO public.sales VALUES ('a6da27cd-951b-4646-b318-0873505903c5', 'eeb2669b-6158-46e2-91d6-6a2a8d6e413c', 'a772b226-4ec2-409e-a8a6-685e5d974002', '2213884b-e6f2-4a33-abd1-6e4771c468d7', '8da52607-9e41-41e4-8d5d-c4d10f653168', '2972e5b2-68fd-44e8-a1a6-650512f737c5', '2025-05-19 04:11:18.136974+00', 564.0000, '2025-05-18 23:11:18.165536+00', '2025-05-18 23:11:18.165536+00');
INSERT INTO public.sales VALUES ('463f165a-8590-423b-b18c-d7b0bcd6d9ee', 'eeb2669b-6158-46e2-91d6-6a2a8d6e413c', 'a772b226-4ec2-409e-a8a6-685e5d974002', '2213884b-e6f2-4a33-abd1-6e4771c468d7', '8da52607-9e41-41e4-8d5d-c4d10f653168', '2972e5b2-68fd-44e8-a1a6-650512f737c5', '2025-05-19 04:11:18.136996+00', 564.0000, '2025-05-18 23:11:18.169735+00', '2025-05-18 23:11:18.169735+00');
INSERT INTO public.sales VALUES ('5b33238d-d85f-4192-985e-2f3a9b49b6fa', 'f4a488eb-06b8-4556-b2ed-b8b5e1250b81', 'b305aaea-c0db-4177-b198-b359e0717b10', '02452780-74eb-49d0-9a35-7da9736a246f', '8da52607-9e41-41e4-8d5d-c4d10f653168', '2972e5b2-68fd-44e8-a1a6-650512f737c5', '2025-05-19 04:11:18.748123+00', 276.0000, '2025-05-18 23:11:18.757717+00', '2025-05-18 23:11:18.757717+00');
INSERT INTO public.sales VALUES ('0c22d863-98e0-4372-b7a5-e5ad2b474b33', 'f4a488eb-06b8-4556-b2ed-b8b5e1250b81', 'b305aaea-c0db-4177-b198-b359e0717b10', '02452780-74eb-49d0-9a35-7da9736a246f', '8da52607-9e41-41e4-8d5d-c4d10f653168', '2972e5b2-68fd-44e8-a1a6-650512f737c5', '2025-05-19 04:11:18.748172+00', 276.0000, '2025-05-18 23:11:18.762394+00', '2025-05-18 23:11:18.762394+00');
INSERT INTO public.sales VALUES ('4be074f9-662a-495d-8a0e-141b81abce44', 'f4a488eb-06b8-4556-b2ed-b8b5e1250b81', 'b305aaea-c0db-4177-b198-b359e0717b10', '2213884b-e6f2-4a33-abd1-6e4771c468d7', '8da52607-9e41-41e4-8d5d-c4d10f653168', '2972e5b2-68fd-44e8-a1a6-650512f737c5', '2025-05-19 04:11:18.749806+00', 564.0000, '2025-05-18 23:11:18.767127+00', '2025-05-18 23:11:18.767127+00');
INSERT INTO public.sales VALUES ('b4de6ecf-d365-45da-93c0-f3480ec4bbab', 'f4a488eb-06b8-4556-b2ed-b8b5e1250b81', 'b305aaea-c0db-4177-b198-b359e0717b10', '2213884b-e6f2-4a33-abd1-6e4771c468d7', '8da52607-9e41-41e4-8d5d-c4d10f653168', '2972e5b2-68fd-44e8-a1a6-650512f737c5', '2025-05-19 04:11:18.749849+00', 564.0000, '2025-05-18 23:11:18.772512+00', '2025-05-18 23:11:18.772512+00');
INSERT INTO public.sales VALUES ('6198461d-a34e-4394-a911-6311aad5a6cf', 'f4a488eb-06b8-4556-b2ed-b8b5e1250b81', 'b305aaea-c0db-4177-b198-b359e0717b10', '2213884b-e6f2-4a33-abd1-6e4771c468d7', '8da52607-9e41-41e4-8d5d-c4d10f653168', '2972e5b2-68fd-44e8-a1a6-650512f737c5', '2025-05-19 04:11:18.749872+00', 564.0000, '2025-05-18 23:11:18.776827+00', '2025-05-18 23:11:18.776827+00');
INSERT INTO public.sales VALUES ('0bc577fa-2786-4afb-ba43-61dc230e3e66', 'f4a488eb-06b8-4556-b2ed-b8b5e1250b81', 'b305aaea-c0db-4177-b198-b359e0717b10', '2213884b-e6f2-4a33-abd1-6e4771c468d7', '8da52607-9e41-41e4-8d5d-c4d10f653168', '2972e5b2-68fd-44e8-a1a6-650512f737c5', '2025-05-19 04:11:18.749901+00', 564.0000, '2025-05-18 23:11:18.783402+00', '2025-05-18 23:11:18.783402+00');
INSERT INTO public.sales VALUES ('117afb82-b300-46f6-9608-9591689ffac4', 'd76bb8df-d412-48e7-b0c8-7b2c8b980b03', '4901a17a-6698-459b-9f35-df18968da4ed', '2213884b-e6f2-4a33-abd1-6e4771c468d7', '8da52607-9e41-41e4-8d5d-c4d10f653168', '2972e5b2-68fd-44e8-a1a6-650512f737c5', '2025-05-19 04:11:19.363678+00', 564.0000, '2025-05-18 23:11:19.382096+00', '2025-05-18 23:11:19.382096+00');
INSERT INTO public.sales VALUES ('076f38ed-a501-47ec-b371-5be3c00968c4', 'd76bb8df-d412-48e7-b0c8-7b2c8b980b03', '4901a17a-6698-459b-9f35-df18968da4ed', '2213884b-e6f2-4a33-abd1-6e4771c468d7', '8da52607-9e41-41e4-8d5d-c4d10f653168', '2972e5b2-68fd-44e8-a1a6-650512f737c5', '2025-05-19 04:11:19.363696+00', 564.0000, '2025-05-18 23:11:19.38553+00', '2025-05-18 23:11:19.38553+00');
INSERT INTO public.sales VALUES ('e7f1c22f-ead7-47ff-9ddd-0d1859125a78', 'd76bb8df-d412-48e7-b0c8-7b2c8b980b03', '4901a17a-6698-459b-9f35-df18968da4ed', '2213884b-e6f2-4a33-abd1-6e4771c468d7', '8da52607-9e41-41e4-8d5d-c4d10f653168', '2972e5b2-68fd-44e8-a1a6-650512f737c5', '2025-05-19 04:11:19.363709+00', 564.0000, '2025-05-18 23:11:19.390946+00', '2025-05-18 23:11:19.390946+00');
INSERT INTO public.sales VALUES ('52b63c7f-c102-4e0c-bcef-6102f8863afa', 'd76bb8df-d412-48e7-b0c8-7b2c8b980b03', '4901a17a-6698-459b-9f35-df18968da4ed', '2213884b-e6f2-4a33-abd1-6e4771c468d7', '8da52607-9e41-41e4-8d5d-c4d10f653168', '2972e5b2-68fd-44e8-a1a6-650512f737c5', '2025-05-19 04:11:19.363728+00', 564.0000, '2025-05-18 23:11:19.396967+00', '2025-05-18 23:11:19.396967+00');
INSERT INTO public.sales VALUES ('d5c716bc-35a2-4e05-9657-cd322f65b102', '4a3e88a2-5dd5-4384-9073-659c9c599798', '01fe97d9-5ae4-4fb8-b840-ce135b74aea7', '2213884b-e6f2-4a33-abd1-6e4771c468d7', '8da52607-9e41-41e4-8d5d-c4d10f653168', '2972e5b2-68fd-44e8-a1a6-650512f737c5', '2025-05-19 04:11:20.035647+00', 564.0000, '2025-05-18 23:11:20.061343+00', '2025-05-18 23:11:20.061343+00');
INSERT INTO public.sales VALUES ('438f5fff-d53f-431b-a754-879deafca026', '4a3e88a2-5dd5-4384-9073-659c9c599798', '01fe97d9-5ae4-4fb8-b840-ce135b74aea7', '2213884b-e6f2-4a33-abd1-6e4771c468d7', '8da52607-9e41-41e4-8d5d-c4d10f653168', '2972e5b2-68fd-44e8-a1a6-650512f737c5', '2025-05-19 04:11:20.035677+00', 564.0000, '2025-05-18 23:11:20.067165+00', '2025-05-18 23:11:20.067165+00');
INSERT INTO public.sales VALUES ('497e0e34-c010-4f48-a900-2accf9a4231d', '31c489d6-39dd-495f-b7c0-20510ea20ef2', '416f5b85-f404-41c7-b9cc-7102816f29bf', '2213884b-e6f2-4a33-abd1-6e4771c468d7', '8da52607-9e41-41e4-8d5d-c4d10f653168', '2972e5b2-68fd-44e8-a1a6-650512f737c5', '2025-05-19 04:11:20.618909+00', 564.0000, '2025-05-18 23:11:20.644292+00', '2025-05-18 23:11:20.644292+00');
INSERT INTO public.sales VALUES ('f77fdae4-6e32-4a7a-8d03-39e44e26992a', '31c489d6-39dd-495f-b7c0-20510ea20ef2', '416f5b85-f404-41c7-b9cc-7102816f29bf', '2213884b-e6f2-4a33-abd1-6e4771c468d7', '8da52607-9e41-41e4-8d5d-c4d10f653168', '2972e5b2-68fd-44e8-a1a6-650512f737c5', '2025-05-19 04:11:20.618931+00', 564.0000, '2025-05-18 23:11:20.649259+00', '2025-05-18 23:11:20.649259+00');
INSERT INTO public.sales VALUES ('1f3ac8c8-5596-44a9-b40f-b310f50cbe44', '7852f050-e3ad-4da9-84ce-7bb4863506d9', '515b2dda-d600-4fd3-b3fc-b970cc0ee2c6', '2213884b-e6f2-4a33-abd1-6e4771c468d7', '8da52607-9e41-41e4-8d5d-c4d10f653168', '2972e5b2-68fd-44e8-a1a6-650512f737c5', '2025-05-19 04:11:21.209031+00', 564.0000, '2025-05-18 23:11:21.234657+00', '2025-05-18 23:11:21.234657+00');
INSERT INTO public.sales VALUES ('8e53609a-7a2e-40fc-89ec-b7559ee979c7', '7852f050-e3ad-4da9-84ce-7bb4863506d9', '515b2dda-d600-4fd3-b3fc-b970cc0ee2c6', '2213884b-e6f2-4a33-abd1-6e4771c468d7', '8da52607-9e41-41e4-8d5d-c4d10f653168', '2972e5b2-68fd-44e8-a1a6-650512f737c5', '2025-05-19 04:11:21.209048+00', 564.0000, '2025-05-18 23:11:21.240058+00', '2025-05-18 23:11:21.240058+00');
INSERT INTO public.sales VALUES ('1e5ffba3-d070-47d5-acf5-fdf3e2e44444', '2254d9c0-b5fe-4d47-b1f4-21dc6b0d1b12', '73be9779-c9c8-49c7-956c-f7201cc8bb56', '2213884b-e6f2-4a33-abd1-6e4771c468d7', '8da52607-9e41-41e4-8d5d-c4d10f653168', '2972e5b2-68fd-44e8-a1a6-650512f737c5', '2025-05-19 04:11:21.821908+00', 564.0000, '2025-05-18 23:11:21.839141+00', '2025-05-18 23:11:21.839141+00');
INSERT INTO public.sales VALUES ('b80dbb3c-8ac6-4756-b31a-0cd9f95cb54c', '2254d9c0-b5fe-4d47-b1f4-21dc6b0d1b12', '73be9779-c9c8-49c7-956c-f7201cc8bb56', '2213884b-e6f2-4a33-abd1-6e4771c468d7', '8da52607-9e41-41e4-8d5d-c4d10f653168', '2972e5b2-68fd-44e8-a1a6-650512f737c5', '2025-05-19 04:11:21.821955+00', 564.0000, '2025-05-18 23:11:21.843632+00', '2025-05-18 23:11:21.843632+00');
INSERT INTO public.sales VALUES ('e01c2a77-b7c8-4b94-8e51-78cbffdce154', '2254d9c0-b5fe-4d47-b1f4-21dc6b0d1b12', '73be9779-c9c8-49c7-956c-f7201cc8bb56', '2213884b-e6f2-4a33-abd1-6e4771c468d7', '8da52607-9e41-41e4-8d5d-c4d10f653168', '2972e5b2-68fd-44e8-a1a6-650512f737c5', '2025-05-19 04:11:21.821998+00', 564.0000, '2025-05-18 23:11:21.846633+00', '2025-05-18 23:11:21.846633+00');
INSERT INTO public.sales VALUES ('76697f49-44f9-4299-bec8-241209e930f6', '2254d9c0-b5fe-4d47-b1f4-21dc6b0d1b12', '73be9779-c9c8-49c7-956c-f7201cc8bb56', '2213884b-e6f2-4a33-abd1-6e4771c468d7', '8da52607-9e41-41e4-8d5d-c4d10f653168', '2972e5b2-68fd-44e8-a1a6-650512f737c5', '2025-05-19 04:11:21.822312+00', 564.0000, '2025-05-18 23:11:21.852634+00', '2025-05-18 23:11:21.852634+00');


--
-- Data for Name: sales_snapshot; Type: TABLE DATA; Schema: public; Owner: postgres
--

INSERT INTO public.sales_snapshot VALUES ('6be229ef-7f4c-4158-be9e-c0fe04ec386f', '2025-05-18 22:42:40.310475+00', 10, 5520.0000, 10.0000, 552.0000, 20, 1, 12.0000, 9.9000, 0.0000, 'batch-10', '2025-05-18 22:42:40.310475+00', '2025-05-18 22:42:40.310475+00');
INSERT INTO public.sales_snapshot VALUES ('6f90bc68-ccc2-443e-adb1-3d59ee3f8c1d', '2025-05-18 23:11:22.91473+00', 10, 61920.0000, 10.0000, 6192.0000, 120, 2, 12.0000, 19.8000, 0.0000, 'batch-10', '2025-05-18 23:11:22.91473+00', '2025-05-18 23:11:22.91473+00');


--
-- PostgreSQL database dump complete
--

